{"type":"FeatureCollection","features":[{"type":"Feature","properties":{"cd":"43111","sgis_cd":"33041","name":"상당구","full":"청주시 상당구","cx":127.5849,"cy":36.59213},"geometry":{"type":"Polygon","coordinates":[[[127.66759,36.72692],[127.66989,36.72506],[127.67198,36.72219],[127.67451,36.72126],[127.67548,36.72],[127.6774,36.71979],[127.67954,36.71761],[127.67955,36.71708],[127.68375,36.71734],[127.68453,36.71967],[127.68606,36.72066],[127.68689,36.72049],[127.68794,36.7195],[127.68779,36.71756],[127.68884,36.71556],[127.69269,36.71207],[127.69434,36.71198],[127.69567,36.71086],[127.6973,36.71026],[127.69984,36.71069],[127.70145,36.71024],[127.70279,36.70884],[127.70235,36.7069],[127.70291,36.70523],[127.70219,36.70378],[127.7034,36.70187],[127.70545,36.70048],[127.70693,36.70111],[127.70849,36.70033],[127.71125,36.69747],[127.71136,36.696],[127.71372,36.69522],[127.71289,36.69029],[127.71861,36.68827],[127.71904,36.6868],[127.72055,36.68618],[127.72354,36.68304],[127.7228,36.6817],[127.72318,36.68145],[127.72714,36.68252],[127.72631,36.68128],[127.72624,36.67938],[127.72556,36.67836],[127.72602,36.67751],[127.72497,36.67525],[127.72024,36.67203],[127.71924,36.67083],[127.71559,36.66916],[127.71554,36.66951],[127.71255,36.66771],[127.71264,36.66654],[127.71465,36.66537],[127.71265,36.6663],[127.7117,36.66423],[127.71039,36.66303],[127.71224,36.66042],[127.71191,36.65975],[127.71229,36.6572],[127.71091,36.65658],[127.70936,36.65404],[127.71121,36.65259],[127.71267,36.65033],[127.71553,36.65163],[127.71781,36.65133],[127.7191,36.65198],[127.72117,36.65124],[127.72337,36.6513],[127.7248,36.64958],[127.72419,36.64882],[127.72585,36.64468],[127.73147,36.64232],[127.73477,36.63965],[127.7381,36.64128],[127.73894,36.63961],[127.7377,36.63643],[127.74022,36.63494],[127.74066,36.63428],[127.74003,36.63315],[127.74099,36.63266],[127.74518,36.63224],[127.7436,36.63111],[127.74426,36.63038],[127.74427,36.62906],[127.74919,36.62612],[127.74908,36.62393],[127.74997,36.62564],[127.74948,36.62298],[127.75067,36.62275],[127.75025,36.62188],[127.75234,36.62154],[127.75667,36.6183],[127.76029,36.61661],[127.76462,36.61304],[127.76491,36.61063],[127.76571,36.61056],[127.76676,36.60931],[127.76687,36.60849],[127.76874,36.60642],[127.76869,36.6052],[127.76949,36.60399],[127.76875,36.60338],[127.76978,36.60117],[127.76953,36.59802],[127.7689,36.59758],[127.76927,36.59647],[127.76871,36.59565],[127.76877,36.59403],[127.76919,36.59382],[127.76645,36.59349],[127.76549,36.59189],[127.76472,36.59195],[127.76355,36.591],[127.76304,36.59127],[127.76132,36.5905],[127.7552,36.59008],[127.75204,36.58845],[127.74974,36.58659],[127.74586,36.58525],[127.74205,36.58818],[127.74156,36.58911],[127.74192,36.59024],[127.74103,36.59126],[127.73733,36.59262],[127.73676,36.59481],[127.73597,36.59571],[127.73701,36.59717],[127.73715,36.59933],[127.73648,36.60002],[127.73368,36.60017],[127.73111,36.60165],[127.72964,36.60169],[127.72874,36.60231],[127.72777,36.60178],[127.72644,36.59997],[127.72487,36.6015],[127.72289,36.6022],[127.72171,36.60184],[127.7202,36.60267],[127.71917,36.60199],[127.71599,36.60236],[127.71495,36.6018],[127.71381,36.60201],[127.71317,36.6012],[127.71315,36.5997],[127.71185,36.59908],[127.7114,36.59738],[127.70966,36.59605],[127.70558,36.59515],[127.70435,36.59419],[127.7032,36.59162],[127.70243,36.59113],[127.6978,36.58909],[127.69462,36.58849],[127.69368,36.58862],[127.69325,36.58926],[127.69191,36.58935],[127.68915,36.59066],[127.68894,36.59137],[127.68704,36.59206],[127.68401,36.59201],[127.68312,36.5924],[127.682,36.5918],[127.68053,36.59239],[127.68012,36.594],[127.6791,36.5945],[127.67884,36.59588],[127.67669,36.59669],[127.67542,36.59674],[127.67639,36.59666],[127.67416,36.59535],[127.67224,36.59571],[127.66862,36.59454],[127.66913,36.59678],[127.66851,36.59845],[127.66783,36.59957],[127.66589,36.6006],[127.66545,36.6024],[127.66064,36.60261],[127.65958,36.60127],[127.65561,36.60017],[127.654,36.60036],[127.65307,36.60131],[127.65238,36.60486],[127.64766,36.60545],[127.64626,36.60659],[127.64374,36.60523],[127.64052,36.60161],[127.63774,36.60029],[127.63568,36.60023],[127.63333,36.59809],[127.63254,36.59544],[127.63017,36.59362],[127.63063,36.59296],[127.63024,36.59179],[127.63188,36.58947],[127.63183,36.58892],[127.63056,36.58829],[127.63042,36.58649],[127.62854,36.586],[127.62692,36.58482],[127.62656,36.58499],[127.62405,36.58213],[127.62219,36.58106],[127.62207,36.5797],[127.62269,36.57876],[127.62237,36.57818],[127.62103,36.57858],[127.61777,36.57753],[127.61255,36.57133],[127.61237,36.57032],[127.6112,36.57007],[127.61164,36.56853],[127.61124,36.56679],[127.61312,36.56526],[127.61327,36.56395],[127.61541,36.56218],[127.61719,36.5595],[127.61431,36.5568],[127.61365,36.55501],[127.61383,36.5537],[127.61324,36.5535],[127.61236,36.55143],[127.61014,36.55094],[127.60861,36.55019],[127.60858,36.54973],[127.60431,36.54861],[127.60359,36.54791],[127.60144,36.54844],[127.59897,36.54832],[127.5961,36.54644],[127.59424,36.54628],[127.59185,36.54353],[127.58957,36.54331],[127.58788,36.54383],[127.58578,36.54329],[127.58516,36.54259],[127.58285,36.54168],[127.58085,36.54196],[127.58014,36.54072],[127.58036,36.53867],[127.57965,36.53819],[127.57952,36.53727],[127.57694,36.53759],[127.57184,36.53603],[127.5696,36.53458],[127.56871,36.53288],[127.56753,36.53254],[127.56663,36.53125],[127.56502,36.53057],[127.56533,36.52953],[127.56796,36.52691],[127.5686,36.52417],[127.56919,36.52368],[127.56943,36.52137],[127.57092,36.51852],[127.57217,36.51785],[127.57331,36.51645],[127.57266,36.5159],[127.57322,36.51159],[127.57274,36.51112],[127.57354,36.50841],[127.57283,36.50813],[127.57161,36.50555],[127.57064,36.50552],[127.5709,36.50431],[127.57004,36.50322],[127.57071,36.50085],[127.5702,36.49932],[127.57202,36.49643],[127.57217,36.49347],[127.57629,36.49141],[127.57679,36.49048],[127.57846,36.49026],[127.57583,36.48992],[127.57349,36.488],[127.5729,36.48658],[127.57032,36.48619],[127.5673,36.48428],[127.56658,36.48327],[127.56707,36.48164],[127.56469,36.48067],[127.56444,36.48],[127.56274,36.48024],[127.56075,36.47567],[127.55904,36.47499],[127.5597,36.47383],[127.55862,36.47206],[127.55617,36.47182],[127.55706,36.46997],[127.55658,36.4679],[127.55567,36.46738],[127.55528,36.46645],[127.55566,36.46574],[127.55293,36.46475],[127.55431,36.46364],[127.55365,36.46238],[127.55373,36.46094],[127.55295,36.45971],[127.55319,36.45915],[127.55148,36.45577],[127.55097,36.45516],[127.5492,36.45459],[127.54909,36.45374],[127.54805,36.45283],[127.54796,36.45169],[127.54714,36.45152],[127.54654,36.45042],[127.546,36.45037],[127.5453,36.44812],[127.54575,36.44627],[127.54389,36.44623],[127.53952,36.44476],[127.53927,36.44499],[127.53058,36.44183],[127.52869,36.44098],[127.51938,36.4348],[127.51665,36.43022],[127.51102,36.41031],[127.5095,36.40862],[127.50806,36.40827],[127.50448,36.40821],[127.50155,36.40866],[127.49963,36.4127],[127.49742,36.41536],[127.49694,36.41948],[127.49556,36.4231],[127.49335,36.42579],[127.49129,36.42953],[127.48993,36.43243],[127.48972,36.43412],[127.49349,36.44119],[127.49714,36.44472],[127.50348,36.44936],[127.50447,36.45183],[127.50379,36.45369],[127.50279,36.45551],[127.50059,36.4562],[127.49162,36.45335],[127.4869,36.45279],[127.48454,36.45293],[127.48211,36.45389],[127.47895,36.4565],[127.47758,36.45842],[127.47769,36.46052],[127.4794,36.46375],[127.48161,36.46641],[127.48329,36.47],[127.48454,36.47454],[127.48404,36.47662],[127.47949,36.47754],[127.47716,36.4805],[127.47641,36.48284],[127.47679,36.48385],[127.47578,36.48508],[127.47567,36.49023],[127.47294,36.4911],[127.47099,36.49058],[127.46744,36.49126],[127.467,36.49254],[127.46537,36.49347],[127.46401,36.4935],[127.46063,36.49523],[127.45859,36.4953],[127.45776,36.49591],[127.45665,36.49892],[127.45513,36.50034],[127.45375,36.501],[127.45245,36.50046],[127.44977,36.5005],[127.44987,36.50217],[127.44882,36.503],[127.44922,36.50412],[127.44891,36.50668],[127.44702,36.50871],[127.44714,36.51011],[127.44624,36.5104],[127.44526,36.51315],[127.44538,36.51491],[127.44835,36.51611],[127.4512,36.51664],[127.45406,36.5187],[127.45461,36.51974],[127.45348,36.52282],[127.4549,36.52401],[127.45566,36.52559],[127.45499,36.5291],[127.45513,36.53199],[127.45466,36.53372],[127.45292,36.53523],[127.45284,36.53699],[127.45359,36.5376],[127.45187,36.54022],[127.45197,36.54152],[127.44743,36.54176],[127.44711,36.54407],[127.44798,36.54721],[127.44714,36.54981],[127.4493,36.5489],[127.45065,36.54745],[127.45278,36.54738],[127.45457,36.5484],[127.45697,36.54897],[127.45898,36.54836],[127.46167,36.54698],[127.46241,36.54606],[127.46342,36.54594],[127.46495,36.54464],[127.46621,36.54447],[127.46646,36.54246],[127.4708,36.54283],[127.47317,36.54422],[127.47341,36.54482],[127.47707,36.54584],[127.47965,36.54767],[127.48079,36.54728],[127.48274,36.54744],[127.48399,36.54543],[127.485,36.5449],[127.48551,36.54561],[127.48521,36.5462],[127.48592,36.54645],[127.48635,36.54744],[127.48442,36.54918],[127.48394,36.55025],[127.48445,36.5512],[127.48413,36.55195],[127.48304,36.55306],[127.48223,36.55319],[127.48146,36.55477],[127.48027,36.55469],[127.47954,36.55723],[127.48073,36.5598],[127.4817,36.56049],[127.48177,36.56137],[127.47982,36.56214],[127.47835,36.56172],[127.478,36.56226],[127.47579,36.56284],[127.47203,36.56088],[127.46998,36.56155],[127.46886,36.56124],[127.46725,36.56208],[127.46703,36.56377],[127.46837,36.56646],[127.4677,36.56797],[127.46853,36.5735],[127.46913,36.57341],[127.47073,36.57491],[127.47069,36.57726],[127.47406,36.57874],[127.47411,36.58116],[127.47526,36.58084],[127.47855,36.58118],[127.47938,36.5819],[127.48007,36.58175],[127.48044,36.58267],[127.48263,36.58307],[127.48347,36.5826],[127.48488,36.58324],[127.4858,36.58318],[127.48562,36.58251],[127.4882,36.58194],[127.4896,36.58235],[127.49019,36.58313],[127.49112,36.58313],[127.49167,36.58256],[127.49256,36.58321],[127.4913,36.58466],[127.49892,36.58837],[127.49851,36.58894],[127.49962,36.58999],[127.49858,36.59216],[127.49876,36.59585],[127.49761,36.59364],[127.49632,36.59306],[127.49697,36.5948],[127.49662,36.59743],[127.4972,36.60075],[127.49707,36.60927],[127.49642,36.61152],[127.49672,36.6126],[127.49744,36.61312],[127.49675,36.61448],[127.49744,36.61506],[127.49509,36.61614],[127.49497,36.61563],[127.49404,36.61628],[127.49443,36.61654],[127.49389,36.61779],[127.49365,36.62344],[127.48355,36.62916],[127.48251,36.63092],[127.48236,36.63328],[127.48399,36.63457],[127.48462,36.6366],[127.48408,36.64227],[127.48353,36.64412],[127.48277,36.64483],[127.48821,36.64494],[127.48807,36.64634],[127.49284,36.64668],[127.49393,36.64783],[127.4986,36.64682],[127.49907,36.64724],[127.50095,36.64724],[127.50181,36.64832],[127.5051,36.65012],[127.50609,36.65003],[127.50957,36.65324],[127.51298,36.65296],[127.51339,36.65341],[127.51432,36.65325],[127.51571,36.65452],[127.51844,36.65488],[127.52421,36.65787],[127.52499,36.66019],[127.52649,36.66055],[127.5283,36.66262],[127.53158,36.66329],[127.53381,36.66464],[127.53271,36.66594],[127.53377,36.66666],[127.53383,36.66719],[127.53506,36.66774],[127.53598,36.66915],[127.53694,36.66954],[127.53776,36.66901],[127.53883,36.6694],[127.53972,36.66911],[127.54019,36.66948],[127.54224,36.66864],[127.54315,36.6687],[127.54577,36.67118],[127.54716,36.67151],[127.54863,36.67349],[127.54947,36.67296],[127.55272,36.67293],[127.55512,36.67397],[127.55889,36.67399],[127.56004,36.67523],[127.56311,36.67407],[127.56554,36.67458],[127.56581,36.67426],[127.56699,36.67437],[127.56951,36.67734],[127.57256,36.6776],[127.57373,36.67981],[127.57575,36.68125],[127.57675,36.68144],[127.57764,36.68305],[127.5792,36.6842],[127.5816,36.68464],[127.58218,36.68427],[127.5827,36.68463],[127.58588,36.68344],[127.58686,36.68534],[127.58831,36.6859],[127.58949,36.68727],[127.5911,36.68745],[127.59166,36.68809],[127.59065,36.69035],[127.59069,36.69162],[127.59458,36.69317],[127.59631,36.69587],[127.59747,36.6962],[127.59761,36.69731],[127.60056,36.69846],[127.602,36.69795],[127.60368,36.69802],[127.60546,36.69895],[127.61202,36.69965],[127.61343,36.70066],[127.61468,36.70259],[127.61478,36.70482],[127.61732,36.70724],[127.61905,36.7072],[127.623,36.70462],[127.62497,36.7063],[127.62584,36.70665],[127.62662,36.70641],[127.62737,36.70747],[127.62982,36.70727],[127.6329,36.7079],[127.63333,36.70883],[127.63522,36.70876],[127.63824,36.70797],[127.63896,36.70686],[127.64121,36.70566],[127.64131,36.70404],[127.6424,36.70262],[127.64423,36.70287],[127.64514,36.70214],[127.64776,36.70128],[127.65011,36.70209],[127.65119,36.70201],[127.65216,36.70305],[127.65484,36.7044],[127.65585,36.70655],[127.65904,36.70988],[127.65908,36.71126],[127.6613,36.71467],[127.66266,36.715],[127.66304,36.71614],[127.66213,36.7172],[127.66156,36.71936],[127.66213,36.7206],[127.66141,36.72229],[127.66221,36.72503],[127.66186,36.72575],[127.66273,36.72603],[127.66383,36.72762],[127.66451,36.72999],[127.66581,36.72973],[127.66759,36.72692]]]}},{"type":"Feature","properties":{"cd":"43112","sgis_cd":"33042","name":"서원구","full":"청주시 서원구","cx":127.43854,"cy":36.54756},"geometry":{"type":"Polygon","coordinates":[[[127.48258,36.64515],[127.48353,36.64412],[127.48408,36.64227],[127.48462,36.6366],[127.48399,36.63457],[127.48236,36.63328],[127.48251,36.63092],[127.48355,36.62916],[127.49365,36.62344],[127.49389,36.61779],[127.49443,36.61654],[127.49404,36.61628],[127.49497,36.61563],[127.49509,36.61614],[127.49744,36.61506],[127.49675,36.61448],[127.49744,36.61312],[127.49672,36.6126],[127.49642,36.61152],[127.49707,36.60927],[127.4972,36.60075],[127.49662,36.59743],[127.49697,36.5948],[127.49632,36.59306],[127.49761,36.59364],[127.49876,36.59585],[127.49858,36.59216],[127.49962,36.58999],[127.49851,36.58894],[127.49892,36.58837],[127.4913,36.58466],[127.49256,36.58321],[127.49167,36.58256],[127.49112,36.58313],[127.49019,36.58313],[127.4896,36.58235],[127.4882,36.58194],[127.48562,36.58251],[127.4858,36.58318],[127.48488,36.58324],[127.48347,36.5826],[127.48263,36.58307],[127.48044,36.58267],[127.48007,36.58175],[127.47938,36.5819],[127.47855,36.58118],[127.47526,36.58084],[127.47411,36.58116],[127.47406,36.57874],[127.47069,36.57726],[127.47073,36.57491],[127.46913,36.57341],[127.46853,36.5735],[127.4677,36.56797],[127.46837,36.56646],[127.46703,36.56377],[127.46725,36.56208],[127.46886,36.56124],[127.46998,36.56155],[127.47203,36.56088],[127.47579,36.56284],[127.478,36.56226],[127.47835,36.56172],[127.47982,36.56214],[127.48177,36.56137],[127.4817,36.56049],[127.48073,36.5598],[127.47954,36.55723],[127.48027,36.55469],[127.48146,36.55477],[127.48223,36.55319],[127.48304,36.55306],[127.48413,36.55195],[127.48445,36.5512],[127.48394,36.55025],[127.48442,36.54918],[127.48635,36.54744],[127.48592,36.54645],[127.48521,36.5462],[127.48551,36.54561],[127.485,36.5449],[127.48399,36.54543],[127.48274,36.54744],[127.48079,36.54728],[127.47965,36.54767],[127.47707,36.54584],[127.47341,36.54482],[127.47317,36.54422],[127.4708,36.54283],[127.46646,36.54246],[127.46621,36.54447],[127.46495,36.54464],[127.46342,36.54594],[127.46241,36.54606],[127.46167,36.54698],[127.45898,36.54836],[127.45697,36.54897],[127.45457,36.5484],[127.45278,36.54738],[127.45065,36.54745],[127.4493,36.5489],[127.44714,36.54981],[127.44798,36.54721],[127.44711,36.54407],[127.44743,36.54176],[127.45197,36.54152],[127.45187,36.54022],[127.45359,36.5376],[127.45284,36.53699],[127.45292,36.53523],[127.45466,36.53372],[127.45513,36.53199],[127.45499,36.5291],[127.45566,36.52559],[127.4549,36.52401],[127.45348,36.52282],[127.45461,36.51974],[127.45406,36.5187],[127.4512,36.51664],[127.44835,36.51611],[127.44538,36.51491],[127.44526,36.51315],[127.44624,36.5104],[127.44714,36.51011],[127.44702,36.50871],[127.44891,36.50668],[127.44922,36.50412],[127.44882,36.503],[127.44987,36.50217],[127.44977,36.5005],[127.45245,36.50046],[127.45375,36.501],[127.45513,36.50034],[127.45665,36.49892],[127.45776,36.49591],[127.45859,36.4953],[127.46063,36.49523],[127.46401,36.4935],[127.46537,36.49347],[127.467,36.49254],[127.46744,36.49126],[127.47099,36.49058],[127.47294,36.4911],[127.47567,36.49023],[127.47578,36.48508],[127.47679,36.48385],[127.47641,36.48284],[127.47679,36.48149],[127.47949,36.47754],[127.48045,36.47718],[127.47462,36.47583],[127.47015,36.47354],[127.46668,36.47007],[127.46378,36.46451],[127.46352,36.4603],[127.46256,36.45613],[127.45841,36.4523],[127.45476,36.45027],[127.45134,36.44925],[127.44716,36.4492],[127.44298,36.45094],[127.43744,36.45576],[127.43396,36.45578],[127.43402,36.45615],[127.43704,36.456],[127.43677,36.4564],[127.42745,36.45687],[127.41496,36.4547],[127.40797,36.45473],[127.4031,36.45532],[127.40091,36.45757],[127.39973,36.45754],[127.39997,36.46047],[127.39921,36.46268],[127.40139,36.46266],[127.40105,36.46735],[127.40204,36.4723],[127.40416,36.47657],[127.40415,36.48111],[127.40302,36.48548],[127.39612,36.49172],[127.39981,36.49335],[127.40432,36.49371],[127.40672,36.49479],[127.40983,36.49532],[127.41081,36.49775],[127.41034,36.49834],[127.40942,36.49844],[127.40788,36.50014],[127.409,36.50188],[127.40819,36.50212],[127.40758,36.50325],[127.40907,36.50664],[127.4085,36.50896],[127.40904,36.50975],[127.40743,36.5105],[127.40622,36.51178],[127.40495,36.51194],[127.40468,36.51267],[127.40535,36.51302],[127.40376,36.51738],[127.39763,36.52058],[127.39789,36.52135],[127.39937,36.52169],[127.40089,36.52267],[127.40149,36.52365],[127.40313,36.52333],[127.40433,36.52392],[127.40619,36.5238],[127.4068,36.52317],[127.40765,36.52308],[127.4086,36.52369],[127.40842,36.52718],[127.40798,36.52781],[127.40853,36.52883],[127.40562,36.5314],[127.40585,36.53298],[127.40501,36.53731],[127.40414,36.53792],[127.40325,36.53782],[127.40152,36.54149],[127.4002,36.54179],[127.39782,36.54022],[127.39234,36.54001],[127.39127,36.54054],[127.38898,36.54039],[127.38782,36.54115],[127.38508,36.54105],[127.38389,36.54153],[127.3835,36.54285],[127.38387,36.54548],[127.38267,36.54638],[127.38318,36.54787],[127.3817,36.54887],[127.37852,36.54981],[127.37843,36.5511],[127.37923,36.55259],[127.3781,36.55516],[127.37556,36.55786],[127.37359,36.55772],[127.37255,36.55972],[127.37649,36.56094],[127.3762,36.56156],[127.37799,36.56293],[127.37605,36.56441],[127.37204,36.56362],[127.37396,36.56524],[127.37689,36.56649],[127.37754,36.56783],[127.37713,36.56787],[127.37736,36.56911],[127.37926,36.57013],[127.38121,36.5731],[127.38415,36.57528],[127.38497,36.57649],[127.38672,36.57727],[127.38808,36.5826],[127.3896,36.58496],[127.39203,36.58584],[127.39494,36.58851],[127.39825,36.59072],[127.40052,36.59404],[127.40101,36.59604],[127.40627,36.59834],[127.40723,36.59991],[127.40724,36.60101],[127.41122,36.60386],[127.41161,36.60491],[127.41464,36.6067],[127.41601,36.60669],[127.41541,36.60603],[127.41542,36.60486],[127.41675,36.60455],[127.41653,36.60329],[127.4187,36.60237],[127.4184,36.60118],[127.41958,36.59922],[127.4191,36.59723],[127.41948,36.59661],[127.4216,36.59649],[127.42231,36.59747],[127.42431,36.59771],[127.42465,36.59838],[127.42673,36.59896],[127.42675,36.6004],[127.42765,36.59955],[127.43385,36.59864],[127.43441,36.60028],[127.43423,36.60153],[127.43332,36.60283],[127.43416,36.60397],[127.43423,36.60592],[127.43585,36.60642],[127.43662,36.60731],[127.43672,36.61065],[127.44058,36.61279],[127.44313,36.61542],[127.44479,36.61643],[127.44481,36.62014],[127.44326,36.62367],[127.44575,36.62467],[127.44991,36.62466],[127.45033,36.62997],[127.4531,36.63261],[127.4545,36.6326],[127.45621,36.63322],[127.45665,36.63799],[127.45877,36.63852],[127.45868,36.63763],[127.46026,36.63782],[127.46171,36.63937],[127.46364,36.6382],[127.46464,36.63845],[127.46545,36.63776],[127.4669,36.63776],[127.46694,36.63986],[127.46895,36.63986],[127.46924,36.64265],[127.47352,36.64269],[127.48085,36.64619],[127.48159,36.64486],[127.48128,36.64614],[127.48199,36.64663],[127.48248,36.64658],[127.48258,36.64515]]]}},{"type":"Feature","properties":{"cd":"43113","sgis_cd":"33043","name":"흥덕구","full":"청주시 흥덕구","cx":127.36922,"cy":36.64699},"geometry":{"type":"Polygon","coordinates":[[[127.31863,36.7243],[127.3202,36.72367],[127.32428,36.72369],[127.32494,36.72421],[127.32619,36.72425],[127.33008,36.72174],[127.33352,36.72122],[127.33948,36.71889],[127.35065,36.71892],[127.35235,36.71776],[127.35599,36.71726],[127.3588,36.71739],[127.3588,36.71784],[127.36265,36.71776],[127.36368,36.71667],[127.36535,36.71624],[127.36849,36.71448],[127.37473,36.7125],[127.37848,36.71329],[127.38162,36.71532],[127.38708,36.71765],[127.39019,36.71789],[127.39349,36.71757],[127.3947,36.7173],[127.39844,36.71494],[127.39957,36.71385],[127.40021,36.71235],[127.40595,36.71045],[127.40621,36.71012],[127.40538,36.70909],[127.40598,36.70876],[127.40743,36.7087],[127.4088,36.7101],[127.41072,36.71006],[127.41083,36.7088],[127.40876,36.70673],[127.40886,36.70552],[127.4212,36.69621],[127.42055,36.69565],[127.4232,36.69442],[127.42444,36.69207],[127.42586,36.69081],[127.42575,36.68918],[127.43146,36.68933],[127.43164,36.68463],[127.43314,36.68483],[127.43507,36.68374],[127.43702,36.68347],[127.44274,36.68485],[127.44664,36.68527],[127.44845,36.68423],[127.4491,36.68315],[127.4471,36.68169],[127.4483,36.6797],[127.44739,36.67754],[127.4476,36.6754],[127.44891,36.67489],[127.45626,36.67476],[127.4619,36.6705],[127.46875,36.66248],[127.47019,36.66249],[127.47119,36.66144],[127.47425,36.65587],[127.48185,36.64647],[127.48128,36.64611],[127.48159,36.64486],[127.48085,36.64619],[127.47352,36.64269],[127.46924,36.64265],[127.46895,36.63986],[127.46694,36.63986],[127.4669,36.63776],[127.46545,36.63776],[127.46464,36.63845],[127.46364,36.6382],[127.46171,36.63937],[127.46026,36.63782],[127.45868,36.63763],[127.45877,36.63852],[127.45665,36.63799],[127.45621,36.63322],[127.4545,36.6326],[127.4531,36.63261],[127.45033,36.62997],[127.44991,36.62466],[127.44575,36.62467],[127.44326,36.62367],[127.44481,36.62014],[127.44479,36.61643],[127.44313,36.61542],[127.44058,36.61279],[127.43672,36.61065],[127.43662,36.60731],[127.43585,36.60642],[127.43423,36.60592],[127.43416,36.60397],[127.43332,36.60283],[127.43423,36.60153],[127.43441,36.60028],[127.43385,36.59864],[127.42765,36.59955],[127.42675,36.6004],[127.42673,36.59896],[127.42465,36.59838],[127.42431,36.59771],[127.42231,36.59747],[127.4216,36.59649],[127.41948,36.59661],[127.4191,36.59723],[127.41958,36.59922],[127.4184,36.60118],[127.4187,36.60237],[127.41653,36.60329],[127.41675,36.60455],[127.41542,36.60486],[127.41541,36.60603],[127.41601,36.60669],[127.41485,36.60676],[127.41314,36.60599],[127.41161,36.60491],[127.41136,36.60397],[127.41001,36.60278],[127.40923,36.60266],[127.40724,36.60101],[127.40723,36.59991],[127.40627,36.59834],[127.40101,36.59604],[127.40052,36.59404],[127.39825,36.59072],[127.39494,36.58851],[127.39203,36.58584],[127.3896,36.58496],[127.38808,36.5826],[127.38672,36.57727],[127.38497,36.57649],[127.38415,36.57528],[127.38121,36.5731],[127.37926,36.57013],[127.37736,36.56911],[127.37713,36.56787],[127.36866,36.56637],[127.36802,36.56502],[127.3665,36.564],[127.36248,36.56445],[127.36148,36.56385],[127.36049,36.56228],[127.35765,36.56181],[127.35627,36.56168],[127.35488,36.56283],[127.35312,36.56223],[127.351,36.56221],[127.349,36.56381],[127.34785,36.56386],[127.34713,36.56445],[127.3445,36.564],[127.3434,36.56439],[127.3444,36.56411],[127.34418,36.56455],[127.34325,36.56465],[127.34235,36.56367],[127.34075,36.56365],[127.33781,36.56243],[127.33702,36.56284],[127.33659,36.56535],[127.33515,36.56809],[127.33655,36.56999],[127.33576,36.57106],[127.33251,36.57259],[127.33216,36.57417],[127.33125,36.57492],[127.32978,36.57487],[127.32658,36.57652],[127.32476,36.57902],[127.32526,36.57957],[127.32489,36.58026],[127.32163,36.58107],[127.32304,36.58191],[127.32144,36.58378],[127.3132,36.58287],[127.30577,36.583],[127.30387,36.5834],[127.30183,36.58533],[127.29982,36.58595],[127.29945,36.58688],[127.29986,36.58769],[127.30216,36.5888],[127.30484,36.59139],[127.30471,36.59581],[127.30655,36.59984],[127.30654,36.60139],[127.30495,36.60436],[127.30118,36.60766],[127.30013,36.60773],[127.30159,36.6093],[127.30118,36.61162],[127.30188,36.61104],[127.30181,36.61281],[127.30072,36.61291],[127.30014,36.6139],[127.30027,36.61645],[127.29933,36.61828],[127.29641,36.61898],[127.29591,36.6197],[127.2963,36.62424],[127.29251,36.62467],[127.29176,36.62562],[127.2907,36.63107],[127.29216,36.63564],[127.29079,36.63681],[127.28921,36.6369],[127.28723,36.63613],[127.28547,36.63386],[127.28228,36.6346],[127.27999,36.63422],[127.2794,36.63352],[127.2788,36.63519],[127.27716,36.63681],[127.27565,36.6398],[127.277,36.64187],[127.27951,36.6407],[127.28278,36.64229],[127.28161,36.64514],[127.28285,36.64696],[127.28363,36.64736],[127.28367,36.64871],[127.2841,36.64873],[127.2844,36.65],[127.28579,36.65007],[127.28649,36.65105],[127.28615,36.65168],[127.2868,36.6542],[127.2889,36.65675],[127.28869,36.6589],[127.28916,36.65933],[127.29294,36.65984],[127.29593,36.65957],[127.29726,36.66111],[127.29975,36.66219],[127.30101,36.66205],[127.30122,36.66408],[127.30231,36.66575],[127.3051,36.66757],[127.30486,36.66813],[127.30609,36.67225],[127.3052,36.67424],[127.30753,36.67831],[127.30762,36.68202],[127.30456,36.68413],[127.30441,36.68504],[127.30183,36.68573],[127.30082,36.68524],[127.29957,36.68593],[127.29667,36.68577],[127.29556,36.68662],[127.29214,36.68709],[127.28954,36.68819],[127.2886,36.68964],[127.28529,36.69067],[127.28567,36.69199],[127.28707,36.69271],[127.28949,36.69541],[127.29201,36.6973],[127.2933,36.69702],[127.29655,36.69765],[127.29748,36.69914],[127.30132,36.69998],[127.30839,36.7048],[127.30742,36.70589],[127.30765,36.70662],[127.30711,36.7079],[127.3061,36.70827],[127.3077,36.71337],[127.3089,36.71408],[127.3079,36.71566],[127.30843,36.71683],[127.30799,36.71813],[127.30874,36.72079],[127.31109,36.72385],[127.30925,36.7241],[127.30942,36.72455],[127.31242,36.72378],[127.31685,36.72439],[127.31801,36.72492],[127.31863,36.7243]]]}},{"type":"Feature","properties":{"cd":"43114","sgis_cd":"33044","name":"청원구","full":"청주시 청원구","cx":127.49134,"cy":36.72058},"geometry":{"type":"Polygon","coordinates":[[[127.56765,36.77404],[127.56737,36.77323],[127.56858,36.77185],[127.56933,36.77146],[127.57113,36.77166],[127.57164,36.77064],[127.57505,36.76738],[127.57681,36.76689],[127.57706,36.76637],[127.57907,36.767],[127.5796,36.76624],[127.58201,36.76505],[127.58364,36.76192],[127.58578,36.76189],[127.58737,36.76055],[127.58893,36.76061],[127.58838,36.75727],[127.58717,36.75543],[127.58855,36.75386],[127.59032,36.75312],[127.59076,36.74985],[127.59018,36.74864],[127.59082,36.7476],[127.59256,36.74643],[127.59343,36.74638],[127.59395,36.74573],[127.59536,36.74536],[127.59599,36.74465],[127.59829,36.74422],[127.60047,36.74576],[127.60289,36.74561],[127.60315,36.74597],[127.60433,36.74542],[127.60486,36.74404],[127.60607,36.74343],[127.60665,36.74205],[127.60645,36.74022],[127.60814,36.73975],[127.60799,36.73846],[127.60869,36.73791],[127.6083,36.73704],[127.6087,36.73632],[127.61056,36.73527],[127.61004,36.73346],[127.61034,36.73226],[127.60937,36.73037],[127.6114,36.72922],[127.61087,36.72813],[127.61125,36.7275],[127.61382,36.72648],[127.61521,36.7232],[127.61484,36.72216],[127.61562,36.72049],[127.61543,36.71867],[127.618,36.71736],[127.61885,36.71633],[127.61871,36.71316],[127.618,36.71156],[127.61839,36.70931],[127.61793,36.70735],[127.61478,36.70482],[127.61468,36.70259],[127.61343,36.70066],[127.61202,36.69965],[127.60546,36.69895],[127.60368,36.69802],[127.602,36.69795],[127.60056,36.69846],[127.59761,36.69731],[127.59747,36.6962],[127.59631,36.69587],[127.59458,36.69317],[127.59069,36.69162],[127.59065,36.69035],[127.59166,36.68809],[127.5911,36.68745],[127.58949,36.68727],[127.58831,36.6859],[127.58686,36.68534],[127.58588,36.68344],[127.5827,36.68463],[127.58218,36.68427],[127.5816,36.68464],[127.5792,36.6842],[127.57764,36.68305],[127.57675,36.68144],[127.57575,36.68125],[127.57373,36.67981],[127.57256,36.6776],[127.56951,36.67734],[127.56699,36.67437],[127.56581,36.67426],[127.56554,36.67458],[127.56311,36.67407],[127.56004,36.67523],[127.55889,36.67399],[127.55512,36.67397],[127.55272,36.67293],[127.54947,36.67296],[127.54863,36.67349],[127.54716,36.67151],[127.54577,36.67118],[127.54315,36.6687],[127.54224,36.66864],[127.54019,36.66948],[127.53972,36.66911],[127.53883,36.6694],[127.53776,36.66901],[127.53694,36.66954],[127.53598,36.66915],[127.53506,36.66774],[127.53383,36.66719],[127.53377,36.66666],[127.53271,36.66594],[127.53381,36.66464],[127.53158,36.66329],[127.5283,36.66262],[127.52649,36.66055],[127.52499,36.66019],[127.52421,36.65787],[127.51844,36.65488],[127.51571,36.65452],[127.51432,36.65325],[127.51339,36.65341],[127.51293,36.65295],[127.50957,36.65324],[127.50609,36.65003],[127.5051,36.65012],[127.50181,36.64832],[127.50095,36.64724],[127.49907,36.64724],[127.4986,36.64682],[127.49393,36.64783],[127.49284,36.64668],[127.48807,36.64634],[127.48821,36.64494],[127.48277,36.64483],[127.48248,36.64658],[127.48148,36.64684],[127.47425,36.65587],[127.47119,36.66144],[127.47019,36.66249],[127.46875,36.66248],[127.4624,36.67008],[127.45626,36.67476],[127.44891,36.67489],[127.4476,36.6754],[127.44739,36.67754],[127.4483,36.6797],[127.4471,36.68169],[127.4491,36.68315],[127.44845,36.68423],[127.44664,36.68527],[127.44274,36.68485],[127.43702,36.68347],[127.43507,36.68374],[127.43314,36.68483],[127.43164,36.68463],[127.43146,36.68933],[127.42575,36.68918],[127.42586,36.69081],[127.42444,36.69207],[127.4232,36.69442],[127.42055,36.69565],[127.4212,36.69621],[127.40886,36.70552],[127.40876,36.70673],[127.41083,36.7088],[127.41072,36.71006],[127.4088,36.7101],[127.40743,36.7087],[127.40598,36.70876],[127.40538,36.70909],[127.40621,36.71012],[127.40595,36.71045],[127.40021,36.71235],[127.39861,36.7148],[127.3947,36.7173],[127.39019,36.71789],[127.38708,36.71765],[127.38162,36.71532],[127.37848,36.71329],[127.37473,36.7125],[127.36849,36.71448],[127.36535,36.71624],[127.36368,36.71667],[127.36265,36.71776],[127.3588,36.71784],[127.3588,36.71739],[127.35599,36.71726],[127.35235,36.71776],[127.35065,36.71892],[127.33948,36.71889],[127.33352,36.72122],[127.33008,36.72174],[127.32619,36.72425],[127.32494,36.72421],[127.32428,36.72369],[127.3202,36.72367],[127.31801,36.7249],[127.32243,36.73071],[127.3252,36.73206],[127.32546,36.73367],[127.3283,36.73455],[127.32965,36.73437],[127.33065,36.73271],[127.33115,36.73284],[127.33335,36.7311],[127.33493,36.73132],[127.33689,36.72935],[127.3392,36.72973],[127.34,36.73152],[127.34135,36.73273],[127.34247,36.73283],[127.34229,36.73361],[127.34316,36.73569],[127.34151,36.73847],[127.34037,36.73892],[127.33989,36.7398],[127.33741,36.74011],[127.33712,36.74435],[127.3366,36.74435],[127.33644,36.745],[127.33431,36.74681],[127.33268,36.74681],[127.3324,36.74751],[127.33429,36.74887],[127.33551,36.75264],[127.33889,36.75259],[127.34099,36.75336],[127.34229,36.75318],[127.34392,36.75371],[127.34466,36.75335],[127.34653,36.75347],[127.34784,36.75293],[127.35036,36.75397],[127.35379,36.75466],[127.35417,36.75565],[127.35557,36.75602],[127.35614,36.75668],[127.35781,36.76097],[127.36008,36.75972],[127.36245,36.76108],[127.36379,36.76111],[127.3642,36.7615],[127.36644,36.76093],[127.36958,36.76158],[127.36987,36.76011],[127.3723,36.75793],[127.37486,36.75798],[127.37566,36.75854],[127.37924,36.75908],[127.37939,36.75846],[127.38188,36.75818],[127.38502,36.75964],[127.38637,36.75929],[127.38726,36.75714],[127.38788,36.75681],[127.38719,36.7558],[127.3883,36.75494],[127.38865,36.75349],[127.39111,36.75263],[127.39346,36.75268],[127.39338,36.75195],[127.39463,36.75117],[127.39456,36.74981],[127.39515,36.74882],[127.39581,36.74877],[127.39602,36.74793],[127.39907,36.74693],[127.40095,36.74728],[127.40129,36.74646],[127.40419,36.74485],[127.40479,36.74516],[127.40444,36.74603],[127.40559,36.74871],[127.4056,36.75026],[127.41137,36.75356],[127.4115,36.75507],[127.4108,36.75612],[127.4113,36.75585],[127.41221,36.75725],[127.41346,36.75735],[127.41585,36.75666],[127.41961,36.75768],[127.42144,36.75764],[127.42254,36.75844],[127.42446,36.75876],[127.42456,36.75771],[127.42694,36.75761],[127.427,36.75648],[127.42503,36.75593],[127.42478,36.75482],[127.42586,36.75223],[127.42675,36.75193],[127.42711,36.75081],[127.43008,36.75093],[127.43053,36.75168],[127.43204,36.75198],[127.43274,36.75146],[127.4357,36.75153],[127.43808,36.7533],[127.44135,36.75218],[127.44172,36.75026],[127.44372,36.74873],[127.44575,36.74968],[127.44719,36.74886],[127.45095,36.74942],[127.44945,36.75372],[127.44861,36.75465],[127.44993,36.7562],[127.4499,36.75906],[127.4509,36.75998],[127.45095,36.761],[127.45692,36.76465],[127.45764,36.76571],[127.45844,36.76578],[127.46039,36.76991],[127.46174,36.77026],[127.46408,36.76969],[127.46585,36.76995],[127.46672,36.7695],[127.46736,36.76993],[127.47041,36.76882],[127.47373,36.77016],[127.47749,36.77305],[127.48115,36.7744],[127.4806,36.77549],[127.4818,36.776],[127.48353,36.77622],[127.4878,36.77542],[127.49044,36.7738],[127.49132,36.77413],[127.49114,36.7749],[127.49208,36.77643],[127.49422,36.77683],[127.49463,36.77788],[127.49711,36.78],[127.505,36.77948],[127.50865,36.77691],[127.50914,36.77429],[127.5103,36.77233],[127.50936,36.76954],[127.5076,36.76785],[127.50774,36.76719],[127.50902,36.76681],[127.51859,36.76934],[127.52534,36.76981],[127.53209,36.77082],[127.53553,36.77256],[127.54967,36.77548],[127.55528,36.77767],[127.5611,36.77862],[127.5648,36.78027],[127.56501,36.77939],[127.56598,36.77873],[127.56765,36.77404]]]}},{"type":"Feature","properties":{"cd":"43130","sgis_cd":"33020","name":"충주시","full":"충주시","cx":127.89566,"cy":37.01521},"geometry":{"type":"Polygon","coordinates":[[[127.74414,37.21123],[127.74426,37.20755],[127.74651,37.20033],[127.74785,37.20033],[127.74891,37.19676],[127.75013,37.19038],[127.7494,37.18956],[127.75104,37.18247],[127.75203,37.18196],[127.75553,37.17144],[127.76549,37.15914],[127.77093,37.15506],[127.77918,37.14967],[127.78732,37.14523],[127.78782,37.14424],[127.78952,37.14341],[127.79336,37.14574],[127.79548,37.14525],[127.79767,37.14549],[127.80165,37.14427],[127.80694,37.14706],[127.80966,37.14708],[127.81159,37.14651],[127.81685,37.147],[127.8252,37.15224],[127.82719,37.15209],[127.82976,37.15266],[127.83741,37.15158],[127.83859,37.15214],[127.8474,37.15294],[127.85006,37.15417],[127.85127,37.15846],[127.85223,37.15992],[127.85323,37.16029],[127.85529,37.15996],[127.85529,37.15794],[127.85588,37.15647],[127.85923,37.15634],[127.8613,37.15535],[127.86181,37.15594],[127.86137,37.15922],[127.86196,37.16104],[127.86419,37.16238],[127.86719,37.16229],[127.86959,37.16382],[127.87198,37.16434],[127.87506,37.16376],[127.87905,37.16179],[127.88016,37.16225],[127.88657,37.16107],[127.88838,37.15964],[127.89057,37.15921],[127.89146,37.15814],[127.89542,37.1561],[127.89889,37.1498],[127.90189,37.1522],[127.9019,37.1532],[127.90387,37.15696],[127.90403,37.15874],[127.90346,37.16004],[127.90618,37.16173],[127.90715,37.16523],[127.90863,37.16712],[127.91141,37.16753],[127.91355,37.16856],[127.91504,37.16888],[127.9208,37.16587],[127.92384,37.16363],[127.92633,37.16553],[127.92777,37.16421],[127.92961,37.16443],[127.93168,37.16368],[127.93313,37.16412],[127.93403,37.16333],[127.93735,37.16399],[127.9393,37.16391],[127.94265,37.16188],[127.94742,37.16262],[127.95016,37.16154],[127.95222,37.16225],[127.95439,37.16212],[127.95505,37.16145],[127.95957,37.16066],[127.95964,37.15966],[127.96037,37.15896],[127.96359,37.15769],[127.96538,37.15797],[127.96554,37.15752],[127.96832,37.1562],[127.96821,37.15488],[127.96981,37.15154],[127.97116,37.15068],[127.97108,37.14922],[127.97177,37.14809],[127.97162,37.14603],[127.97038,37.14317],[127.9706,37.14215],[127.97097,37.14178],[127.97369,37.14156],[127.9749,37.14218],[127.97536,37.14162],[127.97746,37.14104],[127.97874,37.1383],[127.98066,37.13605],[127.98164,37.13253],[127.9826,37.13119],[127.98596,37.13156],[127.98663,37.13121],[127.98711,37.12891],[127.98534,37.12671],[127.98509,37.12506],[127.98525,37.12423],[127.9862,37.12342],[127.98603,37.12035],[127.9847,37.11818],[127.9853,37.11642],[127.9849,37.11498],[127.98565,37.11333],[127.98539,37.11244],[127.98714,37.11098],[127.99142,37.11077],[127.99311,37.11011],[127.9942,37.10902],[127.99562,37.10995],[127.99918,37.10822],[128.00152,37.10044],[128.00387,37.09845],[128.00505,37.09889],[128.00698,37.09888],[128.00969,37.09854],[128.01068,37.09797],[128.01313,37.09816],[128.01151,37.09955],[128.01159,37.10071],[128.01093,37.10173],[128.01229,37.10324],[128.01255,37.10485],[128.01194,37.10625],[128.01206,37.10764],[128.01342,37.11053],[128.01556,37.11123],[128.0179,37.11423],[128.01991,37.1179],[128.02168,37.11658],[128.02382,37.11573],[128.03342,37.11397],[128.03716,37.11191],[128.03965,37.11248],[128.04372,37.11561],[128.04526,37.1157],[128.04613,37.11509],[128.04644,37.11189],[128.04849,37.10839],[128.048,37.10707],[128.04568,37.10639],[128.04552,37.10481],[128.05152,37.09925],[128.05269,37.09696],[128.05944,37.09764],[128.06168,37.09749],[128.0631,37.09667],[128.06323,37.09597],[128.05959,37.0915],[128.05895,37.08945],[128.05928,37.08887],[128.06071,37.08843],[128.06067,37.08673],[128.06296,37.08713],[128.06684,37.08577],[128.0691,37.08641],[128.07024,37.08572],[128.07187,37.08575],[128.07343,37.08463],[128.0757,37.08434],[128.07705,37.0829],[128.07911,37.08232],[128.081,37.08007],[128.08203,37.07952],[128.08253,37.07808],[128.08525,37.07606],[128.08533,37.075],[128.08413,37.0741],[128.08279,37.07383],[128.08304,37.07234],[128.08206,37.07078],[128.084,37.0683],[128.08443,37.06702],[128.08579,37.06571],[128.08565,37.06415],[128.08473,37.06219],[128.08405,37.06179],[128.08414,37.06088],[128.08259,37.05904],[128.08377,37.05553],[128.0807,37.04842],[128.08208,37.04827],[128.08278,37.04764],[128.08278,37.04624],[128.08449,37.04443],[128.08448,37.04261],[128.0835,37.04205],[128.08346,37.03896],[128.08649,37.03587],[128.0888,37.03137],[128.08615,37.0282],[128.08762,37.0274],[128.08802,37.02561],[128.09005,37.02442],[128.09044,37.02333],[128.08767,37.02275],[128.08632,37.0216],[128.08558,37.02],[128.08748,37.01926],[128.08887,37.01795],[128.08759,37.01512],[128.08674,37.01439],[128.08635,37.01084],[128.081,37.00881],[128.07976,37.00743],[128.07972,37.00664],[128.07747,37.00634],[128.07651,37.00541],[128.07619,37.00348],[128.07644,37.00211],[128.07829,37.00083],[128.07888,36.99634],[128.0799,36.99622],[128.08024,36.99576],[128.08331,36.99585],[128.08402,36.99551],[128.08494,36.99042],[128.08574,36.9898],[128.09007,36.98951],[128.09025,36.98665],[128.09093,36.98555],[128.09118,36.98216],[128.09069,36.9795],[128.08647,36.96634],[128.08746,36.9613],[128.08693,36.95582],[128.08724,36.95433],[128.0866,36.95097],[128.08487,36.94774],[128.07512,36.95003],[128.06677,36.95502],[128.06442,36.95798],[128.0631,36.95882],[128.06073,36.95941],[128.06,36.96017],[128.05799,36.96014],[128.05444,36.95883],[128.04866,36.95628],[128.0483,36.9557],[128.04251,36.95446],[128.04035,36.95439],[128.04261,36.95325],[128.04315,36.95096],[128.04281,36.94874],[128.04177,36.94873],[128.04238,36.94155],[128.04303,36.93967],[128.04581,36.9372],[128.04858,36.93566],[128.05583,36.93335],[128.05864,36.9318],[128.05995,36.92935],[128.06074,36.92305],[128.0625,36.91997],[128.07113,36.91507],[128.07272,36.91327],[128.07225,36.91101],[128.06966,36.91149],[128.06627,36.90942],[128.06812,36.90503],[128.0668,36.90369],[128.06646,36.90191],[128.06644,36.90013],[128.06716,36.89895],[128.06546,36.89665],[128.06631,36.89387],[128.06017,36.88886],[128.05908,36.88748],[128.06065,36.88634],[128.0605,36.88504],[128.05543,36.88256],[128.05491,36.88013],[128.05303,36.87866],[128.05266,36.87641],[128.05093,36.87219],[128.04552,36.8705],[128.04488,36.86914],[128.04484,36.86696],[128.04354,36.8651],[128.04444,36.86354],[128.04401,36.86252],[128.04254,36.86112],[128.03858,36.8598],[128.03559,36.85503],[128.03684,36.85174],[128.03821,36.85172],[128.03966,36.8503],[128.04179,36.84962],[128.04358,36.84845],[128.04635,36.84786],[128.05077,36.84593],[128.05267,36.84572],[128.05523,36.84438],[128.05813,36.84378],[128.05881,36.8395],[128.06051,36.83827],[128.06195,36.83792],[128.06269,36.83812],[128.06624,36.84282],[128.06881,36.8453],[128.07978,36.84898],[128.08401,36.84952],[128.08713,36.85153],[128.08914,36.84997],[128.09143,36.84917],[128.09193,36.84603],[128.0929,36.84503],[128.09289,36.84379],[128.09376,36.84271],[128.09457,36.83788],[128.09392,36.83686],[128.09478,36.8353],[128.09693,36.83447],[128.09759,36.83351],[128.10057,36.83327],[128.10234,36.83218],[128.10486,36.83173],[128.10715,36.83062],[128.1107,36.83015],[128.11296,36.83048],[128.11522,36.83168],[128.11773,36.83209],[128.12216,36.83386],[128.12654,36.83396],[128.13068,36.83248],[128.13357,36.83279],[128.13397,36.82844],[128.12988,36.82515],[128.12893,36.8248],[128.12634,36.825],[128.12266,36.82327],[128.11902,36.82304],[128.11845,36.82149],[128.11291,36.82101],[128.10987,36.82147],[128.10925,36.8162],[128.10982,36.81577],[128.10827,36.81351],[128.10818,36.81044],[128.10708,36.80731],[128.10585,36.80595],[128.10195,36.80629],[128.09943,36.8051],[128.09768,36.80484],[128.09625,36.80373],[128.09537,36.80398],[128.09296,36.80287],[128.09349,36.79678],[128.09007,36.79663],[128.08384,36.7993],[128.08386,36.80223],[128.08505,36.80312],[128.08538,36.8042],[128.08267,36.80683],[128.0785,36.809],[128.07717,36.81098],[128.07561,36.81162],[128.0718,36.81455],[128.07067,36.81455],[128.06736,36.81677],[128.0642,36.81744],[128.06345,36.81696],[128.06108,36.81716],[128.05923,36.81639],[128.05683,36.81717],[128.05467,36.81905],[128.05252,36.81868],[128.05148,36.819],[128.04897,36.82149],[128.04724,36.82222],[128.04223,36.8206],[128.03902,36.8214],[128.03638,36.82461],[128.03547,36.82495],[128.03022,36.82533],[128.02859,36.82488],[128.02404,36.82599],[128.02302,36.82477],[128.02386,36.8232],[128.0232,36.82229],[128.02217,36.81739],[128.02399,36.81526],[128.02303,36.81312],[128.02171,36.81193],[128.02113,36.81028],[128.01817,36.80827],[128.01662,36.80789],[128.01367,36.80876],[128.01239,36.80801],[128.01159,36.80679],[128.00367,36.81058],[128.00204,36.81041],[128.00015,36.81117],[127.99779,36.81295],[127.99259,36.81267],[127.98664,36.81573],[127.98529,36.8161],[127.98241,36.81598],[127.9831,36.81787],[127.98175,36.82027],[127.98239,36.82198],[127.98185,36.82343],[127.976,36.8237],[127.97239,36.82547],[127.9717,36.82635],[127.97159,36.82806],[127.9731,36.82979],[127.97445,36.8332],[127.97716,36.83615],[127.97567,36.83813],[127.97434,36.84208],[127.97368,36.84204],[127.97225,36.84319],[127.97128,36.84495],[127.97028,36.84527],[127.97038,36.84753],[127.9669,36.85094],[127.96788,36.85311],[127.96807,36.85533],[127.96892,36.85672],[127.96791,36.85768],[127.96937,36.85934],[127.96269,36.86163],[127.96064,36.86513],[127.95726,36.86736],[127.95668,36.86843],[127.95401,36.86929],[127.94992,36.87227],[127.94842,36.87279],[127.94651,36.87237],[127.94546,36.8735],[127.94513,36.87491],[127.94788,36.87749],[127.94767,36.8785],[127.94941,36.88287],[127.9519,36.88473],[127.95126,36.88623],[127.94595,36.8881],[127.94006,36.88774],[127.93749,36.88844],[127.9352,36.88779],[127.93668,36.8889],[127.93377,36.88741],[127.93038,36.88797],[127.92922,36.88613],[127.92746,36.88549],[127.92699,36.88459],[127.92429,36.88291],[127.9198,36.88132],[127.91773,36.88106],[127.9152,36.88312],[127.91369,36.88567],[127.91003,36.88651],[127.90925,36.88582],[127.90845,36.88585],[127.90449,36.88722],[127.90358,36.88794],[127.90365,36.89201],[127.90318,36.89355],[127.90068,36.8974],[127.89596,36.89295],[127.89392,36.89196],[127.88305,36.89016],[127.8815,36.89584],[127.8722,36.89559],[127.86786,36.89708],[127.86399,36.89622],[127.86086,36.89944],[127.85986,36.8998],[127.85834,36.90492],[127.85505,36.90724],[127.85284,36.908],[127.85244,36.90928],[127.84605,36.90925],[127.84375,36.91114],[127.84147,36.91121],[127.84054,36.91228],[127.83915,36.91259],[127.83792,36.91366],[127.83975,36.91583],[127.84209,36.9174],[127.83996,36.91983],[127.84087,36.92105],[127.8424,36.92168],[127.84182,36.92331],[127.8424,36.92387],[127.84244,36.9254],[127.84316,36.9266],[127.843,36.92771],[127.83985,36.93003],[127.83665,36.93049],[127.83538,36.92995],[127.83466,36.93202],[127.83356,36.93314],[127.83242,36.93346],[127.83181,36.93538],[127.8323,36.93694],[127.83345,36.9374],[127.83294,36.93985],[127.83159,36.94018],[127.83043,36.93983],[127.82942,36.94047],[127.82619,36.94041],[127.82581,36.94216],[127.82466,36.94196],[127.82406,36.9428],[127.82157,36.94344],[127.82106,36.94259],[127.82031,36.94246],[127.82022,36.94145],[127.81938,36.94107],[127.816,36.94127],[127.81497,36.94055],[127.81193,36.94074],[127.80944,36.93958],[127.80829,36.94106],[127.80715,36.94159],[127.80731,36.94424],[127.8066,36.94595],[127.79983,36.94752],[127.79856,36.94668],[127.79637,36.94671],[127.79494,36.94591],[127.79487,36.94407],[127.79378,36.94305],[127.7929,36.94293],[127.79339,36.94072],[127.79163,36.93866],[127.78711,36.93702],[127.78436,36.93772],[127.78274,36.93682],[127.78095,36.93487],[127.77895,36.93425],[127.77751,36.93432],[127.77558,36.93334],[127.77203,36.93506],[127.77176,36.93617],[127.77006,36.93678],[127.76908,36.93866],[127.76839,36.93877],[127.76681,36.94035],[127.76484,36.93978],[127.76378,36.94087],[127.76236,36.94407],[127.76077,36.94478],[127.76384,36.94634],[127.76257,36.94845],[127.75859,36.95125],[127.75812,36.9528],[127.7569,36.95338],[127.75636,36.95303],[127.75567,36.95414],[127.75579,36.95501],[127.75442,36.95486],[127.75296,36.95795],[127.7501,36.95582],[127.74898,36.95607],[127.74516,36.95555],[127.74458,36.95407],[127.74249,36.95348],[127.74116,36.95253],[127.73929,36.95238],[127.73672,36.9542],[127.7329,36.95366],[127.73232,36.95546],[127.73055,36.95686],[127.72996,36.95796],[127.72685,36.95905],[127.72545,36.95799],[127.72247,36.95936],[127.72206,36.95873],[127.71859,36.95895],[127.71804,36.95845],[127.71627,36.95841],[127.71452,36.96111],[127.71059,36.96256],[127.71012,36.96444],[127.70917,36.96485],[127.70726,36.96479],[127.70585,36.96579],[127.70402,36.9691],[127.70336,36.97135],[127.70378,36.97201],[127.70051,36.97381],[127.69754,36.97395],[127.69659,36.97462],[127.69449,36.97497],[127.69491,36.97651],[127.69413,36.97857],[127.68662,36.98147],[127.68737,36.98288],[127.68735,36.9845],[127.68632,36.98589],[127.68453,36.98607],[127.68236,36.98579],[127.68207,36.98538],[127.67626,36.98645],[127.675,36.98573],[127.67363,36.9861],[127.67214,36.98585],[127.67031,36.9878],[127.66875,36.98793],[127.66676,36.98669],[127.66555,36.9846],[127.66376,36.98376],[127.66491,36.98439],[127.66372,36.98332],[127.66507,36.98383],[127.66474,36.98299],[127.66524,36.98271],[127.66554,36.98348],[127.66594,36.98314],[127.66653,36.98401],[127.66737,36.9835],[127.66786,36.98396],[127.66855,36.98343],[127.66811,36.98241],[127.66865,36.98302],[127.66914,36.98271],[127.66915,36.98231],[127.66808,36.98198],[127.66899,36.9822],[127.66902,36.98185],[127.66722,36.98051],[127.66754,36.98019],[127.66708,36.97866],[127.66178,36.97738],[127.66118,36.97784],[127.65948,36.97795],[127.65588,36.97983],[127.65269,36.98265],[127.6511,36.9828],[127.65094,36.98384],[127.65369,36.98656],[127.65267,36.98823],[127.65255,36.99169],[127.65446,36.99455],[127.65323,36.99749],[127.65536,36.99966],[127.65562,37.00051],[127.65506,37.00139],[127.657,37.00216],[127.65741,37.003],[127.65906,37.00346],[127.66552,37.00307],[127.6652,37.00429],[127.66308,37.00432],[127.65986,37.0081],[127.6595,37.01021],[127.65729,37.01092],[127.65715,37.01215],[127.6561,37.0132],[127.65724,37.01415],[127.65629,37.01591],[127.657,37.01652],[127.65736,37.01818],[127.65938,37.0194],[127.66095,37.0215],[127.66462,37.02319],[127.66429,37.02508],[127.66483,37.02665],[127.66429,37.03057],[127.66745,37.0332],[127.66865,37.03328],[127.67025,37.03436],[127.67203,37.03467],[127.67157,37.03726],[127.67209,37.03802],[127.67198,37.0402],[127.67379,37.04096],[127.67694,37.04413],[127.67961,37.04456],[127.68155,37.04612],[127.68363,37.0464],[127.68565,37.04738],[127.68652,37.04805],[127.68643,37.04929],[127.68698,37.04996],[127.68986,37.05152],[127.69022,37.05256],[127.69116,37.05307],[127.69069,37.05444],[127.69101,37.05524],[127.69027,37.05627],[127.69055,37.05725],[127.68977,37.05842],[127.69017,37.06027],[127.68923,37.06171],[127.68953,37.06297],[127.68882,37.06566],[127.68908,37.06644],[127.68752,37.06829],[127.68649,37.07325],[127.68292,37.07591],[127.68352,37.07814],[127.68517,37.07913],[127.6866,37.08094],[127.69218,37.08133],[127.69234,37.08312],[127.69345,37.08556],[127.69591,37.0873],[127.69676,37.08947],[127.69934,37.09163],[127.70014,37.09553],[127.69802,37.09821],[127.69815,37.0994],[127.6987,37.09979],[127.69993,37.09968],[127.70092,37.10299],[127.70459,37.10411],[127.70589,37.1052],[127.71013,37.10559],[127.71266,37.10636],[127.71258,37.10748],[127.71332,37.10905],[127.71487,37.10998],[127.71727,37.1096],[127.71774,37.11041],[127.72111,37.11108],[127.72109,37.11232],[127.72282,37.11477],[127.72287,37.11592],[127.72208,37.11655],[127.72214,37.12082],[127.72054,37.12306],[127.71823,37.12495],[127.71676,37.12548],[127.71464,37.12556],[127.71202,37.12777],[127.7119,37.12882],[127.71009,37.13112],[127.71097,37.13247],[127.70961,37.13569],[127.70637,37.13709],[127.70528,37.1369],[127.70314,37.13767],[127.70027,37.13779],[127.69688,37.13927],[127.69454,37.14126],[127.69409,37.1456],[127.695,37.14696],[127.6945,37.14883],[127.6952,37.15124],[127.69624,37.15212],[127.69846,37.1526],[127.70057,37.15365],[127.70427,37.15764],[127.70402,37.15873],[127.70489,37.16066],[127.70432,37.16117],[127.70482,37.16268],[127.70485,37.16752],[127.70675,37.17069],[127.70837,37.17077],[127.70965,37.17219],[127.70965,37.17329],[127.71081,37.17509],[127.71038,37.17573],[127.71111,37.17662],[127.71234,37.1768],[127.71302,37.1783],[127.71391,37.17845],[127.71479,37.18024],[127.71452,37.18113],[127.71599,37.1818],[127.71691,37.18343],[127.71764,37.18383],[127.72152,37.18306],[127.7228,37.18157],[127.72641,37.18254],[127.72663,37.18415],[127.72733,37.18473],[127.72791,37.18765],[127.7283,37.18773],[127.72768,37.18933],[127.72836,37.19179],[127.73004,37.19296],[127.73076,37.19415],[127.73046,37.19481],[127.7325,37.1958],[127.73284,37.19879],[127.73221,37.19987],[127.7326,37.20055],[127.73218,37.20137],[127.73352,37.20196],[127.73443,37.20315],[127.73557,37.20553],[127.73526,37.20807],[127.73588,37.20832],[127.73674,37.21019],[127.74045,37.21199],[127.74179,37.21218],[127.74412,37.21486],[127.74483,37.21304],[127.74414,37.21123]]]}},{"type":"Feature","properties":{"cd":"43150","sgis_cd":"33030","name":"제천시","full":"제천시","cx":128.14097,"cy":37.05993},"geometry":{"type":"Polygon","coordinates":[[[127.9814,37.25688],[127.98261,37.25686],[127.98317,37.25744],[127.98546,37.25813],[127.98695,37.25784],[127.99031,37.25551],[127.99278,37.25483],[127.99424,37.25357],[127.99537,37.25431],[127.999,37.25486],[128.0004,37.25344],[128.00127,37.25361],[128.00565,37.25232],[128.00796,37.25213],[128.009,37.25065],[128.01084,37.25003],[128.01259,37.24769],[128.01392,37.24704],[128.01659,37.2469],[128.01826,37.24572],[128.01922,37.24438],[128.01994,37.24137],[128.01992,37.23657],[128.0211,37.2303],[128.02301,37.22563],[128.02583,37.22597],[128.02672,37.22509],[128.03213,37.2238],[128.03205,37.22135],[128.03284,37.22013],[128.03343,37.21952],[128.03607,37.21861],[128.03876,37.21603],[128.03889,37.21471],[128.0371,37.21339],[128.03688,37.21275],[128.03308,37.2108],[128.03278,37.20871],[128.03054,37.20703],[128.02953,37.20367],[128.02836,37.20304],[128.0283,37.20233],[128.03162,37.19934],[128.03223,37.19803],[128.03221,37.19388],[128.03265,37.19312],[128.03489,37.19056],[128.03721,37.18928],[128.04107,37.18899],[128.04378,37.19089],[128.04703,37.18964],[128.04981,37.18958],[128.05182,37.19091],[128.05473,37.19152],[128.0572,37.19304],[128.06047,37.19409],[128.06289,37.19282],[128.06577,37.1939],[128.07003,37.19449],[128.07202,37.19449],[128.07392,37.19311],[128.07648,37.19389],[128.07754,37.1937],[128.08565,37.19703],[128.08827,37.19941],[128.09257,37.19928],[128.09506,37.19992],[128.09541,37.20045],[128.09646,37.20051],[128.09926,37.20187],[128.10034,37.2018],[128.10505,37.20377],[128.10634,37.20486],[128.1088,37.20572],[128.10935,37.20661],[128.11168,37.20786],[128.11182,37.20893],[128.11115,37.21015],[128.11417,37.21305],[128.11427,37.21526],[128.11521,37.21664],[128.11478,37.21842],[128.11551,37.22027],[128.11844,37.22284],[128.12236,37.22521],[128.1208,37.2273],[128.12151,37.22933],[128.1233,37.23096],[128.12533,37.23454],[128.12761,37.23423],[128.12799,37.2336],[128.12957,37.23375],[128.1329,37.22979],[128.13844,37.22997],[128.14055,37.22954],[128.14204,37.2286],[128.14232,37.22433],[128.14561,37.22184],[128.14689,37.22232],[128.1488,37.22068],[128.15087,37.22073],[128.15254,37.21744],[128.15416,37.21586],[128.15802,37.21631],[128.16146,37.2154],[128.16296,37.21385],[128.16449,37.21346],[128.16706,37.2148],[128.16966,37.21781],[128.17213,37.21803],[128.17307,37.21907],[128.17253,37.22494],[128.17605,37.22835],[128.17362,37.23101],[128.1741,37.2326],[128.1771,37.23393],[128.17823,37.23554],[128.1842,37.23828],[128.19317,37.24524],[128.19466,37.24574],[128.19659,37.24574],[128.2002,37.24724],[128.20117,37.24897],[128.2078,37.24882],[128.21024,37.24579],[128.21202,37.24536],[128.21464,37.24607],[128.21478,37.24184],[128.22031,37.2403],[128.22435,37.23294],[128.22623,37.23283],[128.22718,37.23122],[128.22863,37.23018],[128.22849,37.22803],[128.22925,37.22757],[128.23303,37.22701],[128.23369,37.22754],[128.23446,37.22734],[128.23566,37.22864],[128.23742,37.22932],[128.23758,37.22888],[128.23912,37.22907],[128.24039,37.22844],[128.24092,37.22744],[128.24373,37.22701],[128.24431,37.22654],[128.24813,37.22895],[128.25022,37.22975],[128.25093,37.22958],[128.25193,37.22822],[128.25265,37.22797],[128.25263,37.22714],[128.25393,37.22595],[128.25395,37.22507],[128.25712,37.22241],[128.25625,37.22187],[128.2552,37.22215],[128.25535,37.22184],[128.256,37.22145],[128.25722,37.22195],[128.25797,37.22123],[128.25979,37.21641],[128.26169,37.21412],[128.26651,37.2106],[128.26704,37.20909],[128.2684,37.20792],[128.27286,37.20986],[128.27479,37.20965],[128.27854,37.21009],[128.28044,37.20942],[128.28252,37.21027],[128.28395,37.21018],[128.28465,37.21168],[128.28818,37.21507],[128.29128,37.21461],[128.29365,37.21594],[128.29468,37.21563],[128.29703,37.21633],[128.29998,37.21623],[128.30138,37.21689],[128.30914,37.21746],[128.31015,37.21927],[128.31404,37.22269],[128.31658,37.22339],[128.31631,37.22245],[128.31868,37.22165],[128.321,37.21936],[128.32383,37.21923],[128.32706,37.2168],[128.32897,37.21682],[128.32999,37.21623],[128.3334,37.21579],[128.33292,37.21454],[128.33056,37.21174],[128.32985,37.20965],[128.32988,37.2078],[128.32876,37.20607],[128.3287,37.20462],[128.32969,37.20319],[128.32964,37.20226],[128.32749,37.19959],[128.32746,37.1985],[128.32639,37.19729],[128.32492,37.197],[128.3247,37.19748],[128.32243,37.19835],[128.3215,37.19758],[128.32176,37.19555],[128.31881,37.19644],[128.31508,37.19676],[128.31506,37.19712],[128.31339,37.19677],[128.31285,37.19505],[128.3137,37.19333],[128.31299,37.19114],[128.3142,37.19],[128.3111,37.18984],[128.31048,37.18734],[128.30866,37.18747],[128.30841,37.18655],[128.30765,37.186],[128.30639,37.18626],[128.30599,37.18707],[128.30265,37.18662],[128.29992,37.18359],[128.29563,37.18329],[128.29606,37.17846],[128.2973,37.17615],[128.2973,37.17403],[128.29807,37.17166],[128.29587,37.17155],[128.28968,37.17015],[128.28782,37.1713],[128.28243,37.17179],[128.28112,37.1734],[128.27841,37.17214],[128.2763,37.17268],[128.27592,37.17106],[128.27366,37.16964],[128.2732,37.16835],[128.27071,37.16636],[128.27005,37.16488],[128.27039,37.16177],[128.26633,37.16127],[128.26444,37.16041],[128.26592,37.15787],[128.26621,37.15603],[128.26724,37.15603],[128.27059,37.15423],[128.27227,37.15116],[128.27226,37.14895],[128.27423,37.14696],[128.27672,37.14613],[128.27758,37.14415],[128.27993,37.14246],[128.28185,37.14306],[128.28469,37.14315],[128.28497,37.14237],[128.28889,37.14123],[128.29062,37.13985],[128.29268,37.13929],[128.2957,37.13603],[128.29611,37.13422],[128.29826,37.13422],[128.29964,37.13373],[128.30001,37.13204],[128.30109,37.13131],[128.30221,37.12953],[128.30345,37.12894],[128.30333,37.12199],[128.30419,37.1173],[128.30582,37.11551],[128.30838,37.11451],[128.30895,37.11191],[128.30842,37.10986],[128.3065,37.10897],[128.3057,37.10679],[128.30602,37.10514],[128.30383,37.10032],[128.30068,37.09853],[128.29998,37.09849],[128.29878,37.09942],[128.29786,37.09878],[128.29395,37.09807],[128.29259,37.09967],[128.29064,37.1009],[128.2871,37.10218],[128.28594,37.10548],[128.28211,37.10892],[128.28051,37.10812],[128.27928,37.10986],[128.27778,37.11077],[128.27869,37.11387],[128.2776,37.11581],[128.27451,37.11638],[128.27406,37.11702],[128.27304,37.11702],[128.27084,37.11589],[128.27019,37.11484],[128.27024,37.11271],[128.26857,37.1135],[128.26736,37.11354],[128.26734,37.1113],[128.26638,37.1099],[128.26693,37.10864],[128.2656,37.10781],[128.26448,37.1083],[128.26389,37.10788],[128.26326,37.10856],[128.26264,37.10801],[128.2632,37.10706],[128.25637,37.10146],[128.25637,37.10024],[128.25961,37.09913],[128.26152,37.09565],[128.26121,37.09366],[128.26234,37.0903],[128.26294,37.0903],[128.2645,37.08915],[128.26458,37.08804],[128.26594,37.08837],[128.26692,37.08744],[128.26895,37.08873],[128.26988,37.08836],[128.26954,37.08742],[128.26813,37.08718],[128.26625,37.08489],[128.2635,37.08372],[128.26139,37.08204],[128.26042,37.08194],[128.26014,37.08258],[128.25714,37.08279],[128.25521,37.08203],[128.2541,37.08023],[128.25278,37.07978],[128.25097,37.078],[128.25085,37.07611],[128.24925,37.07511],[128.24679,37.07692],[128.24413,37.07625],[128.23941,37.0736],[128.23828,37.07121],[128.23853,37.06781],[128.23681,37.06542],[128.23543,37.06484],[128.23325,37.06491],[128.23061,37.06323],[128.22537,37.06234],[128.22475,37.06032],[128.22497,37.05872],[128.22226,37.05778],[128.2219,37.05609],[128.22132,37.05558],[128.21784,37.05435],[128.21903,37.05312],[128.21887,37.05178],[128.22103,37.05004],[128.22014,37.04872],[128.22,37.04634],[128.21898,37.04585],[128.22083,37.042],[128.21999,37.0416],[128.21824,37.0395],[128.21712,37.03738],[128.22171,37.03597],[128.22443,37.0343],[128.22477,37.03319],[128.22409,37.03059],[128.22524,37.02809],[128.22505,37.02721],[128.22656,37.02613],[128.2266,37.02534],[128.22804,37.02448],[128.23276,37.02517],[128.23457,37.02487],[128.23748,37.02524],[128.2404,37.02413],[128.24172,37.02255],[128.24391,37.02108],[128.24438,37.01968],[128.24571,37.01829],[128.2459,37.01674],[128.2471,37.01507],[128.24833,37.0144],[128.24888,37.01263],[128.25054,37.0117],[128.25105,37.01061],[128.25397,37.00937],[128.2545,37.0083],[128.25402,37.00782],[128.25525,37.00714],[128.25607,37.00554],[128.25583,37.00475],[128.25732,37.00235],[128.25687,37.00204],[128.2576,37.00015],[128.25713,36.99893],[128.256,36.99803],[128.25391,36.99749],[128.25461,36.99646],[128.25677,36.99575],[128.25851,36.99333],[128.25778,36.99157],[128.25758,36.98845],[128.25584,36.9865],[128.25649,36.98484],[128.25702,36.98473],[128.25935,36.97864],[128.25989,36.97576],[128.25938,36.973],[128.25999,36.97276],[128.26047,36.97085],[128.26001,36.96846],[128.26231,36.96683],[128.26261,36.96601],[128.26198,36.96466],[128.26389,36.96355],[128.26513,36.96144],[128.26659,36.96078],[128.26189,36.95628],[128.25966,36.95485],[128.26158,36.9533],[128.2645,36.9523],[128.26458,36.95089],[128.26353,36.94949],[128.26275,36.94921],[128.263,36.94901],[128.26112,36.9493],[128.2598,36.94874],[128.25806,36.94724],[128.25581,36.94399],[128.25288,36.94269],[128.25112,36.94244],[128.24844,36.9444],[128.24737,36.94464],[128.24738,36.94381],[128.24626,36.94244],[128.24483,36.94186],[128.24541,36.94064],[128.24732,36.93924],[128.24703,36.93788],[128.24447,36.93677],[128.24146,36.93756],[128.24025,36.93559],[128.23871,36.93561],[128.23878,36.93478],[128.23635,36.93362],[128.23621,36.9307],[128.23557,36.9307],[128.2361,36.93059],[128.23654,36.92788],[128.23605,36.92533],[128.23658,36.9249],[128.23651,36.92325],[128.23726,36.92237],[128.23673,36.91661],[128.23798,36.91376],[128.24002,36.91341],[128.2423,36.91163],[128.2432,36.90848],[128.24383,36.9076],[128.24575,36.90691],[128.2462,36.90497],[128.24507,36.90037],[128.24515,36.89855],[128.24378,36.89628],[128.24425,36.89532],[128.24352,36.8926],[128.24381,36.89097],[128.24653,36.88855],[128.24727,36.88847],[128.25092,36.88473],[128.24756,36.88311],[128.24651,36.88151],[128.24481,36.88092],[128.24388,36.88004],[128.24252,36.87802],[128.24283,36.87345],[128.24036,36.87131],[128.24103,36.87021],[128.23967,36.86774],[128.2395,36.8651],[128.2372,36.86439],[128.23605,36.86332],[128.23466,36.86283],[128.23546,36.85891],[128.23453,36.85764],[128.2344,36.85468],[128.23624,36.85183],[128.23871,36.85019],[128.23684,36.8476],[128.23702,36.84535],[128.23013,36.84537],[128.22377,36.84671],[128.22039,36.84833],[128.21666,36.84929],[128.21254,36.84973],[128.21275,36.84918],[128.21076,36.84549],[128.21071,36.84243],[128.21111,36.84117],[128.21361,36.838],[128.21451,36.83485],[128.21434,36.83081],[128.21584,36.82787],[128.21639,36.82073],[128.21732,36.81937],[128.21634,36.81444],[128.21672,36.81325],[128.21537,36.812],[128.21186,36.81172],[128.20716,36.81243],[128.19367,36.81711],[128.18827,36.81628],[128.1848,36.81663],[128.17523,36.82084],[128.17132,36.8221],[128.16262,36.821],[128.15834,36.82232],[128.15534,36.822],[128.15313,36.82244],[128.15143,36.82324],[128.15068,36.82426],[128.14984,36.82758],[128.149,36.82863],[128.14422,36.83017],[128.14178,36.83333],[128.14107,36.83348],[128.13869,36.83278],[128.13464,36.83294],[128.13068,36.83248],[128.12654,36.83396],[128.12216,36.83386],[128.11773,36.83209],[128.11522,36.83168],[128.11296,36.83048],[128.1107,36.83015],[128.10715,36.83062],[128.10486,36.83173],[128.10234,36.83218],[128.10057,36.83327],[128.09759,36.83351],[128.09693,36.83447],[128.09478,36.8353],[128.09392,36.83686],[128.09457,36.83788],[128.09376,36.84271],[128.09289,36.84379],[128.0929,36.84503],[128.09193,36.84603],[128.09143,36.84917],[128.08914,36.84997],[128.08713,36.85153],[128.08401,36.84952],[128.07978,36.84898],[128.06881,36.8453],[128.06624,36.84282],[128.06269,36.83812],[128.06195,36.83792],[128.06051,36.83827],[128.05881,36.8395],[128.05813,36.84378],[128.05523,36.84438],[128.05267,36.84572],[128.05077,36.84593],[128.04635,36.84786],[128.04358,36.84845],[128.04179,36.84962],[128.03966,36.8503],[128.03821,36.85172],[128.03684,36.85174],[128.03559,36.85503],[128.03589,36.85588],[128.03858,36.8598],[128.04254,36.86112],[128.04401,36.86252],[128.04444,36.86354],[128.04354,36.8651],[128.04484,36.86696],[128.04488,36.86914],[128.04552,36.8705],[128.05093,36.87219],[128.05266,36.87641],[128.05303,36.87866],[128.05491,36.88013],[128.05543,36.88256],[128.0605,36.88504],[128.06065,36.88634],[128.05908,36.88748],[128.06017,36.88886],[128.06631,36.89387],[128.06546,36.89665],[128.06716,36.89895],[128.06644,36.90013],[128.06646,36.90191],[128.0668,36.90369],[128.06812,36.90503],[128.06627,36.90942],[128.06966,36.91149],[128.07225,36.91101],[128.07272,36.91327],[128.07113,36.91507],[128.0625,36.91997],[128.06074,36.92305],[128.05995,36.92935],[128.05864,36.9318],[128.05583,36.93335],[128.04858,36.93566],[128.04581,36.9372],[128.04303,36.93967],[128.04238,36.94155],[128.04177,36.94873],[128.04281,36.94874],[128.04315,36.95096],[128.04261,36.95325],[128.04035,36.95439],[128.04251,36.95446],[128.0483,36.9557],[128.04866,36.95628],[128.05444,36.95883],[128.05799,36.96014],[128.06,36.96017],[128.06073,36.95941],[128.0631,36.95882],[128.06442,36.95798],[128.06677,36.95502],[128.07512,36.95003],[128.08487,36.94774],[128.0866,36.95097],[128.08724,36.95433],[128.08693,36.95582],[128.08746,36.9613],[128.08647,36.96634],[128.09069,36.9795],[128.09118,36.98216],[128.09093,36.98555],[128.09025,36.98665],[128.09007,36.98951],[128.08574,36.9898],[128.08494,36.99042],[128.08402,36.99551],[128.08331,36.99585],[128.08024,36.99576],[128.0799,36.99622],[128.07888,36.99634],[128.07829,37.00083],[128.07644,37.00211],[128.07619,37.00348],[128.07651,37.00541],[128.07747,37.00634],[128.07972,37.00664],[128.07976,37.00743],[128.081,37.00881],[128.08635,37.01084],[128.08674,37.01439],[128.08759,37.01512],[128.08887,37.01795],[128.08748,37.01926],[128.08558,37.02],[128.08632,37.0216],[128.08767,37.02275],[128.09044,37.02333],[128.09005,37.02442],[128.08802,37.02561],[128.08762,37.0274],[128.08615,37.0282],[128.0888,37.03137],[128.08649,37.03587],[128.08346,37.03896],[128.0835,37.04205],[128.08448,37.04261],[128.08449,37.04443],[128.08278,37.04624],[128.08278,37.04764],[128.08208,37.04827],[128.0807,37.04842],[128.08377,37.05553],[128.08259,37.05904],[128.08548,37.06356],[128.08578,37.06558],[128.08206,37.07078],[128.08304,37.07234],[128.08279,37.07383],[128.08413,37.0741],[128.08533,37.075],[128.08531,37.07588],[128.08253,37.07808],[128.08203,37.07952],[128.081,37.08007],[128.07911,37.08232],[128.07705,37.0829],[128.0757,37.08434],[128.07343,37.08463],[128.07187,37.08575],[128.07024,37.08572],[128.0691,37.08641],[128.06684,37.08577],[128.06296,37.08713],[128.06067,37.08673],[128.06071,37.08843],[128.05928,37.08887],[128.05895,37.08945],[128.05959,37.0915],[128.06323,37.09597],[128.0631,37.09667],[128.06168,37.09749],[128.05944,37.09764],[128.05269,37.09696],[128.05152,37.09925],[128.04552,37.10481],[128.04568,37.10639],[128.048,37.10707],[128.04849,37.10839],[128.04644,37.11189],[128.04613,37.11509],[128.04526,37.1157],[128.04372,37.11561],[128.03965,37.11248],[128.03716,37.11191],[128.03342,37.11397],[128.02382,37.11573],[128.02168,37.11658],[128.01991,37.1179],[128.0179,37.11423],[128.01556,37.11123],[128.01342,37.11053],[128.01206,37.10764],[128.01194,37.10625],[128.01255,37.10485],[128.01229,37.10324],[128.01093,37.10173],[128.01159,37.10071],[128.01151,37.09955],[128.01313,37.09816],[128.01068,37.09797],[128.00969,37.09854],[128.00698,37.09888],[128.00505,37.09889],[128.00387,37.09845],[128.00152,37.10044],[127.99918,37.10822],[127.99562,37.10995],[127.9942,37.10902],[127.99311,37.11011],[127.99142,37.11077],[127.98714,37.11098],[127.98539,37.11244],[127.98565,37.11333],[127.9849,37.11498],[127.9853,37.11642],[127.9847,37.11818],[127.98603,37.12035],[127.9862,37.12342],[127.98525,37.12423],[127.98509,37.12506],[127.98534,37.12671],[127.98711,37.12891],[127.98663,37.13121],[127.98596,37.13156],[127.9826,37.13119],[127.98164,37.13253],[127.98066,37.13605],[127.97874,37.1383],[127.97746,37.14104],[127.97536,37.14162],[127.9749,37.14218],[127.97369,37.14156],[127.97097,37.14178],[127.9706,37.14215],[127.97038,37.14317],[127.97162,37.14603],[127.97177,37.14809],[127.97108,37.14922],[127.97116,37.15068],[127.96981,37.15154],[127.96821,37.15488],[127.96832,37.1562],[127.96554,37.15752],[127.96538,37.15797],[127.96359,37.15769],[127.96037,37.15896],[127.95964,37.15966],[127.95957,37.16066],[127.95505,37.16145],[127.95439,37.16212],[127.95222,37.16225],[127.95016,37.16154],[127.94742,37.16262],[127.94265,37.16188],[127.9393,37.16391],[127.93735,37.16399],[127.93403,37.16333],[127.93313,37.16412],[127.93168,37.16368],[127.92961,37.16443],[127.92777,37.16421],[127.92633,37.16553],[127.9273,37.16979],[127.93019,37.17151],[127.93171,37.17478],[127.93362,37.1758],[127.93284,37.17788],[127.93331,37.17931],[127.9326,37.18237],[127.934,37.18527],[127.93505,37.18563],[127.93587,37.18684],[127.93555,37.18786],[127.93626,37.18876],[127.93449,37.19038],[127.93297,37.19308],[127.93093,37.20113],[127.93153,37.20169],[127.93173,37.20498],[127.93258,37.20598],[127.93247,37.20699],[127.93065,37.21056],[127.92957,37.21168],[127.92729,37.21745],[127.9271,37.22016],[127.9235,37.22132],[127.92246,37.22215],[127.92158,37.22504],[127.92191,37.22584],[127.92661,37.2316],[127.9312,37.23416],[127.93889,37.24075],[127.94519,37.24056],[127.94694,37.24184],[127.94738,37.24419],[127.95268,37.24792],[127.95765,37.24981],[127.96454,37.25101],[127.96974,37.2557],[127.97192,37.25638],[127.97399,37.25631],[127.9799,37.25834],[127.9814,37.25688]]]}},{"type":"Feature","properties":{"cd":"43720","sgis_cd":"33520","name":"보은군","full":"보은군","cx":127.72933,"cy":36.48995},"geometry":{"type":"Polygon","coordinates":[[[127.79314,36.60856],[127.79428,36.60665],[127.79725,36.60438],[127.7985,36.60208],[127.79724,36.59956],[127.79724,36.59705],[127.79615,36.59526],[127.79658,36.59266],[127.79942,36.58953],[127.79958,36.58855],[127.79849,36.58727],[127.79847,36.58644],[127.80048,36.58615],[127.80061,36.58532],[127.80161,36.58449],[127.80298,36.58428],[127.80414,36.58347],[127.8049,36.58139],[127.80589,36.58147],[127.80808,36.58015],[127.80901,36.58039],[127.80923,36.57991],[127.81298,36.57952],[127.81535,36.57768],[127.8162,36.57808],[127.81681,36.5759],[127.81741,36.57591],[127.81819,36.57468],[127.82156,36.57309],[127.82448,36.5709],[127.82736,36.57152],[127.8277,36.57079],[127.83016,36.57428],[127.83421,36.57312],[127.83541,36.5722],[127.83611,36.57052],[127.83707,36.5701],[127.84262,36.57054],[127.84325,36.56898],[127.84483,36.56911],[127.84888,36.57091],[127.85236,36.57115],[127.85744,36.56956],[127.86043,36.56795],[127.86023,36.56592],[127.86457,36.56402],[127.86647,36.56042],[127.87032,36.55915],[127.87281,36.55298],[127.87299,36.55133],[127.87048,36.54282],[127.87441,36.54086],[127.87512,36.54001],[127.87597,36.53672],[127.87901,36.53471],[127.88334,36.53489],[127.88768,36.53349],[127.88872,36.53369],[127.89297,36.53052],[127.89452,36.53029],[127.89635,36.53119],[127.89896,36.53028],[127.89959,36.52936],[127.90247,36.52807],[127.90261,36.52746],[127.90145,36.5264],[127.90091,36.52502],[127.90112,36.52299],[127.90217,36.52071],[127.90107,36.51946],[127.90137,36.51871],[127.90339,36.51728],[127.90239,36.51307],[127.90401,36.50985],[127.90614,36.50802],[127.9061,36.50614],[127.90463,36.50402],[127.90133,36.50189],[127.90081,36.50002],[127.89761,36.49848],[127.89486,36.49835],[127.89285,36.49601],[127.89024,36.49486],[127.88872,36.49314],[127.8862,36.493],[127.88524,36.49363],[127.88047,36.49327],[127.87974,36.49129],[127.88036,36.48996],[127.87609,36.48837],[127.87552,36.48567],[127.87527,36.48316],[127.88062,36.48062],[127.88193,36.47776],[127.88238,36.47588],[127.88032,36.474],[127.88096,36.4723],[127.88022,36.47123],[127.88082,36.46851],[127.87837,36.46708],[127.88196,36.46184],[127.88071,36.46052],[127.87984,36.4582],[127.87898,36.45775],[127.87879,36.45513],[127.87969,36.45407],[127.87857,36.45237],[127.87832,36.45049],[127.87739,36.4494],[127.87477,36.44882],[127.87342,36.44539],[127.87376,36.44473],[127.87313,36.44225],[127.87261,36.44167],[127.87139,36.44157],[127.87142,36.44104],[127.87225,36.44078],[127.87424,36.43831],[127.87358,36.43765],[127.87335,36.43635],[127.87512,36.43286],[127.87478,36.43096],[127.87547,36.42967],[127.87545,36.42707],[127.8738,36.42616],[127.87299,36.42428],[127.87368,36.42385],[127.88272,36.42435],[127.88271,36.42217],[127.88228,36.42086],[127.88097,36.42004],[127.87907,36.41661],[127.87707,36.41572],[127.87569,36.41435],[127.87538,36.41131],[127.87469,36.41123],[127.87322,36.40955],[127.87367,36.40658],[127.87332,36.40611],[127.86951,36.40364],[127.8681,36.40364],[127.86734,36.40313],[127.86387,36.40304],[127.8643,36.40158],[127.86391,36.39978],[127.86526,36.39809],[127.86561,36.39559],[127.86632,36.39476],[127.86568,36.39419],[127.86301,36.39356],[127.86291,36.39297],[127.86464,36.39147],[127.86671,36.39162],[127.86855,36.3911],[127.87003,36.39158],[127.87153,36.39074],[127.87482,36.39104],[127.87572,36.39059],[127.87856,36.38643],[127.87825,36.38563],[127.8792,36.38335],[127.88083,36.38217],[127.8822,36.38205],[127.88416,36.38001],[127.88314,36.37736],[127.88365,36.37572],[127.8831,36.37417],[127.88202,36.37304],[127.88047,36.37238],[127.8799,36.37145],[127.8765,36.37163],[127.87499,36.37081],[127.87192,36.37213],[127.87049,36.37364],[127.86649,36.37308],[127.86413,36.37344],[127.86318,36.37428],[127.86122,36.37393],[127.85887,36.37416],[127.85636,36.37241],[127.85475,36.37245],[127.85321,36.3711],[127.85036,36.37193],[127.84848,36.37155],[127.84721,36.37198],[127.84188,36.37164],[127.84069,36.37236],[127.83722,36.37325],[127.83591,36.36929],[127.83494,36.36897],[127.83263,36.36915],[127.83159,36.37038],[127.83199,36.37325],[127.83164,36.37398],[127.83046,36.37429],[127.82859,36.37404],[127.82757,36.37547],[127.82439,36.377],[127.82399,36.37868],[127.82304,36.37906],[127.8228,36.37992],[127.81915,36.3809],[127.81856,36.38165],[127.81327,36.38175],[127.81034,36.38238],[127.80748,36.38202],[127.80061,36.38245],[127.79989,36.38371],[127.79742,36.38356],[127.79476,36.38467],[127.79404,36.38625],[127.79066,36.38899],[127.78559,36.38704],[127.78273,36.38731],[127.78138,36.38887],[127.7788,36.3888],[127.77741,36.38827],[127.77712,36.38753],[127.77583,36.38731],[127.77079,36.38748],[127.76563,36.38997],[127.76502,36.39122],[127.76239,36.39347],[127.76033,36.39105],[127.75691,36.39059],[127.75526,36.39108],[127.75402,36.39002],[127.75118,36.38903],[127.75091,36.38778],[127.7492,36.38768],[127.74803,36.38693],[127.74811,36.38598],[127.7467,36.38583],[127.74598,36.38633],[127.74292,36.38691],[127.74262,36.38767],[127.74029,36.38939],[127.73924,36.38942],[127.73738,36.39142],[127.73482,36.39251],[127.73372,36.39435],[127.73222,36.39122],[127.73145,36.39023],[127.73026,36.38988],[127.72791,36.39076],[127.727,36.39189],[127.72712,36.393],[127.72604,36.39331],[127.72573,36.39384],[127.72468,36.39347],[127.72202,36.39395],[127.71842,36.3963],[127.71687,36.39837],[127.71674,36.39937],[127.7144,36.40065],[127.71447,36.4017],[127.71396,36.40234],[127.71099,36.40356],[127.71051,36.40467],[127.7082,36.40653],[127.70831,36.40918],[127.71012,36.41204],[127.71043,36.41347],[127.71007,36.41378],[127.70543,36.41353],[127.70415,36.41485],[127.70012,36.41384],[127.69684,36.41474],[127.69503,36.41598],[127.69386,36.41622],[127.69346,36.41706],[127.69206,36.41678],[127.68617,36.4184],[127.6836,36.41745],[127.68133,36.41854],[127.68008,36.41993],[127.6806,36.42051],[127.68037,36.42154],[127.67973,36.42366],[127.6787,36.4246],[127.67846,36.42701],[127.67951,36.42969],[127.68039,36.43023],[127.67978,36.43399],[127.68051,36.43602],[127.67981,36.43653],[127.67617,36.43723],[127.67583,36.43828],[127.6729,36.44048],[127.67035,36.4416],[127.66863,36.44367],[127.66582,36.445],[127.66397,36.44452],[127.66377,36.44322],[127.66204,36.44256],[127.66192,36.44113],[127.66132,36.44056],[127.65924,36.44037],[127.65817,36.4393],[127.65777,36.43807],[127.65621,36.43768],[127.65539,36.43786],[127.65479,36.43877],[127.654,36.43866],[127.65098,36.44224],[127.65097,36.44318],[127.64844,36.44237],[127.64694,36.44483],[127.64475,36.44529],[127.64373,36.44507],[127.64296,36.44361],[127.64195,36.44331],[127.64136,36.44255],[127.64011,36.44029],[127.63923,36.43603],[127.63761,36.43564],[127.63494,36.43791],[127.63312,36.43852],[127.63159,36.44025],[127.63122,36.43794],[127.62976,36.43661],[127.62825,36.43373],[127.6285,36.43264],[127.62761,36.4305],[127.62808,36.42864],[127.62685,36.42678],[127.62598,36.42631],[127.62467,36.42249],[127.62388,36.42221],[127.62258,36.42249],[127.62004,36.42044],[127.62079,36.41817],[127.61993,36.41763],[127.61733,36.41735],[127.61798,36.41531],[127.61717,36.41367],[127.6175,36.41198],[127.61695,36.41124],[127.61677,36.40919],[127.6157,36.40829],[127.6158,36.40737],[127.61451,36.40664],[127.61409,36.4051],[127.61224,36.40336],[127.60759,36.40298],[127.60699,36.40352],[127.60409,36.40397],[127.60349,36.4073],[127.60467,36.40802],[127.60445,36.40857],[127.6025,36.40953],[127.60165,36.40737],[127.60098,36.40717],[127.59846,36.40821],[127.59909,36.41031],[127.59863,36.41196],[127.59785,36.41184],[127.5965,36.4107],[127.59551,36.4112],[127.59398,36.41105],[127.59339,36.41151],[127.59429,36.41287],[127.594,36.41319],[127.59104,36.41174],[127.58985,36.41232],[127.5895,36.41355],[127.58805,36.4129],[127.58788,36.41411],[127.58852,36.41502],[127.58718,36.41549],[127.5854,36.41519],[127.58516,36.41578],[127.58629,36.41643],[127.58629,36.41699],[127.58452,36.41724],[127.5836,36.41872],[127.58293,36.41616],[127.58151,36.41512],[127.58173,36.41159],[127.58103,36.40935],[127.57986,36.40785],[127.57315,36.40267],[127.56581,36.39792],[127.56372,36.39766],[127.55813,36.39526],[127.55814,36.39657],[127.55596,36.39511],[127.55481,36.3928],[127.55408,36.39281],[127.55368,36.39496],[127.55508,36.39518],[127.55743,36.39731],[127.55968,36.39822],[127.55878,36.39985],[127.55632,36.39966],[127.5532,36.40122],[127.5517,36.40549],[127.5501,36.40711],[127.54664,36.40877],[127.54557,36.40882],[127.54289,36.41207],[127.54184,36.41569],[127.54228,36.41928],[127.53962,36.42061],[127.53778,36.42013],[127.53732,36.42038],[127.53525,36.41895],[127.53479,36.41933],[127.52938,36.41922],[127.52821,36.42106],[127.52604,36.42091],[127.526,36.42193],[127.52432,36.42343],[127.52323,36.42311],[127.52231,36.42189],[127.52095,36.42158],[127.51993,36.41982],[127.51906,36.42004],[127.51652,36.42235],[127.51451,36.42248],[127.51685,36.43077],[127.51938,36.4348],[127.52869,36.44098],[127.53058,36.44183],[127.53927,36.44499],[127.53952,36.44476],[127.54389,36.44623],[127.54575,36.44627],[127.5453,36.44812],[127.546,36.45037],[127.54654,36.45042],[127.54714,36.45152],[127.54796,36.45169],[127.54805,36.45283],[127.54909,36.45374],[127.5492,36.45459],[127.55097,36.45516],[127.55148,36.45577],[127.55319,36.45915],[127.55295,36.45971],[127.55373,36.46094],[127.55365,36.46238],[127.55431,36.46364],[127.55293,36.46475],[127.55566,36.46574],[127.55528,36.46645],[127.55567,36.46738],[127.55658,36.4679],[127.55706,36.46997],[127.55617,36.47182],[127.55862,36.47206],[127.5597,36.47383],[127.55904,36.47499],[127.56075,36.47567],[127.56274,36.48024],[127.56444,36.48],[127.56469,36.48067],[127.56707,36.48164],[127.56658,36.48327],[127.5673,36.48428],[127.57032,36.48619],[127.5729,36.48658],[127.57349,36.488],[127.57583,36.48992],[127.57846,36.49026],[127.57679,36.49048],[127.57629,36.49141],[127.57217,36.49347],[127.57202,36.49643],[127.5702,36.49932],[127.57071,36.50085],[127.57004,36.50322],[127.5709,36.50431],[127.57064,36.50552],[127.57161,36.50555],[127.57283,36.50813],[127.57354,36.50841],[127.57274,36.51112],[127.57322,36.51159],[127.57266,36.5159],[127.57331,36.51645],[127.57217,36.51785],[127.57092,36.51852],[127.56943,36.52137],[127.56919,36.52368],[127.5686,36.52417],[127.56796,36.52691],[127.56533,36.52953],[127.56502,36.53057],[127.56663,36.53125],[127.56753,36.53254],[127.56871,36.53288],[127.5696,36.53458],[127.57184,36.53603],[127.57694,36.53759],[127.57952,36.53727],[127.57965,36.53819],[127.58036,36.53867],[127.58014,36.54072],[127.58085,36.54196],[127.58285,36.54168],[127.58516,36.54259],[127.58578,36.54329],[127.58788,36.54383],[127.58957,36.54331],[127.59185,36.54353],[127.59424,36.54628],[127.5961,36.54644],[127.59897,36.54832],[127.60144,36.54844],[127.60359,36.54791],[127.60431,36.54861],[127.60858,36.54973],[127.60861,36.55019],[127.61014,36.55094],[127.61236,36.55143],[127.61324,36.5535],[127.61383,36.5537],[127.61365,36.55501],[127.61431,36.5568],[127.61719,36.5595],[127.61541,36.56218],[127.61327,36.56395],[127.61312,36.56526],[127.61124,36.56679],[127.61164,36.56853],[127.6112,36.57007],[127.61237,36.57032],[127.61255,36.57133],[127.61777,36.57753],[127.62103,36.57858],[127.62237,36.57818],[127.62269,36.57876],[127.62207,36.5797],[127.62219,36.58106],[127.62405,36.58213],[127.62656,36.58499],[127.62692,36.58482],[127.62854,36.586],[127.63042,36.58649],[127.63056,36.58829],[127.63183,36.58892],[127.63188,36.58947],[127.63024,36.59179],[127.63063,36.59296],[127.63017,36.59362],[127.63254,36.59544],[127.63333,36.59809],[127.63568,36.60023],[127.63774,36.60029],[127.64052,36.60161],[127.64374,36.60523],[127.64626,36.60659],[127.64766,36.60545],[127.65238,36.60486],[127.65307,36.60131],[127.654,36.60036],[127.65561,36.60017],[127.65958,36.60127],[127.66064,36.60261],[127.66545,36.6024],[127.66589,36.6006],[127.66783,36.59957],[127.66851,36.59845],[127.66913,36.59678],[127.66862,36.59454],[127.67224,36.59571],[127.67416,36.59535],[127.67639,36.59666],[127.67542,36.59674],[127.67669,36.59669],[127.67884,36.59588],[127.6791,36.5945],[127.68012,36.594],[127.68053,36.59239],[127.682,36.5918],[127.68312,36.5924],[127.68401,36.59201],[127.68704,36.59206],[127.68894,36.59137],[127.68915,36.59066],[127.69191,36.58935],[127.69325,36.58926],[127.69368,36.58862],[127.69462,36.58849],[127.6978,36.58909],[127.70243,36.59113],[127.7032,36.59162],[127.70435,36.59419],[127.70558,36.59515],[127.70966,36.59605],[127.7114,36.59738],[127.71185,36.59908],[127.71315,36.5997],[127.71317,36.6012],[127.71381,36.60201],[127.71495,36.6018],[127.71599,36.60236],[127.71917,36.60199],[127.7202,36.60267],[127.72171,36.60184],[127.72289,36.6022],[127.72487,36.6015],[127.72644,36.59997],[127.72777,36.60178],[127.72874,36.60231],[127.72964,36.60169],[127.73111,36.60165],[127.73368,36.60017],[127.73648,36.60002],[127.73715,36.59933],[127.73701,36.59717],[127.73597,36.59571],[127.73676,36.59481],[127.73733,36.59262],[127.74103,36.59126],[127.74192,36.59024],[127.74156,36.58911],[127.74205,36.58818],[127.74586,36.58525],[127.74974,36.58659],[127.75204,36.58845],[127.7552,36.59008],[127.76132,36.5905],[127.76304,36.59127],[127.76355,36.591],[127.76472,36.59195],[127.76549,36.59189],[127.76645,36.59349],[127.76919,36.59382],[127.76877,36.59403],[127.76871,36.59565],[127.76927,36.59647],[127.7689,36.59758],[127.76953,36.59802],[127.76978,36.60117],[127.76875,36.60338],[127.77236,36.60624],[127.77393,36.60601],[127.77646,36.60713],[127.77668,36.60805],[127.78144,36.60875],[127.78249,36.61027],[127.78391,36.61093],[127.78456,36.61268],[127.78626,36.61378],[127.79181,36.61033],[127.79314,36.60856]]]}},{"type":"Feature","properties":{"cd":"43730","sgis_cd":"33530","name":"옥천군","full":"옥천군","cx":127.65655,"cy":36.32046},"geometry":{"type":"Polygon","coordinates":[[[127.64838,36.4424],[127.65097,36.44318],[127.65098,36.44224],[127.654,36.43866],[127.65479,36.43877],[127.65539,36.43786],[127.65621,36.43768],[127.65777,36.43807],[127.65817,36.4393],[127.65924,36.44037],[127.66132,36.44056],[127.66192,36.44113],[127.66204,36.44256],[127.66377,36.44322],[127.66397,36.44452],[127.66582,36.445],[127.66863,36.44367],[127.67035,36.4416],[127.6729,36.44048],[127.67583,36.43828],[127.67617,36.43723],[127.68033,36.4363],[127.68043,36.43487],[127.67978,36.43399],[127.68039,36.43023],[127.67951,36.42969],[127.67846,36.42701],[127.6787,36.4246],[127.67973,36.42366],[127.68037,36.42154],[127.6806,36.42051],[127.68008,36.41993],[127.68133,36.41854],[127.6836,36.41745],[127.68617,36.4184],[127.69206,36.41678],[127.69346,36.41706],[127.69386,36.41622],[127.69503,36.41598],[127.69684,36.41474],[127.70012,36.41384],[127.70415,36.41485],[127.70543,36.41353],[127.71007,36.41378],[127.71043,36.41347],[127.71012,36.41204],[127.70831,36.40918],[127.7082,36.40653],[127.71051,36.40467],[127.71099,36.40356],[127.71396,36.40234],[127.71447,36.4017],[127.7144,36.40065],[127.71674,36.39937],[127.71687,36.39837],[127.71842,36.3963],[127.72202,36.39395],[127.72468,36.39347],[127.72573,36.39384],[127.72604,36.39331],[127.72712,36.393],[127.727,36.39189],[127.72791,36.39076],[127.73026,36.38988],[127.73145,36.39023],[127.73222,36.39122],[127.73372,36.39435],[127.73482,36.39251],[127.73738,36.39142],[127.73924,36.38942],[127.74029,36.38939],[127.74262,36.38767],[127.74292,36.38691],[127.74598,36.38633],[127.7467,36.38583],[127.74811,36.38598],[127.74803,36.38693],[127.7492,36.38768],[127.75091,36.38778],[127.75118,36.38903],[127.75402,36.39002],[127.75526,36.39108],[127.75691,36.39059],[127.76033,36.39105],[127.76239,36.39347],[127.76502,36.39122],[127.76563,36.38997],[127.77079,36.38748],[127.77583,36.38731],[127.77712,36.38753],[127.77741,36.38827],[127.7788,36.3888],[127.78138,36.38887],[127.78273,36.38731],[127.78559,36.38704],[127.79066,36.38899],[127.79404,36.38625],[127.79476,36.38467],[127.79742,36.38356],[127.79989,36.38371],[127.80061,36.38245],[127.80748,36.38202],[127.81034,36.38238],[127.81327,36.38175],[127.81856,36.38165],[127.81915,36.3809],[127.8228,36.37992],[127.82304,36.37906],[127.82399,36.37868],[127.82439,36.377],[127.82757,36.37547],[127.82859,36.37404],[127.83046,36.37429],[127.83164,36.37398],[127.83199,36.37325],[127.83159,36.37038],[127.83263,36.36915],[127.83494,36.36897],[127.83591,36.36929],[127.83722,36.37325],[127.84069,36.37236],[127.84188,36.37164],[127.84721,36.37198],[127.84848,36.37155],[127.85036,36.37193],[127.85321,36.3711],[127.85475,36.37245],[127.85636,36.37241],[127.85949,36.37429],[127.86051,36.37393],[127.86318,36.37428],[127.86413,36.37344],[127.86649,36.37308],[127.87049,36.37364],[127.87192,36.37213],[127.87499,36.37081],[127.8765,36.37163],[127.8799,36.37145],[127.88367,36.37064],[127.88387,36.36987],[127.88522,36.36889],[127.88541,36.36602],[127.88654,36.36361],[127.89024,36.36123],[127.89128,36.35968],[127.89084,36.35657],[127.88564,36.35471],[127.88505,36.35246],[127.88551,36.35017],[127.88512,36.34911],[127.88371,36.34905],[127.88278,36.34775],[127.8826,36.34592],[127.88134,36.34507],[127.88043,36.34537],[127.87932,36.34496],[127.87706,36.34568],[127.87598,36.34533],[127.87546,36.34559],[127.87014,36.34349],[127.8707,36.34175],[127.86999,36.33987],[127.86845,36.33883],[127.86781,36.33729],[127.86596,36.33703],[127.86576,36.33558],[127.8643,36.33537],[127.86243,36.33627],[127.86153,36.33552],[127.86188,36.33308],[127.86036,36.33368],[127.85686,36.33193],[127.8567,36.33128],[127.8546,36.33063],[127.85361,36.33176],[127.85282,36.33196],[127.85203,36.33041],[127.85259,36.33004],[127.85186,36.32891],[127.85202,36.32733],[127.85122,36.32672],[127.85151,36.32401],[127.85071,36.32081],[127.84919,36.31976],[127.84885,36.31896],[127.84662,36.31805],[127.84592,36.31824],[127.8452,36.31644],[127.84426,36.31664],[127.84284,36.31593],[127.84051,36.31566],[127.83531,36.31274],[127.83551,36.31176],[127.83506,36.31117],[127.83227,36.31134],[127.8287,36.31009],[127.82503,36.31009],[127.8246,36.30914],[127.82257,36.30769],[127.82316,36.30644],[127.82098,36.30517],[127.81973,36.30701],[127.81902,36.31165],[127.81814,36.31182],[127.81718,36.31008],[127.81437,36.30817],[127.81374,36.30804],[127.81322,36.30872],[127.80952,36.30888],[127.80908,36.30947],[127.80853,36.30942],[127.80515,36.305],[127.80396,36.30474],[127.80351,36.30407],[127.80133,36.30371],[127.80053,36.30302],[127.80036,36.30144],[127.80151,36.29945],[127.80113,36.29777],[127.79959,36.29829],[127.79669,36.29749],[127.79526,36.29772],[127.79472,36.29724],[127.7953,36.29626],[127.79445,36.2905],[127.79136,36.29125],[127.78907,36.29097],[127.78775,36.2886],[127.78679,36.28816],[127.78378,36.29039],[127.78236,36.29009],[127.78168,36.28942],[127.77758,36.28987],[127.77643,36.29051],[127.77583,36.29189],[127.77334,36.29132],[127.77181,36.29004],[127.77017,36.29027],[127.76935,36.28972],[127.76979,36.28817],[127.76922,36.28753],[127.7697,36.28684],[127.76926,36.28568],[127.7685,36.28513],[127.76748,36.28573],[127.76645,36.28568],[127.76582,36.28524],[127.76578,36.28449],[127.76451,36.28429],[127.76417,36.28398],[127.76451,36.28241],[127.76187,36.28011],[127.76222,36.27959],[127.76143,36.27861],[127.76188,36.27695],[127.76152,36.27609],[127.7626,36.27581],[127.76163,36.27176],[127.76038,36.27062],[127.75802,36.26994],[127.75582,36.26792],[127.75318,36.26893],[127.75185,36.27006],[127.7497,36.2695],[127.7488,36.27002],[127.74602,36.2704],[127.74571,36.271],[127.74222,36.27093],[127.74003,36.27211],[127.73758,36.27277],[127.73575,36.27275],[127.73098,36.27641],[127.72916,36.27624],[127.72689,36.27476],[127.72548,36.27301],[127.72305,36.27149],[127.723,36.27044],[127.72169,36.26947],[127.72018,36.26945],[127.71898,36.27011],[127.7177,36.26921],[127.714,36.26863],[127.71285,36.26692],[127.71282,36.26737],[127.71279,36.26601],[127.71206,36.26599],[127.71467,36.26314],[127.70981,36.26325],[127.70658,36.26267],[127.70371,36.26022],[127.70177,36.26078],[127.7003,36.2589],[127.69839,36.25388],[127.69757,36.2535],[127.69693,36.25162],[127.69597,36.25055],[127.69528,36.25114],[127.69423,36.2504],[127.69338,36.24887],[127.6929,36.24543],[127.69329,36.24397],[127.69237,36.2426],[127.69133,36.23816],[127.68918,36.237],[127.68743,36.23516],[127.68644,36.23509],[127.68605,36.23551],[127.68539,36.23525],[127.68488,36.23269],[127.68266,36.231],[127.68301,36.22905],[127.68088,36.22702],[127.68049,36.22571],[127.68105,36.22486],[127.67852,36.22473],[127.67367,36.22334],[127.67253,36.22222],[127.66998,36.22341],[127.66609,36.22373],[127.66375,36.2233],[127.66084,36.22532],[127.66005,36.22646],[127.65852,36.2269],[127.65614,36.22935],[127.65391,36.22647],[127.65067,36.22515],[127.65029,36.2198],[127.6523,36.21789],[127.65228,36.21569],[127.64961,36.21197],[127.64949,36.2098],[127.64845,36.2071],[127.65088,36.20141],[127.65203,36.20053],[127.6527,36.19908],[127.65437,36.19814],[127.65238,36.19703],[127.65191,36.1943],[127.65399,36.19364],[127.65396,36.19247],[127.65459,36.1918],[127.65394,36.19101],[127.65378,36.18882],[127.65148,36.18653],[127.65142,36.18576],[127.64999,36.18528],[127.6506,36.18262],[127.65201,36.18196],[127.65393,36.17977],[127.65503,36.17823],[127.65507,36.17728],[127.65426,36.17583],[127.65253,36.17445],[127.652,36.17198],[127.64971,36.17071],[127.64853,36.17147],[127.6461,36.17132],[127.64385,36.17217],[127.64241,36.1743],[127.64059,36.17478],[127.63886,36.17589],[127.63765,36.1775],[127.63588,36.1783],[127.63509,36.17803],[127.63408,36.17904],[127.63424,36.18057],[127.63379,36.18095],[127.63021,36.17884],[127.62902,36.17868],[127.62834,36.17918],[127.62712,36.17797],[127.62532,36.17879],[127.62392,36.18101],[127.62167,36.18099],[127.62082,36.18183],[127.61867,36.18174],[127.61474,36.18339],[127.61434,36.18404],[127.6112,36.18322],[127.6099,36.18387],[127.60826,36.18568],[127.60578,36.18471],[127.60389,36.18543],[127.60176,36.18433],[127.59748,36.18503],[127.59623,36.18847],[127.59538,36.18909],[127.59456,36.19101],[127.59297,36.19223],[127.59361,36.19439],[127.59245,36.1952],[127.59419,36.19684],[127.59534,36.19896],[127.59733,36.20027],[127.59826,36.20238],[127.59928,36.20264],[127.599,36.20334],[127.59966,36.20509],[127.59925,36.20727],[127.59843,36.20851],[127.59879,36.21022],[127.59631,36.21188],[127.59796,36.21432],[127.59802,36.21709],[127.59464,36.21948],[127.59276,36.21982],[127.59245,36.22132],[127.5911,36.22166],[127.59066,36.22257],[127.59051,36.22529],[127.58874,36.22549],[127.58711,36.22486],[127.58657,36.22506],[127.5863,36.22758],[127.58481,36.23025],[127.58358,36.23129],[127.58022,36.23185],[127.57954,36.23279],[127.57487,36.23199],[127.57286,36.23302],[127.57024,36.23352],[127.56904,36.2326],[127.56699,36.23197],[127.5657,36.22944],[127.5638,36.22753],[127.56265,36.22789],[127.56158,36.22896],[127.56022,36.22877],[127.55825,36.22754],[127.55603,36.22715],[127.55437,36.22619],[127.54775,36.22532],[127.54533,36.22552],[127.5451,36.22843],[127.54609,36.22929],[127.54747,36.23231],[127.54878,36.23772],[127.54986,36.23843],[127.54908,36.23973],[127.54722,36.2396],[127.54343,36.24155],[127.54041,36.24182],[127.53792,36.24278],[127.53509,36.24732],[127.53681,36.25085],[127.53624,36.25123],[127.53257,36.25089],[127.53044,36.24871],[127.52901,36.24818],[127.52695,36.24833],[127.52622,36.24709],[127.52385,36.24649],[127.52352,36.24534],[127.52189,36.24385],[127.52056,36.2433],[127.51813,36.24064],[127.51574,36.24054],[127.51475,36.24122],[127.51368,36.24033],[127.51195,36.24069],[127.50949,36.23892],[127.50217,36.23764],[127.49923,36.23829],[127.49258,36.23796],[127.49326,36.24052],[127.49228,36.2424],[127.49271,36.24306],[127.49232,36.24438],[127.49176,36.24517],[127.49027,36.245],[127.48942,36.24601],[127.48925,36.24705],[127.48855,36.24754],[127.48845,36.25002],[127.48761,36.25144],[127.49038,36.25402],[127.4895,36.25594],[127.48998,36.25733],[127.48975,36.25799],[127.48893,36.25836],[127.48749,36.25824],[127.48632,36.25922],[127.48605,36.26124],[127.48748,36.26336],[127.48833,36.26721],[127.48987,36.26775],[127.49026,36.26837],[127.48875,36.27271],[127.49678,36.27923],[127.49731,36.28035],[127.49853,36.28132],[127.49899,36.28308],[127.4978,36.28469],[127.49762,36.28653],[127.49577,36.2878],[127.49557,36.29011],[127.49118,36.29702],[127.49161,36.2993],[127.49358,36.30096],[127.49479,36.30078],[127.49601,36.29941],[127.49656,36.30114],[127.49743,36.30158],[127.49783,36.30466],[127.49898,36.30567],[127.4982,36.30793],[127.49709,36.3085],[127.49618,36.31063],[127.4941,36.3121],[127.4958,36.31296],[127.49768,36.31567],[127.49687,36.31945],[127.49598,36.31988],[127.49998,36.32077],[127.50296,36.32562],[127.50165,36.32898],[127.50172,36.33182],[127.50092,36.33293],[127.50157,36.33623],[127.50055,36.33777],[127.50056,36.33929],[127.50134,36.34007],[127.50488,36.341],[127.50454,36.34207],[127.50807,36.34324],[127.50743,36.3463],[127.50915,36.34678],[127.51197,36.34612],[127.51301,36.34746],[127.51489,36.34778],[127.51578,36.34868],[127.51763,36.34814],[127.51721,36.34934],[127.51937,36.35035],[127.52239,36.35433],[127.52309,36.35635],[127.522,36.35788],[127.52447,36.36149],[127.52437,36.36305],[127.52485,36.36363],[127.52409,36.36591],[127.52482,36.3665],[127.52497,36.36741],[127.52598,36.36801],[127.52658,36.37007],[127.52591,36.37124],[127.52584,36.37398],[127.52483,36.37525],[127.52589,36.37897],[127.52497,36.38143],[127.52481,36.3838],[127.52557,36.38522],[127.52459,36.38646],[127.52493,36.3875],[127.52681,36.38766],[127.52831,36.38903],[127.5294,36.38936],[127.52906,36.3901],[127.53015,36.39119],[127.53177,36.39092],[127.53342,36.39175],[127.53343,36.39355],[127.53528,36.39454],[127.53742,36.39495],[127.53922,36.3979],[127.5402,36.39712],[127.54311,36.39701],[127.54361,36.3961],[127.54687,36.39642],[127.54858,36.39704],[127.55003,36.39687],[127.55135,36.39502],[127.55368,36.39496],[127.55408,36.39281],[127.55481,36.3928],[127.55596,36.39511],[127.55814,36.39657],[127.55813,36.39526],[127.56372,36.39766],[127.56581,36.39792],[127.57315,36.40267],[127.58053,36.40847],[127.58173,36.41159],[127.58151,36.41512],[127.58293,36.41616],[127.5836,36.41872],[127.58452,36.41724],[127.58629,36.41699],[127.58629,36.41643],[127.58516,36.41578],[127.5854,36.41519],[127.58718,36.41549],[127.58852,36.41502],[127.58788,36.41411],[127.58805,36.4129],[127.5895,36.41355],[127.58985,36.41232],[127.59104,36.41174],[127.594,36.41319],[127.59429,36.41287],[127.59339,36.41151],[127.59398,36.41105],[127.59551,36.4112],[127.5965,36.4107],[127.59785,36.41184],[127.59863,36.41196],[127.59909,36.41031],[127.59846,36.40821],[127.60098,36.40717],[127.60165,36.40737],[127.6025,36.40953],[127.60445,36.40857],[127.60467,36.40802],[127.60349,36.4073],[127.60409,36.40397],[127.60699,36.40352],[127.60759,36.40298],[127.61224,36.40336],[127.61409,36.4051],[127.61451,36.40664],[127.6158,36.40737],[127.6157,36.40829],[127.61677,36.40919],[127.61695,36.41124],[127.6175,36.41198],[127.61717,36.41367],[127.61798,36.41531],[127.61733,36.41735],[127.61993,36.41763],[127.62079,36.41817],[127.62004,36.42044],[127.62258,36.42249],[127.62388,36.42221],[127.62467,36.42249],[127.62598,36.42631],[127.62685,36.42678],[127.62808,36.42864],[127.62761,36.4305],[127.6285,36.43264],[127.62825,36.43373],[127.62976,36.43661],[127.63122,36.43794],[127.63159,36.44025],[127.63312,36.43852],[127.63494,36.43791],[127.63761,36.43564],[127.63923,36.43603],[127.64011,36.44029],[127.64136,36.44255],[127.64195,36.44331],[127.64296,36.44361],[127.64373,36.44507],[127.64475,36.44529],[127.64694,36.44483],[127.64838,36.4424]]]}},{"type":"Feature","properties":{"cd":"43740","sgis_cd":"33540","name":"영동군","full":"영동군","cx":127.81422,"cy":36.15967},"geometry":{"type":"Polygon","coordinates":[[[127.84447,36.31652],[127.84532,36.31638],[127.84424,36.31505],[127.84465,36.31335],[127.84282,36.31207],[127.84148,36.31],[127.84153,36.30831],[127.84328,36.30614],[127.84447,36.30542],[127.84517,36.30438],[127.84508,36.3032],[127.84686,36.30076],[127.84647,36.2978],[127.84581,36.2968],[127.84565,36.29369],[127.84666,36.29141],[127.84918,36.2888],[127.84976,36.28637],[127.84942,36.28546],[127.85028,36.28313],[127.85025,36.28211],[127.84952,36.28118],[127.85087,36.27798],[127.85059,36.27693],[127.8514,36.27546],[127.85099,36.27446],[127.85231,36.27384],[127.85539,36.27529],[127.86007,36.27645],[127.86088,36.27708],[127.86484,36.27564],[127.86739,36.2766],[127.87643,36.27579],[127.88264,36.27375],[127.8836,36.27642],[127.88585,36.2802],[127.88683,36.28371],[127.88991,36.28923],[127.89211,36.29193],[127.89477,36.29371],[127.89846,36.29758],[127.90288,36.301],[127.90428,36.30146],[127.90564,36.29859],[127.90544,36.297],[127.90611,36.29531],[127.90637,36.29269],[127.90557,36.29122],[127.90712,36.28649],[127.90811,36.28551],[127.91153,36.28319],[127.91551,36.28187],[127.91844,36.28022],[127.92353,36.27871],[127.92553,36.27952],[127.92648,36.27868],[127.93091,36.27801],[127.93194,36.27673],[127.93266,36.27674],[127.93378,36.27592],[127.93438,36.27256],[127.93694,36.27111],[127.93793,36.26906],[127.9428,36.26673],[127.94736,36.26723],[127.94848,36.26314],[127.94834,36.25748],[127.94925,36.25664],[127.9546,36.25722],[127.96016,36.25237],[127.96248,36.25207],[127.96482,36.25318],[127.9658,36.25186],[127.96811,36.25033],[127.97056,36.2504],[127.97198,36.25213],[127.97832,36.25459],[127.97864,36.25608],[127.97792,36.25664],[127.97672,36.25929],[127.98115,36.26371],[127.98394,36.26284],[127.98626,36.26305],[127.98777,36.26385],[127.98903,36.26331],[127.99053,36.26338],[127.99171,36.26415],[127.99186,36.26524],[127.99441,36.26744],[127.9984,36.26841],[128.00048,36.26644],[128.00325,36.26808],[128.00469,36.26994],[128.00553,36.26991],[128.00758,36.27087],[128.00828,36.27171],[128.00996,36.27214],[128.01134,36.27195],[128.01516,36.26943],[128.0156,36.2683],[128.01903,36.2673],[128.02623,36.2679],[128.02691,36.26535],[128.03,36.26452],[128.03181,36.26169],[128.0323,36.26193],[128.03373,36.26153],[128.04078,36.2586],[128.0436,36.2584],[128.04736,36.25655],[128.04572,36.25212],[128.04026,36.25203],[128.03768,36.24767],[128.03549,36.24613],[128.03566,36.24347],[128.03356,36.24212],[128.03368,36.24175],[128.03226,36.24153],[128.0299,36.24001],[128.03071,36.23972],[128.03176,36.23717],[128.0316,36.23645],[128.0329,36.23527],[128.03312,36.23371],[128.0353,36.23263],[128.03668,36.2312],[128.03682,36.22972],[128.03807,36.22953],[128.03934,36.22867],[128.03938,36.22575],[128.04046,36.22468],[128.039,36.22218],[128.04024,36.2209],[128.04138,36.21848],[128.04222,36.21754],[128.04758,36.21614],[128.05009,36.21646],[128.05031,36.21469],[128.04979,36.21345],[128.05017,36.21293],[128.04935,36.21073],[128.05061,36.20776],[128.05079,36.20599],[128.05627,36.20208],[128.05785,36.20209],[128.05815,36.20124],[128.05738,36.20081],[128.0555,36.20108],[128.05481,36.20046],[128.05218,36.2006],[128.0499,36.19905],[128.04797,36.19861],[128.04543,36.19627],[128.04384,36.19589],[128.04237,36.19653],[128.04079,36.19463],[128.03944,36.19468],[128.03864,36.19416],[128.0374,36.19592],[128.03659,36.19623],[128.03625,36.19775],[128.03481,36.19831],[128.03327,36.20018],[128.03176,36.20032],[128.03079,36.20209],[128.02803,36.20255],[128.02668,36.20519],[128.02405,36.20665],[128.01993,36.20801],[128.01754,36.20808],[128.01682,36.2087],[128.01547,36.20836],[128.01351,36.20912],[128.01198,36.20867],[128.00975,36.20937],[128.00637,36.20732],[128.00459,36.20725],[128.00302,36.20773],[128.00265,36.20716],[128.00047,36.20694],[127.99846,36.2073],[127.99807,36.20625],[127.99675,36.20586],[127.99475,36.20421],[127.99444,36.20261],[127.99311,36.20155],[127.99304,36.20003],[127.98921,36.19956],[127.9888,36.20037],[127.98487,36.20136],[127.98171,36.19909],[127.97802,36.19811],[127.97991,36.19593],[127.98271,36.19631],[127.9812,36.19588],[127.97876,36.19323],[127.97626,36.19205],[127.97617,36.18842],[127.97533,36.18771],[127.97877,36.18406],[127.97917,36.18309],[127.98018,36.18264],[127.98134,36.17913],[127.98278,36.1782],[127.98414,36.17817],[127.98419,36.17693],[127.98263,36.17464],[127.98301,36.17405],[127.98237,36.17217],[127.9826,36.17056],[127.98295,36.16988],[127.98653,36.16781],[127.98656,36.1671],[127.9873,36.16646],[127.99018,36.16567],[127.98956,36.16373],[127.99015,36.16293],[127.99048,36.15888],[127.991,36.15842],[127.99268,36.1582],[127.99336,36.15746],[127.99483,36.15747],[127.99719,36.15547],[127.99502,36.15312],[127.99337,36.15252],[127.99338,36.15186],[127.99077,36.15142],[127.99085,36.15013],[127.98748,36.14739],[127.98798,36.14499],[127.98917,36.14397],[127.98729,36.14088],[127.98797,36.13831],[127.98739,36.13775],[127.98735,36.13675],[127.98886,36.13283],[127.98773,36.13134],[127.98846,36.13036],[127.98778,36.12882],[127.98686,36.12805],[127.98407,36.12769],[127.9809,36.12534],[127.9786,36.12521],[127.97642,36.12274],[127.97298,36.12187],[127.97016,36.12188],[127.96967,36.12079],[127.9668,36.11806],[127.96671,36.11538],[127.9652,36.11283],[127.96575,36.1119],[127.96576,36.10979],[127.96796,36.10728],[127.96898,36.10435],[127.96869,36.10313],[127.96489,36.09862],[127.96463,36.09556],[127.95971,36.09451],[127.95961,36.0924],[127.95847,36.09014],[127.95935,36.086],[127.96083,36.08562],[127.96105,36.08314],[127.9617,36.08298],[127.96093,36.07964],[127.96182,36.07582],[127.96095,36.07391],[127.96088,36.07034],[127.95775,36.06923],[127.95348,36.06632],[127.95197,36.06471],[127.95222,36.06374],[127.9508,36.061],[127.94989,36.05972],[127.94767,36.05863],[127.94719,36.05718],[127.94384,36.05625],[127.9363,36.05108],[127.93417,36.05098],[127.93268,36.0504],[127.9325,36.05069],[127.93018,36.04944],[127.92856,36.05012],[127.92771,36.05123],[127.9252,36.05284],[127.92058,36.05409],[127.91959,36.05369],[127.91708,36.05399],[127.91634,36.05447],[127.91309,36.0513],[127.9118,36.05047],[127.91042,36.05066],[127.90941,36.05001],[127.90796,36.04801],[127.9053,36.04596],[127.90516,36.045],[127.90352,36.04342],[127.90269,36.03911],[127.89753,36.03802],[127.89718,36.03735],[127.89384,36.03765],[127.89157,36.03603],[127.88997,36.03572],[127.88854,36.03484],[127.88752,36.03469],[127.88619,36.03572],[127.88484,36.03589],[127.8849,36.03343],[127.88345,36.03234],[127.88346,36.02806],[127.88059,36.02525],[127.87731,36.02341],[127.87677,36.02251],[127.87266,36.02324],[127.87144,36.02384],[127.86774,36.02377],[127.86615,36.02429],[127.86432,36.02571],[127.86362,36.02785],[127.8606,36.03146],[127.85567,36.03293],[127.85281,36.0391],[127.84898,36.03931],[127.84857,36.03973],[127.84589,36.03911],[127.8432,36.038],[127.84196,36.03688],[127.83908,36.03588],[127.8385,36.03629],[127.83704,36.0362],[127.8304,36.03523],[127.82957,36.03401],[127.82575,36.03294],[127.82523,36.03214],[127.82259,36.03114],[127.82183,36.03031],[127.81979,36.0298],[127.81851,36.02813],[127.81627,36.0281],[127.81461,36.02901],[127.81358,36.02815],[127.81155,36.02781],[127.81109,36.02737],[127.80923,36.02693],[127.80842,36.02742],[127.80765,36.02731],[127.8055,36.02596],[127.80312,36.02666],[127.80157,36.02608],[127.80107,36.02659],[127.79944,36.02607],[127.79726,36.02501],[127.79682,36.02288],[127.7942,36.02138],[127.79362,36.01997],[127.7923,36.01993],[127.79081,36.0188],[127.7895,36.01639],[127.78762,36.0145],[127.78362,36.01642],[127.78154,36.01651],[127.77527,36.01538],[127.76884,36.01255],[127.76619,36.01221],[127.76427,36.01243],[127.76155,36.01332],[127.75928,36.01521],[127.75928,36.01593],[127.76264,36.02157],[127.7616,36.02518],[127.75976,36.0256],[127.75386,36.02405],[127.75422,36.02455],[127.75162,36.02568],[127.74883,36.02887],[127.74731,36.0297],[127.74359,36.02847],[127.743,36.02609],[127.74223,36.02503],[127.74149,36.0248],[127.73945,36.02573],[127.73732,36.02982],[127.73484,36.03232],[127.73082,36.03231],[127.72858,36.03092],[127.72753,36.0297],[127.72798,36.0309],[127.72504,36.03241],[127.72355,36.03131],[127.7224,36.03199],[127.71918,36.03187],[127.71734,36.03445],[127.71339,36.03573],[127.71164,36.0359],[127.70722,36.03512],[127.70572,36.034],[127.70573,36.03493],[127.70362,36.03442],[127.70193,36.03527],[127.70175,36.03578],[127.70022,36.03659],[127.69958,36.03889],[127.69646,36.0411],[127.69615,36.04382],[127.69501,36.04591],[127.69546,36.04727],[127.69511,36.0497],[127.69604,36.05038],[127.6952,36.05272],[127.69589,36.05432],[127.69493,36.05742],[127.69509,36.05873],[127.69461,36.05898],[127.69315,36.05792],[127.69154,36.05837],[127.69074,36.05803],[127.68902,36.06267],[127.68809,36.06274],[127.68555,36.06219],[127.68084,36.05824],[127.67792,36.05668],[127.67717,36.0555],[127.67552,36.05582],[127.67307,36.05362],[127.67156,36.05307],[127.67077,36.052],[127.66917,36.05115],[127.66931,36.05028],[127.6713,36.04924],[127.67182,36.04849],[127.67162,36.04678],[127.67053,36.04503],[127.67092,36.04384],[127.67273,36.04163],[127.67053,36.03989],[127.6694,36.03962],[127.66905,36.03865],[127.66441,36.03751],[127.66225,36.03861],[127.66089,36.0382],[127.65942,36.03963],[127.65924,36.04051],[127.65995,36.0422],[127.65846,36.04441],[127.65802,36.04769],[127.65632,36.05006],[127.65636,36.05093],[127.65472,36.05258],[127.65525,36.054],[127.65421,36.05565],[127.65444,36.05662],[127.65356,36.05651],[127.65223,36.05734],[127.65058,36.05728],[127.64905,36.05799],[127.64843,36.06257],[127.64455,36.06682],[127.64013,36.06825],[127.63807,36.06866],[127.63817,36.06826],[127.63739,36.07035],[127.6342,36.07362],[127.63466,36.07674],[127.63219,36.07964],[127.63306,36.08088],[127.63215,36.08236],[127.62979,36.08383],[127.62654,36.08761],[127.62417,36.08841],[127.62333,36.0907],[127.62001,36.0911],[127.61925,36.0907],[127.61861,36.0913],[127.61727,36.09358],[127.6177,36.09616],[127.61736,36.09754],[127.61827,36.09871],[127.61728,36.1001],[127.61692,36.10487],[127.61899,36.10711],[127.6191,36.10888],[127.61632,36.11156],[127.61308,36.11181],[127.61156,36.11522],[127.61076,36.11563],[127.61003,36.11736],[127.61009,36.1186],[127.60859,36.11844],[127.60857,36.11778],[127.60764,36.11708],[127.60598,36.11679],[127.60553,36.1182],[127.6032,36.12061],[127.5992,36.12294],[127.59864,36.12537],[127.59587,36.12573],[127.59524,36.12817],[127.59374,36.12878],[127.59131,36.13248],[127.59027,36.1329],[127.58948,36.1343],[127.58947,36.13514],[127.59091,36.13729],[127.59112,36.13949],[127.59044,36.14333],[127.59095,36.14484],[127.59186,36.14561],[127.59205,36.14691],[127.59284,36.14763],[127.59341,36.15052],[127.59591,36.15349],[127.5985,36.1549],[127.60166,36.16002],[127.60101,36.16329],[127.60147,36.16904],[127.59863,36.1738],[127.59637,36.17433],[127.5945,36.17553],[127.59307,36.17737],[127.59491,36.17963],[127.59424,36.18219],[127.59494,36.18224],[127.59772,36.18492],[127.60176,36.18433],[127.60389,36.18543],[127.60578,36.18471],[127.60826,36.18568],[127.6099,36.18387],[127.6112,36.18322],[127.61434,36.18404],[127.61474,36.18339],[127.61867,36.18174],[127.62082,36.18183],[127.62167,36.18099],[127.62392,36.18101],[127.62532,36.17879],[127.62712,36.17797],[127.62834,36.17918],[127.62902,36.17868],[127.63021,36.17884],[127.63379,36.18095],[127.63424,36.18057],[127.63408,36.17904],[127.63509,36.17803],[127.63588,36.1783],[127.63765,36.1775],[127.63886,36.17589],[127.64059,36.17478],[127.64241,36.1743],[127.64385,36.17217],[127.6461,36.17132],[127.64853,36.17147],[127.64971,36.17071],[127.652,36.17198],[127.65253,36.17445],[127.65426,36.17583],[127.65507,36.17728],[127.65503,36.17823],[127.65393,36.17977],[127.65201,36.18196],[127.6506,36.18262],[127.64999,36.18528],[127.65142,36.18576],[127.65148,36.18653],[127.65378,36.18882],[127.65394,36.19101],[127.65459,36.1918],[127.65396,36.19247],[127.65399,36.19364],[127.65191,36.1943],[127.65238,36.19703],[127.65437,36.19814],[127.6527,36.19908],[127.65203,36.20053],[127.65088,36.20141],[127.64845,36.2071],[127.64949,36.2098],[127.64961,36.21197],[127.65228,36.21569],[127.6523,36.21789],[127.65029,36.2198],[127.65058,36.22499],[127.65391,36.22647],[127.65614,36.22935],[127.65852,36.2269],[127.66005,36.22646],[127.66084,36.22532],[127.66375,36.2233],[127.66609,36.22373],[127.66998,36.22341],[127.67253,36.22222],[127.67367,36.22334],[127.67852,36.22473],[127.68105,36.22486],[127.68049,36.22571],[127.68088,36.22702],[127.68301,36.22905],[127.68266,36.231],[127.68488,36.23269],[127.68539,36.23525],[127.68605,36.23551],[127.68644,36.23509],[127.68743,36.23516],[127.68918,36.237],[127.69133,36.23816],[127.69237,36.2426],[127.69329,36.24397],[127.6929,36.24543],[127.69338,36.24887],[127.69423,36.2504],[127.69528,36.25114],[127.69597,36.25055],[127.69693,36.25162],[127.69757,36.2535],[127.69839,36.25388],[127.7003,36.2589],[127.70177,36.26078],[127.70371,36.26022],[127.70658,36.26267],[127.70981,36.26325],[127.71467,36.26314],[127.71206,36.26599],[127.71279,36.26601],[127.71282,36.26737],[127.71285,36.26692],[127.714,36.26863],[127.7177,36.26921],[127.71898,36.27011],[127.72018,36.26945],[127.72169,36.26947],[127.723,36.27044],[127.72305,36.27149],[127.72548,36.27301],[127.72689,36.27476],[127.72916,36.27624],[127.73098,36.27641],[127.73575,36.27275],[127.73758,36.27277],[127.74003,36.27211],[127.74222,36.27093],[127.74571,36.271],[127.74602,36.2704],[127.7488,36.27002],[127.7497,36.2695],[127.75185,36.27006],[127.75318,36.26893],[127.75582,36.26792],[127.75802,36.26994],[127.76038,36.27062],[127.76163,36.27176],[127.7626,36.27581],[127.76152,36.27609],[127.76188,36.27695],[127.76143,36.27861],[127.76222,36.27959],[127.76187,36.28011],[127.76451,36.28241],[127.76417,36.28398],[127.76451,36.28429],[127.76578,36.28449],[127.76582,36.28524],[127.76645,36.28568],[127.76748,36.28573],[127.7685,36.28513],[127.76926,36.28568],[127.7697,36.28684],[127.76922,36.28753],[127.76979,36.28817],[127.76935,36.28972],[127.77017,36.29027],[127.77181,36.29004],[127.77334,36.29132],[127.77583,36.29189],[127.77643,36.29051],[127.77758,36.28987],[127.78168,36.28942],[127.78236,36.29009],[127.78378,36.29039],[127.78679,36.28816],[127.78775,36.2886],[127.78907,36.29097],[127.79136,36.29125],[127.79445,36.2905],[127.7953,36.29626],[127.79472,36.29724],[127.79526,36.29772],[127.79669,36.29749],[127.79959,36.29829],[127.80113,36.29777],[127.80151,36.29945],[127.80036,36.30144],[127.80053,36.30302],[127.80133,36.30371],[127.80351,36.30407],[127.80396,36.30474],[127.80515,36.305],[127.80853,36.30942],[127.80908,36.30947],[127.80952,36.30888],[127.81322,36.30872],[127.81374,36.30804],[127.81437,36.30817],[127.81718,36.31008],[127.81814,36.31182],[127.81902,36.31165],[127.81973,36.30701],[127.82098,36.30517],[127.82316,36.30644],[127.82257,36.30769],[127.8246,36.30914],[127.82503,36.31009],[127.8287,36.31009],[127.83227,36.31134],[127.83506,36.31117],[127.83551,36.31176],[127.83531,36.31274],[127.83644,36.31348],[127.83819,36.31407],[127.84051,36.31566],[127.84125,36.31553],[127.84447,36.31652]]]}},{"type":"Feature","properties":{"cd":"43745","sgis_cd":"33590","name":"증평군","full":"증평군","cx":127.6046,"cy":36.78647},"geometry":{"type":"Polygon","coordinates":[[[127.58345,36.8599],[127.58597,36.85943],[127.58637,36.85761],[127.58704,36.85725],[127.58876,36.85771],[127.59053,36.85729],[127.59121,36.85782],[127.5919,36.85741],[127.59329,36.85558],[127.59396,36.85543],[127.59654,36.85159],[127.6004,36.85269],[127.60321,36.85188],[127.60441,36.8528],[127.60439,36.85355],[127.60587,36.85362],[127.60672,36.85322],[127.60746,36.85415],[127.61042,36.85598],[127.61099,36.85581],[127.61135,36.85663],[127.61373,36.85839],[127.61452,36.85817],[127.6166,36.85866],[127.61749,36.85772],[127.61594,36.85363],[127.61545,36.85293],[127.61445,36.85325],[127.61149,36.84779],[127.61158,36.84671],[127.61223,36.84636],[127.61196,36.84515],[127.61327,36.84377],[127.61316,36.8393],[127.61385,36.83885],[127.61339,36.83645],[127.61367,36.8357],[127.61532,36.83528],[127.61556,36.8339],[127.61676,36.83398],[127.61826,36.83618],[127.61999,36.8369],[127.62377,36.83561],[127.6242,36.83722],[127.62495,36.83771],[127.62559,36.83924],[127.62639,36.84253],[127.62764,36.84289],[127.62802,36.84358],[127.63003,36.84365],[127.63099,36.84517],[127.63347,36.84585],[127.63523,36.84719],[127.63754,36.84695],[127.63733,36.84589],[127.63918,36.84359],[127.63858,36.84112],[127.63659,36.83913],[127.63616,36.83713],[127.63406,36.83642],[127.63399,36.83476],[127.63257,36.8313],[127.6309,36.83041],[127.63013,36.8285],[127.63055,36.82781],[127.63045,36.82565],[127.62951,36.82449],[127.62998,36.82264],[127.62928,36.82157],[127.63022,36.81923],[127.62986,36.81848],[127.63057,36.8174],[127.63009,36.81624],[127.63508,36.81256],[127.63543,36.81115],[127.63498,36.80881],[127.63422,36.80826],[127.63401,36.8073],[127.63458,36.80686],[127.63538,36.80715],[127.63592,36.80654],[127.63551,36.80539],[127.63607,36.80465],[127.64013,36.80344],[127.64034,36.80154],[127.64168,36.8013],[127.64194,36.80074],[127.63812,36.79557],[127.637,36.79528],[127.63472,36.7935],[127.62695,36.79421],[127.62715,36.79189],[127.62533,36.79141],[127.62628,36.79044],[127.62599,36.78982],[127.62549,36.78931],[127.62377,36.78949],[127.62267,36.78835],[127.62094,36.78787],[127.62136,36.78355],[127.62048,36.77935],[127.62083,36.77859],[127.62211,36.77852],[127.62294,36.77904],[127.62467,36.77701],[127.62604,36.77712],[127.62724,36.77663],[127.62805,36.77358],[127.62932,36.77345],[127.62703,36.76723],[127.62555,36.76586],[127.62367,36.76075],[127.62613,36.75975],[127.62809,36.75642],[127.62941,36.75623],[127.62997,36.75563],[127.62983,36.75492],[127.63153,36.75406],[127.63282,36.75231],[127.6337,36.75185],[127.63553,36.75209],[127.63574,36.75098],[127.63495,36.7487],[127.63578,36.74829],[127.63536,36.74694],[127.63658,36.74539],[127.63581,36.74453],[127.63659,36.74342],[127.63602,36.74131],[127.63727,36.74016],[127.63746,36.73919],[127.63822,36.73924],[127.63893,36.73814],[127.63848,36.73675],[127.63895,36.73255],[127.63967,36.73196],[127.64135,36.73175],[127.64233,36.73233],[127.6458,36.73243],[127.64685,36.73324],[127.65,36.73266],[127.65024,36.73367],[127.65104,36.734],[127.65106,36.73499],[127.65257,36.73552],[127.65427,36.73517],[127.65432,36.73437],[127.6554,36.73401],[127.65681,36.73258],[127.65969,36.73207],[127.66206,36.73245],[127.66345,36.73154],[127.66454,36.72992],[127.66383,36.72762],[127.66273,36.72603],[127.66186,36.72575],[127.66221,36.72503],[127.66141,36.72229],[127.66213,36.7206],[127.66156,36.71936],[127.66213,36.7172],[127.66304,36.71614],[127.66266,36.715],[127.6613,36.71467],[127.65908,36.71126],[127.65904,36.70988],[127.65585,36.70655],[127.65484,36.7044],[127.65216,36.70305],[127.65119,36.70201],[127.65011,36.70209],[127.64776,36.70128],[127.64514,36.70214],[127.64423,36.70287],[127.6424,36.70262],[127.64131,36.70404],[127.64121,36.70566],[127.63896,36.70686],[127.63824,36.70797],[127.63522,36.70876],[127.63333,36.70883],[127.6329,36.7079],[127.62982,36.70727],[127.62737,36.70747],[127.62662,36.70641],[127.62584,36.70665],[127.62497,36.7063],[127.623,36.70462],[127.61905,36.7072],[127.61793,36.70745],[127.61839,36.70931],[127.618,36.71156],[127.61871,36.71316],[127.61885,36.71633],[127.618,36.71736],[127.61543,36.71867],[127.61562,36.72049],[127.61484,36.72216],[127.61521,36.7232],[127.61382,36.72648],[127.61125,36.7275],[127.61087,36.72813],[127.6114,36.72922],[127.60937,36.73037],[127.61034,36.73226],[127.61004,36.73346],[127.61056,36.73527],[127.6087,36.73632],[127.6083,36.73704],[127.60869,36.73791],[127.60799,36.73846],[127.60814,36.73975],[127.60645,36.74022],[127.60665,36.74205],[127.60607,36.74343],[127.60486,36.74404],[127.60433,36.74542],[127.60315,36.74597],[127.60289,36.74561],[127.60047,36.74576],[127.59829,36.74422],[127.59599,36.74465],[127.59536,36.74536],[127.59395,36.74573],[127.59343,36.74638],[127.59256,36.74643],[127.59082,36.7476],[127.59018,36.74864],[127.59076,36.74985],[127.59032,36.75312],[127.58855,36.75386],[127.58717,36.75543],[127.58838,36.75727],[127.58893,36.76061],[127.58737,36.76055],[127.58578,36.76189],[127.58364,36.76192],[127.58201,36.76505],[127.5796,36.76624],[127.57907,36.767],[127.57706,36.76637],[127.57681,36.76689],[127.57505,36.76738],[127.57164,36.77064],[127.57113,36.77166],[127.56909,36.77153],[127.56781,36.77273],[127.56659,36.77742],[127.56598,36.77873],[127.56486,36.77959],[127.56468,36.78267],[127.56081,36.78482],[127.56128,36.7877],[127.55869,36.79127],[127.55724,36.79565],[127.55518,36.79922],[127.55402,36.79985],[127.55187,36.79873],[127.55089,36.79888],[127.54979,36.79803],[127.54813,36.79836],[127.54496,36.8011],[127.5431,36.80187],[127.54309,36.80237],[127.54066,36.80452],[127.53733,36.80859],[127.541,36.81044],[127.54199,36.81201],[127.54484,36.81351],[127.54787,36.81276],[127.55004,36.81286],[127.55148,36.81421],[127.55375,36.81499],[127.55567,36.81743],[127.55714,36.81741],[127.55965,36.81862],[127.56054,36.81966],[127.56132,36.81844],[127.56428,36.81816],[127.56932,36.82048],[127.57074,36.81964],[127.5721,36.81999],[127.57277,36.82112],[127.57371,36.8214],[127.57662,36.82504],[127.57686,36.82646],[127.57923,36.82823],[127.57834,36.82961],[127.57721,36.82899],[127.5714,36.8279],[127.56922,36.82998],[127.56995,36.83135],[127.5702,36.83361],[127.56867,36.83854],[127.56951,36.83938],[127.57258,36.84071],[127.57281,36.84123],[127.57157,36.84389],[127.5723,36.84523],[127.57217,36.84608],[127.57339,36.84722],[127.57153,36.85006],[127.57379,36.85087],[127.57635,36.85068],[127.57715,36.85175],[127.57825,36.85184],[127.57862,36.85263],[127.57775,36.85546],[127.57848,36.85773],[127.58148,36.85958],[127.58345,36.8599]]]}},{"type":"Feature","properties":{"cd":"43750","sgis_cd":"33550","name":"진천군","full":"진천군","cx":127.44046,"cy":36.87099},"geometry":{"type":"Polygon","coordinates":[[[127.44138,37.0119],[127.44456,37.012],[127.44624,37.01082],[127.44709,37.01088],[127.44904,37.00985],[127.4483,37.00755],[127.44857,37.00537],[127.44911,37.00435],[127.45009,37.00383],[127.44823,37.00273],[127.44883,37.00178],[127.44756,37.00067],[127.44812,36.99765],[127.45048,36.99512],[127.44992,36.99442],[127.4501,36.99385],[127.44872,36.99391],[127.44866,36.98988],[127.44807,36.98991],[127.44851,36.98605],[127.45032,36.9819],[127.45017,36.9811],[127.44872,36.98014],[127.44941,36.97666],[127.45044,36.97531],[127.45155,36.97473],[127.45288,36.97521],[127.45399,36.97395],[127.4537,36.97283],[127.45438,36.97114],[127.45399,36.96983],[127.45624,36.96723],[127.45583,36.96619],[127.45713,36.96545],[127.45727,36.96382],[127.45548,36.96292],[127.45493,36.96067],[127.45328,36.96055],[127.45297,36.96158],[127.45161,36.96159],[127.45058,36.96318],[127.44933,36.96293],[127.44838,36.96322],[127.4481,36.96188],[127.44641,36.96136],[127.44678,36.96046],[127.44583,36.96006],[127.44535,36.95876],[127.44587,36.95809],[127.44677,36.95142],[127.44814,36.94882],[127.44961,36.94795],[127.45244,36.94815],[127.45762,36.94708],[127.45951,36.9481],[127.46207,36.94762],[127.46349,36.94842],[127.46404,36.94681],[127.46376,36.94539],[127.4664,36.94031],[127.46651,36.93924],[127.47063,36.93603],[127.47291,36.93582],[127.47654,36.93636],[127.47823,36.93593],[127.48124,36.93371],[127.48265,36.93478],[127.48267,36.93649],[127.48321,36.93707],[127.4849,36.9376],[127.48614,36.93869],[127.49281,36.93876],[127.4966,36.93578],[127.49851,36.93492],[127.49992,36.9332],[127.49963,36.93214],[127.50259,36.93232],[127.50499,36.933],[127.50744,36.9314],[127.50761,36.9304],[127.50875,36.92986],[127.50884,36.92923],[127.51133,36.93094],[127.51185,36.92879],[127.51382,36.92756],[127.51324,36.92581],[127.51621,36.92456],[127.51763,36.92266],[127.5194,36.92288],[127.52061,36.91981],[127.52169,36.91964],[127.52285,36.91838],[127.52251,36.91796],[127.52337,36.91485],[127.52468,36.91318],[127.52645,36.91223],[127.52638,36.91141],[127.52725,36.91087],[127.5294,36.91116],[127.53146,36.91238],[127.53312,36.91171],[127.53381,36.91198],[127.53568,36.91105],[127.53514,36.91036],[127.53895,36.90827],[127.54093,36.90617],[127.54404,36.90523],[127.54378,36.90454],[127.54609,36.90348],[127.54588,36.90321],[127.54663,36.90258],[127.546,36.90191],[127.54599,36.90091],[127.54704,36.90076],[127.54741,36.89992],[127.54846,36.9005],[127.55027,36.89919],[127.55371,36.89872],[127.55481,36.8994],[127.55578,36.89908],[127.55521,36.89853],[127.55481,36.89652],[127.55368,36.89602],[127.55185,36.89392],[127.55265,36.89249],[127.55522,36.89132],[127.55563,36.89047],[127.55485,36.88868],[127.55565,36.88616],[127.55653,36.88634],[127.55751,36.88572],[127.55827,36.88634],[127.55976,36.8866],[127.56078,36.88567],[127.56058,36.88491],[127.56143,36.88281],[127.56266,36.88222],[127.56668,36.8827],[127.56696,36.88604],[127.56856,36.88572],[127.57187,36.88092],[127.57196,36.87886],[127.57149,36.87841],[127.57195,36.87857],[127.57229,36.8774],[127.57344,36.87767],[127.57591,36.87999],[127.57708,36.87938],[127.57775,36.87978],[127.57979,36.87802],[127.58345,36.87624],[127.58504,36.87459],[127.58468,36.87355],[127.58516,36.87109],[127.58511,36.87018],[127.58272,36.86822],[127.58254,36.8675],[127.58128,36.86662],[127.57791,36.86655],[127.57764,36.86556],[127.57663,36.86465],[127.5779,36.86325],[127.57782,36.86253],[127.57553,36.85838],[127.57562,36.85775],[127.57828,36.85376],[127.57859,36.85229],[127.57825,36.85184],[127.57715,36.85175],[127.57635,36.85068],[127.57379,36.85087],[127.57153,36.85006],[127.57339,36.84722],[127.57217,36.84608],[127.5723,36.84523],[127.57157,36.84389],[127.57281,36.84123],[127.57258,36.84071],[127.56951,36.83938],[127.56867,36.83854],[127.5702,36.83361],[127.56995,36.83135],[127.56922,36.82998],[127.5699,36.82931],[127.57201,36.82781],[127.57592,36.82898],[127.57721,36.82899],[127.57834,36.82961],[127.57923,36.82823],[127.57686,36.82646],[127.57662,36.82504],[127.57528,36.82321],[127.57371,36.8214],[127.57277,36.82112],[127.5721,36.81999],[127.57074,36.81964],[127.56932,36.82048],[127.56606,36.81875],[127.56314,36.81801],[127.56132,36.81844],[127.56054,36.81966],[127.55965,36.81862],[127.55714,36.81741],[127.55567,36.81743],[127.55375,36.81499],[127.55148,36.81421],[127.55004,36.81286],[127.54787,36.81276],[127.54484,36.81351],[127.54199,36.81201],[127.541,36.81044],[127.53733,36.80859],[127.54066,36.80452],[127.54309,36.80237],[127.5431,36.80187],[127.54496,36.8011],[127.54813,36.79836],[127.54979,36.79803],[127.55089,36.79888],[127.55187,36.79873],[127.55402,36.79985],[127.55518,36.79922],[127.55724,36.79565],[127.55869,36.79127],[127.56128,36.7877],[127.56081,36.78482],[127.56462,36.78277],[127.5648,36.78027],[127.5611,36.77862],[127.55528,36.77767],[127.54967,36.77548],[127.53553,36.77256],[127.53209,36.77082],[127.52534,36.76981],[127.51859,36.76934],[127.50902,36.76681],[127.50774,36.76719],[127.5076,36.76785],[127.50936,36.76954],[127.5103,36.77233],[127.50914,36.77429],[127.50865,36.77691],[127.505,36.77948],[127.49711,36.78],[127.49463,36.77788],[127.49422,36.77683],[127.49208,36.77643],[127.49114,36.7749],[127.49132,36.77413],[127.49044,36.7738],[127.4878,36.77542],[127.48353,36.77622],[127.4818,36.776],[127.4806,36.77549],[127.48115,36.7744],[127.47749,36.77305],[127.47373,36.77016],[127.47041,36.76882],[127.46736,36.76993],[127.46672,36.7695],[127.46585,36.76995],[127.46408,36.76969],[127.46174,36.77026],[127.46039,36.76991],[127.45844,36.76578],[127.45764,36.76571],[127.45692,36.76465],[127.45095,36.761],[127.4509,36.75998],[127.4499,36.75906],[127.44993,36.7562],[127.44861,36.75465],[127.44945,36.75372],[127.45095,36.74942],[127.44719,36.74886],[127.44575,36.74968],[127.44372,36.74873],[127.44172,36.75026],[127.44135,36.75218],[127.43912,36.75323],[127.43808,36.7533],[127.4357,36.75153],[127.43274,36.75146],[127.43204,36.75198],[127.43053,36.75168],[127.43008,36.75093],[127.42711,36.75081],[127.42675,36.75193],[127.42586,36.75223],[127.42478,36.75482],[127.42503,36.75593],[127.427,36.75648],[127.42694,36.75761],[127.42456,36.75771],[127.42446,36.75876],[127.42254,36.75844],[127.42144,36.75764],[127.41969,36.75767],[127.42038,36.76093],[127.41718,36.76353],[127.41686,36.76633],[127.41504,36.76784],[127.41391,36.76985],[127.41426,36.77137],[127.41295,36.77322],[127.41085,36.77283],[127.40941,36.7732],[127.40865,36.77388],[127.40639,36.77383],[127.40444,36.77467],[127.40331,36.77448],[127.40326,36.77507],[127.4019,36.77571],[127.40124,36.77719],[127.40179,36.77805],[127.40156,36.77879],[127.39991,36.78019],[127.39982,36.78085],[127.39747,36.78214],[127.39642,36.78191],[127.39549,36.78247],[127.39499,36.7841],[127.39564,36.78535],[127.39674,36.78593],[127.396,36.78784],[127.39674,36.79028],[127.39731,36.79115],[127.39944,36.79228],[127.40057,36.79449],[127.40172,36.79514],[127.4008,36.79782],[127.40118,36.79875],[127.40081,36.79909],[127.39877,36.79903],[127.39749,36.79968],[127.3972,36.80045],[127.39568,36.8015],[127.39421,36.80393],[127.39296,36.80422],[127.3916,36.80658],[127.38787,36.80847],[127.38741,36.80941],[127.38626,36.80964],[127.38215,36.81375],[127.38149,36.81408],[127.37885,36.81387],[127.37779,36.81498],[127.37534,36.81502],[127.37411,36.81598],[127.37096,36.81671],[127.36951,36.81625],[127.36661,36.81697],[127.36397,36.81974],[127.36075,36.82055],[127.35811,36.82246],[127.35716,36.82356],[127.35808,36.82544],[127.35723,36.82751],[127.35606,36.82865],[127.35174,36.83067],[127.34818,36.83036],[127.34637,36.82931],[127.34515,36.82957],[127.34391,36.83048],[127.34231,36.8304],[127.33929,36.83125],[127.33819,36.83102],[127.3366,36.82973],[127.33454,36.83067],[127.33356,36.83197],[127.335,36.83444],[127.33561,36.83742],[127.33418,36.83809],[127.33409,36.83932],[127.33462,36.84215],[127.3368,36.84564],[127.33602,36.84729],[127.33665,36.84803],[127.33623,36.84912],[127.33633,36.85285],[127.33692,36.8537],[127.33655,36.85462],[127.33479,36.85618],[127.32813,36.85816],[127.3265,36.85804],[127.32452,36.8569],[127.32092,36.85793],[127.3193,36.85906],[127.3173,36.85869],[127.3166,36.85918],[127.31536,36.85898],[127.31483,36.85825],[127.31273,36.85746],[127.30875,36.85978],[127.3073,36.8597],[127.30716,36.86131],[127.30578,36.86336],[127.30756,36.86504],[127.30767,36.86599],[127.30857,36.86696],[127.31061,36.86788],[127.31129,36.87049],[127.30986,36.87343],[127.31067,36.87481],[127.31004,36.87556],[127.30951,36.87821],[127.31121,36.88034],[127.30834,36.88218],[127.30782,36.88544],[127.30402,36.88542],[127.30388,36.88611],[127.30114,36.8877],[127.29927,36.8898],[127.29598,36.88975],[127.29247,36.89196],[127.29059,36.8922],[127.28988,36.89403],[127.28783,36.89378],[127.2903,36.89432],[127.28961,36.89565],[127.29033,36.8977],[127.29375,36.90032],[127.29451,36.90174],[127.29643,36.90268],[127.29665,36.90392],[127.29737,36.90396],[127.29729,36.90673],[127.29854,36.90695],[127.2997,36.9082],[127.29907,36.90896],[127.30196,36.91191],[127.30133,36.91282],[127.30261,36.91427],[127.30336,36.91639],[127.30065,36.91891],[127.30091,36.91977],[127.29844,36.92272],[127.29838,36.92404],[127.29521,36.92975],[127.29497,36.93067],[127.29563,36.93128],[127.29552,36.9305],[127.29641,36.93007],[127.2982,36.93009],[127.3002,36.9294],[127.30385,36.93006],[127.30457,36.92955],[127.30582,36.92943],[127.30734,36.92988],[127.30899,36.92939],[127.31268,36.93107],[127.3148,36.93124],[127.31481,36.93253],[127.31621,36.93473],[127.31873,36.93427],[127.32287,36.93652],[127.32424,36.93591],[127.32682,36.93594],[127.32751,36.93674],[127.33032,36.93758],[127.3332,36.94035],[127.33883,36.94251],[127.3391,36.94313],[127.34193,36.94313],[127.34316,36.94432],[127.34239,36.94632],[127.34344,36.94744],[127.34326,36.94826],[127.34411,36.94839],[127.34582,36.95],[127.34674,36.95001],[127.34963,36.95279],[127.354,36.95267],[127.3557,36.95139],[127.35761,36.94769],[127.36176,36.9495],[127.36353,36.94902],[127.36578,36.94914],[127.3673,36.9503],[127.36862,36.94954],[127.36939,36.95008],[127.37202,36.94991],[127.37306,36.94895],[127.37566,36.94866],[127.37579,36.94989],[127.37821,36.95209],[127.37874,36.9541],[127.3783,36.95612],[127.37872,36.95789],[127.37962,36.95873],[127.38113,36.95879],[127.38263,36.95981],[127.38349,36.95937],[127.38482,36.95962],[127.38727,36.96446],[127.38828,36.96473],[127.39006,36.964],[127.39101,36.96533],[127.39303,36.96563],[127.39579,36.96503],[127.39632,36.96447],[127.39747,36.96464],[127.40153,36.96768],[127.39966,36.96986],[127.39835,36.97064],[127.39723,36.97269],[127.39635,36.97328],[127.39667,36.9746],[127.39537,36.97536],[127.39432,36.97698],[127.39234,36.97817],[127.39063,36.97829],[127.38938,36.98008],[127.3861,36.98141],[127.38497,36.98363],[127.38673,36.98633],[127.38837,36.98723],[127.3893,36.9895],[127.39131,36.99165],[127.39219,36.99343],[127.39169,36.99396],[127.39191,36.99479],[127.39311,36.99743],[127.39421,36.99837],[127.39551,36.99875],[127.3973,36.99843],[127.39873,36.99882],[127.39979,36.99986],[127.40254,36.99891],[127.40684,36.99832],[127.40795,36.99855],[127.4095,36.99978],[127.41009,36.9996],[127.41135,37.00018],[127.41397,36.99948],[127.41745,37.00121],[127.41736,37.00153],[127.41855,37.00164],[127.4192,37.00296],[127.42124,37.00396],[127.42365,37.003],[127.42506,37.00354],[127.42571,37.00282],[127.42882,37.00219],[127.42958,37.00125],[127.43142,37.00242],[127.43143,37.00306],[127.43303,37.00458],[127.43654,37.0056],[127.43712,37.00658],[127.43709,37.00832],[127.43783,37.00854],[127.43873,37.01021],[127.44084,37.01211],[127.44138,37.0119]]]}},{"type":"Feature","properties":{"cd":"43760","sgis_cd":"33560","name":"괴산군","full":"괴산군","cx":127.8296,"cy":36.7697},"geometry":{"type":"Polygon","coordinates":[[[127.80073,36.94753],[127.80278,36.94667],[127.8066,36.94595],[127.80731,36.94424],[127.80715,36.94159],[127.80829,36.94106],[127.80944,36.93958],[127.81193,36.94074],[127.81497,36.94055],[127.816,36.94127],[127.81938,36.94107],[127.82022,36.94145],[127.82031,36.94246],[127.82106,36.94259],[127.82157,36.94344],[127.82406,36.9428],[127.82466,36.94196],[127.82581,36.94216],[127.82619,36.94041],[127.82942,36.94047],[127.83043,36.93983],[127.83159,36.94018],[127.83294,36.93985],[127.83345,36.9374],[127.8323,36.93694],[127.83181,36.93538],[127.83242,36.93346],[127.83356,36.93314],[127.83466,36.93202],[127.83538,36.92995],[127.83665,36.93049],[127.83985,36.93003],[127.843,36.92771],[127.84316,36.9266],[127.84244,36.9254],[127.8424,36.92387],[127.84182,36.92331],[127.8424,36.92168],[127.84087,36.92105],[127.83996,36.91983],[127.84209,36.9174],[127.83975,36.91583],[127.83792,36.91366],[127.83915,36.91259],[127.84054,36.91228],[127.84147,36.91121],[127.84375,36.91114],[127.84605,36.90925],[127.85244,36.90928],[127.85284,36.908],[127.85505,36.90724],[127.85834,36.90492],[127.85986,36.8998],[127.86086,36.89944],[127.86399,36.89622],[127.86786,36.89708],[127.8722,36.89559],[127.8815,36.89584],[127.88305,36.89016],[127.89392,36.89196],[127.89596,36.89295],[127.90068,36.8974],[127.90318,36.89355],[127.90365,36.89201],[127.90358,36.88794],[127.90449,36.88722],[127.90845,36.88585],[127.90925,36.88582],[127.91003,36.88651],[127.91369,36.88567],[127.9152,36.88312],[127.91773,36.88106],[127.9198,36.88132],[127.92429,36.88291],[127.92699,36.88459],[127.92746,36.88549],[127.92922,36.88613],[127.93038,36.88797],[127.93377,36.88741],[127.93668,36.8889],[127.9352,36.88779],[127.93749,36.88844],[127.94006,36.88774],[127.94595,36.8881],[127.95116,36.88631],[127.9519,36.88473],[127.94941,36.88287],[127.94767,36.8785],[127.94788,36.87749],[127.94513,36.87491],[127.94546,36.8735],[127.94651,36.87237],[127.94842,36.87279],[127.94992,36.87227],[127.95401,36.86929],[127.95668,36.86843],[127.95726,36.86736],[127.96064,36.86513],[127.96269,36.86163],[127.96937,36.85934],[127.96791,36.85768],[127.96892,36.85672],[127.96807,36.85533],[127.96788,36.85311],[127.9669,36.85094],[127.97038,36.84753],[127.97028,36.84527],[127.97128,36.84495],[127.97225,36.84319],[127.97368,36.84204],[127.97434,36.84208],[127.97567,36.83813],[127.97716,36.83615],[127.97445,36.8332],[127.9731,36.82979],[127.97159,36.82806],[127.9717,36.82635],[127.97239,36.82547],[127.976,36.8237],[127.98185,36.82343],[127.98239,36.82198],[127.98175,36.82027],[127.9831,36.81787],[127.98241,36.81598],[127.98529,36.8161],[127.98664,36.81573],[127.99259,36.81267],[127.99779,36.81295],[128.00015,36.81117],[128.00204,36.81041],[128.00367,36.81058],[128.01159,36.80679],[128.01239,36.80801],[128.01367,36.80876],[128.01662,36.80789],[128.0175,36.80806],[128.02113,36.81028],[128.02171,36.81193],[128.02303,36.81312],[128.024,36.81515],[128.02217,36.81739],[128.0232,36.82229],[128.02386,36.8232],[128.02302,36.82477],[128.02404,36.82599],[128.02859,36.82488],[128.03022,36.82533],[128.03547,36.82495],[128.03638,36.82461],[128.03902,36.8214],[128.04223,36.8206],[128.04724,36.82222],[128.04897,36.82149],[128.05148,36.819],[128.05252,36.81868],[128.05467,36.81905],[128.05683,36.81717],[128.05923,36.81639],[128.05926,36.81359],[128.05769,36.81175],[128.05736,36.81047],[128.05782,36.80992],[128.05683,36.80913],[128.05774,36.80831],[128.05795,36.80701],[128.05501,36.8061],[128.05397,36.8052],[128.05493,36.80398],[128.05553,36.79944],[128.05613,36.79842],[128.05526,36.79684],[128.05572,36.79595],[128.05498,36.79266],[128.05325,36.79168],[128.0512,36.78884],[128.05007,36.7856],[128.04876,36.78362],[128.04556,36.78244],[128.04691,36.7786],[128.04576,36.778],[128.04587,36.77695],[128.04468,36.77459],[128.04481,36.77105],[128.04214,36.76842],[128.0412,36.76833],[128.04051,36.76603],[128.03735,36.76103],[128.03237,36.75517],[128.03272,36.75265],[128.03232,36.74758],[128.03438,36.74556],[128.0384,36.74366],[128.04235,36.74068],[128.04627,36.73915],[128.05073,36.73671],[128.05392,36.7319],[128.05556,36.73042],[128.0561,36.7303],[128.05725,36.73108],[128.05846,36.73017],[128.06064,36.72689],[128.062,36.72603],[128.0626,36.72613],[128.06799,36.72223],[128.06821,36.7203],[128.07149,36.71561],[128.07273,36.71189],[128.07038,36.7077],[128.06729,36.70828],[128.06382,36.70803],[128.0587,36.70895],[128.05216,36.70776],[128.04903,36.70801],[128.04645,36.7094],[128.0456,36.71072],[128.04341,36.71232],[128.03937,36.71396],[128.03796,36.715],[128.03676,36.71492],[128.03472,36.71613],[128.03308,36.71723],[128.03191,36.71878],[128.02881,36.71946],[128.02578,36.71907],[128.02232,36.72157],[128.02093,36.72193],[128.01939,36.7237],[128.01954,36.72503],[128.01484,36.73019],[128.01128,36.7296],[128.00936,36.72838],[128.00868,36.72657],[128.00651,36.72545],[128.00695,36.72483],[128.00597,36.72404],[128.00609,36.72302],[128.00416,36.7212],[128.00194,36.71726],[127.99934,36.7174],[127.99744,36.71832],[127.99514,36.71818],[127.99347,36.71753],[127.99147,36.718],[127.99016,36.71722],[127.98685,36.71755],[127.98481,36.71864],[127.98366,36.71851],[127.98245,36.71955],[127.98025,36.72008],[127.9762,36.72363],[127.97651,36.72425],[127.97314,36.72619],[127.97072,36.73091],[127.96927,36.73142],[127.96824,36.73129],[127.96316,36.73339],[127.96055,36.73719],[127.95846,36.73684],[127.95697,36.73559],[127.95665,36.7335],[127.95516,36.732],[127.95534,36.72949],[127.95426,36.72822],[127.95485,36.72716],[127.9536,36.72268],[127.95145,36.72062],[127.94919,36.71988],[127.94932,36.71874],[127.94874,36.71754],[127.94964,36.71599],[127.94886,36.71402],[127.94962,36.71264],[127.94918,36.70925],[127.94953,36.70805],[127.94647,36.70621],[127.9457,36.70641],[127.9446,36.70604],[127.9429,36.70688],[127.93898,36.70656],[127.93809,36.70688],[127.93459,36.70571],[127.93357,36.70648],[127.93086,36.70135],[127.93166,36.69756],[127.93159,36.69442],[127.92892,36.69084],[127.92646,36.69033],[127.92261,36.69213],[127.9182,36.69238],[127.91732,36.69333],[127.91584,36.69399],[127.91435,36.69301],[127.91271,36.69265],[127.90928,36.69327],[127.90738,36.69259],[127.90376,36.69361],[127.90131,36.69312],[127.89818,36.69312],[127.89541,36.69469],[127.89419,36.69491],[127.89381,36.69465],[127.89447,36.6933],[127.89419,36.69216],[127.89084,36.69232],[127.88858,36.69185],[127.88686,36.69064],[127.88584,36.68825],[127.88411,36.68757],[127.88262,36.68784],[127.88092,36.68732],[127.88067,36.68662],[127.88184,36.68593],[127.88197,36.68345],[127.88077,36.68371],[127.8784,36.68236],[127.87575,36.68307],[127.87466,36.6826],[127.87429,36.68196],[127.87707,36.68078],[127.87727,36.67973],[127.88001,36.67871],[127.88105,36.67896],[127.88193,36.68002],[127.88293,36.67943],[127.8843,36.67917],[127.88501,36.67944],[127.88762,36.67863],[127.88965,36.68057],[127.88957,36.68117],[127.89145,36.68243],[127.89517,36.68109],[127.89716,36.68129],[127.89895,36.68225],[127.90037,36.68221],[127.9008,36.68111],[127.90171,36.68053],[127.90376,36.68054],[127.90857,36.67948],[127.91003,36.67794],[127.91297,36.67767],[127.9145,36.67477],[127.91507,36.67239],[127.91586,36.67184],[127.91771,36.66786],[127.92028,36.66858],[127.92319,36.66813],[127.92777,36.66896],[127.92957,36.66876],[127.92983,36.66661],[127.93221,36.66452],[127.93164,36.6554],[127.93407,36.65332],[127.93908,36.65274],[127.9387,36.64877],[127.93921,36.64706],[127.939,36.64599],[127.93572,36.64418],[127.93431,36.64109],[127.93381,36.63609],[127.93521,36.63494],[127.93595,36.633],[127.93285,36.62874],[127.93248,36.62641],[127.93139,36.62458],[127.93288,36.62041],[127.93238,36.61875],[127.92857,36.61707],[127.9251,36.61644],[127.92409,36.61545],[127.92486,36.60406],[127.9262,36.60297],[127.92386,36.60254],[127.92395,36.60202],[127.91996,36.60112],[127.91872,36.60343],[127.91881,36.60868],[127.91392,36.61222],[127.9118,36.61454],[127.91044,36.61912],[127.90864,36.62217],[127.90837,36.62355],[127.90921,36.62471],[127.90859,36.62592],[127.90577,36.62592],[127.90344,36.62735],[127.90224,36.6276],[127.89818,36.62662],[127.89705,36.62676],[127.89379,36.62837],[127.89017,36.62887],[127.88934,36.62972],[127.88861,36.63126],[127.88874,36.63341],[127.88789,36.6349],[127.88927,36.63693],[127.88924,36.63985],[127.88767,36.64141],[127.88493,36.64279],[127.8849,36.64424],[127.8832,36.6453],[127.88235,36.6465],[127.88116,36.65301],[127.87966,36.65677],[127.87603,36.6563],[127.87393,36.65505],[127.87344,36.65219],[127.87233,36.65025],[127.86987,36.64881],[127.87013,36.64552],[127.86711,36.64413],[127.86714,36.64344],[127.86541,36.64128],[127.86353,36.64069],[127.86308,36.63768],[127.86129,36.63556],[127.85658,36.63447],[127.85508,36.63492],[127.85303,36.6348],[127.85211,36.63579],[127.85082,36.63456],[127.8489,36.63462],[127.84675,36.63399],[127.85057,36.63126],[127.8506,36.62916],[127.84784,36.62494],[127.84885,36.62218],[127.84982,36.62117],[127.84981,36.61958],[127.85119,36.61836],[127.85379,36.61821],[127.85573,36.61758],[127.8583,36.61353],[127.85618,36.61234],[127.8552,36.61188],[127.85161,36.61325],[127.8498,36.61312],[127.84727,36.61112],[127.84542,36.61091],[127.8407,36.6083],[127.83765,36.60937],[127.83744,36.61009],[127.83524,36.61118],[127.83437,36.61116],[127.83229,36.61276],[127.82994,36.61262],[127.82753,36.61077],[127.82665,36.61142],[127.82399,36.61236],[127.82274,36.61234],[127.821,36.61331],[127.8213,36.61143],[127.81857,36.6083],[127.81594,36.60824],[127.81431,36.60744],[127.81207,36.60758],[127.80835,36.6058],[127.80649,36.60366],[127.80464,36.60327],[127.80319,36.60214],[127.80199,36.60186],[127.79918,36.60238],[127.7985,36.60208],[127.79725,36.60438],[127.79428,36.60665],[127.79181,36.61033],[127.78626,36.61378],[127.78456,36.61268],[127.78391,36.61093],[127.78249,36.61027],[127.78144,36.60875],[127.77668,36.60805],[127.77646,36.60713],[127.77393,36.60601],[127.77236,36.60624],[127.76949,36.60399],[127.76869,36.6052],[127.76874,36.60642],[127.76687,36.60849],[127.76676,36.60931],[127.76571,36.61056],[127.76491,36.61063],[127.76462,36.61304],[127.76029,36.61661],[127.75667,36.6183],[127.75234,36.62154],[127.75025,36.62188],[127.75067,36.62275],[127.74948,36.62298],[127.74997,36.62564],[127.74908,36.62393],[127.74919,36.62612],[127.74427,36.62906],[127.74426,36.63038],[127.7436,36.63111],[127.74518,36.63224],[127.74099,36.63266],[127.74003,36.63315],[127.74066,36.63428],[127.74022,36.63494],[127.7377,36.63643],[127.73894,36.63961],[127.7381,36.64128],[127.73477,36.63965],[127.73147,36.64232],[127.72585,36.64468],[127.72419,36.64882],[127.7248,36.64958],[127.72337,36.6513],[127.72117,36.65124],[127.7191,36.65198],[127.71781,36.65133],[127.71553,36.65163],[127.71267,36.65033],[127.71121,36.65259],[127.70936,36.65404],[127.71091,36.65658],[127.71229,36.6572],[127.71191,36.65975],[127.71224,36.66042],[127.71039,36.66303],[127.7117,36.66423],[127.71265,36.6663],[127.71465,36.66537],[127.71264,36.66654],[127.71255,36.66771],[127.71554,36.66951],[127.71559,36.66916],[127.71924,36.67083],[127.72024,36.67203],[127.72497,36.67525],[127.72602,36.67751],[127.72556,36.67836],[127.72624,36.67938],[127.72631,36.68128],[127.72714,36.68252],[127.72318,36.68145],[127.7228,36.6817],[127.72354,36.68304],[127.72055,36.68618],[127.71904,36.6868],[127.71861,36.68827],[127.71289,36.69029],[127.71372,36.69522],[127.71136,36.696],[127.71125,36.69747],[127.70849,36.70033],[127.70693,36.70111],[127.70545,36.70048],[127.7034,36.70187],[127.70219,36.70378],[127.70291,36.70523],[127.70235,36.7069],[127.70279,36.70884],[127.70193,36.70987],[127.69984,36.71069],[127.6973,36.71026],[127.69567,36.71086],[127.69434,36.71198],[127.69269,36.71207],[127.68884,36.71556],[127.68779,36.71756],[127.68794,36.7195],[127.68689,36.72049],[127.68606,36.72066],[127.68453,36.71967],[127.68375,36.71734],[127.67955,36.71708],[127.67954,36.71761],[127.6774,36.71979],[127.67548,36.72],[127.67451,36.72126],[127.6714,36.72266],[127.66989,36.72506],[127.66691,36.72752],[127.66581,36.72973],[127.66451,36.72999],[127.66345,36.73154],[127.66206,36.73245],[127.65969,36.73207],[127.65681,36.73258],[127.6554,36.73401],[127.65432,36.73437],[127.65427,36.73517],[127.65218,36.73551],[127.65106,36.73499],[127.65104,36.734],[127.65024,36.73367],[127.65,36.73266],[127.64685,36.73324],[127.6458,36.73243],[127.64233,36.73233],[127.64135,36.73175],[127.63967,36.73196],[127.63867,36.73296],[127.63848,36.73675],[127.63893,36.73814],[127.63822,36.73924],[127.63746,36.73919],[127.63727,36.74016],[127.63602,36.74131],[127.63659,36.74342],[127.63581,36.74453],[127.63658,36.74539],[127.63536,36.74694],[127.63578,36.74829],[127.63495,36.7487],[127.63574,36.75098],[127.63553,36.75209],[127.6337,36.75185],[127.63282,36.75231],[127.63153,36.75406],[127.62983,36.75492],[127.62997,36.75563],[127.62941,36.75623],[127.62809,36.75642],[127.62613,36.75975],[127.62367,36.76075],[127.62555,36.76586],[127.62703,36.76723],[127.62932,36.77345],[127.62805,36.77358],[127.62724,36.77663],[127.62604,36.77712],[127.62467,36.77701],[127.62294,36.77904],[127.62211,36.77852],[127.62083,36.77859],[127.62046,36.78019],[127.62136,36.78355],[127.62094,36.78787],[127.62267,36.78835],[127.62377,36.78949],[127.62549,36.78931],[127.62599,36.78982],[127.62628,36.79044],[127.62533,36.79141],[127.62715,36.79189],[127.62702,36.79425],[127.63458,36.79345],[127.63608,36.79427],[127.637,36.79528],[127.63812,36.79557],[127.64194,36.80074],[127.64168,36.8013],[127.64034,36.80154],[127.64013,36.80344],[127.63607,36.80465],[127.63551,36.80539],[127.63592,36.80654],[127.63538,36.80715],[127.63458,36.80686],[127.63401,36.8073],[127.63422,36.80826],[127.63498,36.80881],[127.63543,36.81115],[127.63508,36.81256],[127.63009,36.81624],[127.63057,36.8174],[127.62986,36.81848],[127.63022,36.81923],[127.62928,36.82157],[127.62998,36.82264],[127.62951,36.82449],[127.63045,36.82565],[127.63055,36.82781],[127.63013,36.8285],[127.6309,36.83041],[127.63257,36.8313],[127.63399,36.83476],[127.63406,36.83642],[127.63616,36.83713],[127.63659,36.83913],[127.63791,36.84012],[127.63913,36.84257],[127.63918,36.84359],[127.63733,36.84589],[127.6378,36.84873],[127.64202,36.85575],[127.64342,36.85683],[127.64443,36.857],[127.64444,36.85796],[127.64853,36.85997],[127.65075,36.85985],[127.65239,36.86087],[127.65349,36.86093],[127.65441,36.86042],[127.65645,36.86072],[127.66139,36.85978],[127.66319,36.858],[127.6671,36.85771],[127.66849,36.85668],[127.66921,36.85496],[127.67132,36.85474],[127.67244,36.85347],[127.67476,36.85313],[127.67603,36.85195],[127.67606,36.85089],[127.67785,36.85095],[127.67777,36.85157],[127.67873,36.85261],[127.68034,36.85303],[127.68358,36.85617],[127.6833,36.85672],[127.68409,36.85902],[127.6861,36.85936],[127.68652,36.85987],[127.68715,36.86249],[127.68623,36.86339],[127.68616,36.86516],[127.68566,36.8657],[127.68589,36.86848],[127.68689,36.86911],[127.68771,36.87059],[127.68977,36.87154],[127.69184,36.87667],[127.69165,36.87731],[127.69215,36.87787],[127.69176,36.87867],[127.6932,36.87874],[127.69397,36.88005],[127.69656,36.88005],[127.69802,36.88061],[127.70018,36.87822],[127.70259,36.87811],[127.70772,36.87593],[127.70856,36.87838],[127.71053,36.87813],[127.71143,36.87878],[127.71312,36.87891],[127.71345,36.87844],[127.71449,36.87878],[127.71535,36.87747],[127.71624,36.87716],[127.71868,36.87806],[127.71965,36.87747],[127.72279,36.87815],[127.72374,36.87864],[127.72402,36.87967],[127.72522,36.88007],[127.72664,36.87961],[127.72797,36.87996],[127.72827,36.87938],[127.73038,36.87853],[127.7319,36.87865],[127.73523,36.87993],[127.73751,36.87865],[127.73798,36.87786],[127.7395,36.87864],[127.74348,36.87744],[127.74543,36.87803],[127.74762,36.87623],[127.74793,36.87442],[127.75054,36.87332],[127.75247,36.87477],[127.75339,36.87372],[127.75429,36.87349],[127.75757,36.87403],[127.7586,36.87384],[127.76085,36.87591],[127.76092,36.87674],[127.76247,36.87749],[127.76489,36.87662],[127.76667,36.87477],[127.76994,36.87613],[127.77079,36.87756],[127.7748,36.87788],[127.77594,36.87853],[127.77764,36.87855],[127.7789,36.87924],[127.78233,36.87971],[127.78339,36.88038],[127.78513,36.87964],[127.78774,36.88064],[127.78883,36.88262],[127.78935,36.88555],[127.78817,36.8878],[127.78712,36.8945],[127.78928,36.8959],[127.78943,36.89686],[127.79188,36.89761],[127.79236,36.8994],[127.79211,36.90115],[127.79141,36.90176],[127.78648,36.9035],[127.78487,36.90588],[127.79176,36.90683],[127.79205,36.906],[127.79116,36.90449],[127.79152,36.90414],[127.79288,36.90356],[127.79848,36.90275],[127.79752,36.90518],[127.79833,36.90856],[127.79626,36.9108],[127.79587,36.91311],[127.79377,36.91441],[127.79463,36.91554],[127.79436,36.91623],[127.79316,36.91687],[127.79169,36.91658],[127.79049,36.91685],[127.78953,36.91568],[127.78674,36.91583],[127.7856,36.91744],[127.78415,36.91763],[127.78356,36.91867],[127.78303,36.92275],[127.7819,36.92301],[127.78145,36.92416],[127.78392,36.92481],[127.7852,36.92457],[127.78747,36.92593],[127.78899,36.92611],[127.78843,36.92683],[127.78905,36.92864],[127.78767,36.92883],[127.78842,36.93064],[127.78681,36.93196],[127.78841,36.93379],[127.78803,36.9372],[127.79269,36.93948],[127.79339,36.94072],[127.7929,36.94293],[127.79378,36.94305],[127.79487,36.94407],[127.79494,36.94591],[127.79637,36.94671],[127.79856,36.94668],[127.79901,36.94726],[127.80073,36.94753]]]}},{"type":"Feature","properties":{"cd":"43770","sgis_cd":"33570","name":"음성군","full":"음성군","cx":127.61421,"cy":36.97623},"geometry":{"type":"Polygon","coordinates":[[[127.63028,37.1541],[127.63224,37.15389],[127.63329,37.15298],[127.63868,37.1531],[127.64122,37.15115],[127.64293,37.15186],[127.6451,37.1509],[127.64641,37.1512],[127.64809,37.15061],[127.65011,37.1476],[127.65119,37.14739],[127.65237,37.14805],[127.65637,37.14488],[127.65637,37.14426],[127.65575,37.14403],[127.65561,37.14238],[127.65734,37.14234],[127.65847,37.14114],[127.65988,37.14068],[127.65994,37.13992],[127.6613,37.13938],[127.666,37.13946],[127.67021,37.13611],[127.6774,37.13676],[127.68064,37.13565],[127.68278,37.13646],[127.6868,37.13506],[127.68859,37.13554],[127.69045,37.13736],[127.69251,37.13814],[127.69546,37.14042],[127.69688,37.13927],[127.70027,37.13779],[127.70314,37.13767],[127.70528,37.1369],[127.70637,37.13709],[127.70961,37.13569],[127.71097,37.13247],[127.71009,37.13112],[127.7119,37.12882],[127.71202,37.12777],[127.71464,37.12556],[127.71763,37.12532],[127.72054,37.12306],[127.72214,37.12082],[127.72208,37.11655],[127.72287,37.11592],[127.72282,37.11477],[127.72109,37.11232],[127.72111,37.11109],[127.7205,37.1107],[127.71774,37.11041],[127.71727,37.1096],[127.71487,37.10998],[127.71332,37.10905],[127.71258,37.10748],[127.71266,37.10636],[127.71013,37.10559],[127.70589,37.1052],[127.70459,37.10411],[127.70092,37.10299],[127.69993,37.09968],[127.6987,37.09979],[127.69815,37.0994],[127.69802,37.09821],[127.70014,37.09553],[127.69934,37.09163],[127.69676,37.08947],[127.69591,37.0873],[127.69345,37.08556],[127.69234,37.08312],[127.69218,37.08133],[127.6866,37.08094],[127.68517,37.07913],[127.68352,37.07814],[127.68292,37.07591],[127.68649,37.07325],[127.68752,37.06829],[127.68908,37.06644],[127.68882,37.06566],[127.68953,37.06297],[127.68923,37.06171],[127.69017,37.06027],[127.68977,37.05842],[127.69055,37.05725],[127.69027,37.05627],[127.69101,37.05524],[127.69069,37.05444],[127.69116,37.05307],[127.69022,37.05256],[127.68986,37.05152],[127.68698,37.04996],[127.68643,37.04929],[127.68652,37.04805],[127.68565,37.04738],[127.68363,37.0464],[127.68155,37.04612],[127.67961,37.04456],[127.67694,37.04413],[127.67379,37.04096],[127.67198,37.0402],[127.67209,37.03802],[127.67157,37.03726],[127.67203,37.03467],[127.67025,37.03436],[127.66865,37.03328],[127.66745,37.0332],[127.66429,37.03057],[127.66483,37.02665],[127.66429,37.02508],[127.66462,37.02319],[127.66095,37.0215],[127.65938,37.0194],[127.65736,37.01818],[127.657,37.01652],[127.65629,37.01591],[127.65724,37.01415],[127.6561,37.0132],[127.65715,37.01215],[127.65729,37.01092],[127.6595,37.01021],[127.65986,37.0081],[127.66308,37.00432],[127.6652,37.00429],[127.66552,37.00307],[127.65906,37.00346],[127.65741,37.003],[127.657,37.00216],[127.65506,37.00139],[127.65562,37.00051],[127.65536,36.99966],[127.65323,36.99749],[127.65446,36.99455],[127.65255,36.99169],[127.65267,36.98823],[127.65369,36.98656],[127.65094,36.98384],[127.6511,36.9828],[127.65269,36.98265],[127.65588,36.97983],[127.65948,36.97795],[127.66118,36.97784],[127.66178,36.97738],[127.66708,36.97866],[127.66754,36.98019],[127.66722,36.98051],[127.66902,36.98185],[127.66899,36.9822],[127.66808,36.98198],[127.66915,36.98231],[127.66914,36.98271],[127.66865,36.98302],[127.66811,36.98241],[127.66855,36.98343],[127.66786,36.98396],[127.66737,36.9835],[127.66653,36.98401],[127.66594,36.98314],[127.66554,36.98348],[127.66524,36.98271],[127.66474,36.98299],[127.66507,36.98383],[127.66372,36.98332],[127.66491,36.98439],[127.66376,36.98376],[127.66555,36.9846],[127.66676,36.98669],[127.66875,36.98793],[127.67031,36.9878],[127.67214,36.98585],[127.67363,36.9861],[127.675,36.98573],[127.67626,36.98645],[127.68207,36.98538],[127.68236,36.98579],[127.68453,36.98607],[127.68632,36.98589],[127.68735,36.9845],[127.68737,36.98288],[127.68662,36.98147],[127.69413,36.97857],[127.69491,36.97651],[127.69449,36.97497],[127.69659,36.97462],[127.69754,36.97395],[127.70051,36.97381],[127.70378,36.97201],[127.70336,36.97135],[127.70402,36.9691],[127.70585,36.96579],[127.70726,36.96479],[127.70917,36.96485],[127.71012,36.96444],[127.71059,36.96256],[127.71452,36.96111],[127.71627,36.95841],[127.71804,36.95845],[127.71859,36.95895],[127.72206,36.95873],[127.72247,36.95936],[127.72545,36.95799],[127.72685,36.95905],[127.72996,36.95796],[127.73055,36.95686],[127.73232,36.95546],[127.7329,36.95366],[127.73672,36.9542],[127.73929,36.95238],[127.74116,36.95253],[127.74249,36.95348],[127.74458,36.95407],[127.74516,36.95555],[127.74898,36.95607],[127.7501,36.95582],[127.75296,36.95795],[127.75442,36.95486],[127.75579,36.95501],[127.75567,36.95414],[127.75636,36.95303],[127.7569,36.95338],[127.75812,36.9528],[127.75859,36.95125],[127.76257,36.94845],[127.76384,36.94634],[127.76077,36.94478],[127.76236,36.94407],[127.76378,36.94087],[127.76484,36.93978],[127.76681,36.94035],[127.76839,36.93877],[127.76908,36.93866],[127.77006,36.93678],[127.77176,36.93617],[127.77203,36.93506],[127.77411,36.93377],[127.77563,36.93334],[127.77751,36.93432],[127.77895,36.93425],[127.78095,36.93487],[127.78274,36.93682],[127.78436,36.93772],[127.78664,36.93699],[127.78803,36.9372],[127.78841,36.93379],[127.78681,36.93196],[127.78842,36.93064],[127.78767,36.92883],[127.78905,36.92864],[127.78843,36.92683],[127.78899,36.92611],[127.78747,36.92593],[127.7852,36.92457],[127.78392,36.92481],[127.78145,36.92416],[127.7819,36.92301],[127.78303,36.92275],[127.78356,36.91867],[127.78415,36.91763],[127.7856,36.91744],[127.78674,36.91583],[127.78953,36.91568],[127.79049,36.91685],[127.79169,36.91658],[127.79316,36.91687],[127.79436,36.91623],[127.79463,36.91554],[127.79377,36.91441],[127.79564,36.91339],[127.79622,36.91252],[127.79626,36.9108],[127.79827,36.9088],[127.79752,36.90518],[127.79765,36.904],[127.79848,36.9029],[127.79742,36.90276],[127.79182,36.90396],[127.79116,36.90449],[127.79205,36.906],[127.79176,36.90683],[127.78487,36.90588],[127.78648,36.9035],[127.79141,36.90176],[127.79211,36.90115],[127.79236,36.8994],[127.79188,36.89761],[127.78943,36.89686],[127.78928,36.8959],[127.78712,36.8945],[127.78817,36.8878],[127.78935,36.88554],[127.78883,36.88262],[127.78774,36.88064],[127.78513,36.87964],[127.78339,36.88038],[127.78233,36.87971],[127.7789,36.87924],[127.77764,36.87855],[127.77594,36.87853],[127.7748,36.87788],[127.77079,36.87756],[127.76994,36.87613],[127.76667,36.87477],[127.76489,36.87662],[127.76247,36.87749],[127.76092,36.87674],[127.76085,36.87591],[127.7586,36.87384],[127.75757,36.87403],[127.75429,36.87349],[127.75339,36.87372],[127.75247,36.87477],[127.75054,36.87332],[127.74793,36.87442],[127.74762,36.87623],[127.74543,36.87803],[127.74348,36.87744],[127.7395,36.87864],[127.73798,36.87786],[127.73751,36.87865],[127.73523,36.87993],[127.7319,36.87865],[127.73038,36.87853],[127.72827,36.87938],[127.72797,36.87996],[127.72664,36.87961],[127.72522,36.88007],[127.72402,36.87967],[127.72374,36.87864],[127.72279,36.87815],[127.71965,36.87747],[127.71868,36.87806],[127.71624,36.87716],[127.71535,36.87747],[127.71449,36.87878],[127.71345,36.87844],[127.71312,36.87891],[127.71143,36.87878],[127.71053,36.87813],[127.70856,36.87838],[127.70772,36.87593],[127.70259,36.87811],[127.70018,36.87822],[127.69802,36.88061],[127.69656,36.88005],[127.69397,36.88005],[127.6932,36.87874],[127.69176,36.87867],[127.69215,36.87787],[127.69165,36.87731],[127.69184,36.87667],[127.68977,36.87154],[127.68771,36.87059],[127.68689,36.86911],[127.68589,36.86848],[127.68566,36.8657],[127.68616,36.86516],[127.68623,36.86339],[127.68715,36.86249],[127.68652,36.85987],[127.6861,36.85936],[127.68409,36.85902],[127.6833,36.85672],[127.68358,36.85617],[127.68034,36.85303],[127.67873,36.85261],[127.67777,36.85157],[127.67785,36.85095],[127.67606,36.85089],[127.67603,36.85195],[127.67476,36.85313],[127.67244,36.85347],[127.67132,36.85474],[127.66921,36.85496],[127.66849,36.85668],[127.6671,36.85771],[127.66319,36.858],[127.66139,36.85978],[127.65645,36.86072],[127.65441,36.86042],[127.65349,36.86093],[127.65239,36.86087],[127.65075,36.85985],[127.64853,36.85997],[127.64444,36.85796],[127.64443,36.857],[127.64342,36.85683],[127.64202,36.85575],[127.63909,36.85045],[127.63811,36.84974],[127.63754,36.84695],[127.63523,36.84719],[127.63347,36.84585],[127.63099,36.84517],[127.63003,36.84365],[127.62802,36.84358],[127.62764,36.84289],[127.62639,36.84253],[127.62559,36.83924],[127.62495,36.83771],[127.6242,36.83722],[127.62377,36.83561],[127.61999,36.8369],[127.61826,36.83618],[127.61643,36.83383],[127.61556,36.8339],[127.61532,36.83528],[127.61367,36.8357],[127.61339,36.83645],[127.61385,36.83885],[127.61316,36.8393],[127.61327,36.84377],[127.61196,36.84515],[127.61223,36.84636],[127.61158,36.84671],[127.61149,36.84779],[127.61445,36.85325],[127.61545,36.85293],[127.61594,36.85363],[127.61749,36.85772],[127.6166,36.85866],[127.61452,36.85817],[127.61373,36.85839],[127.61135,36.85663],[127.61099,36.85581],[127.61042,36.85598],[127.60746,36.85415],[127.60672,36.85322],[127.60587,36.85362],[127.60439,36.85355],[127.60441,36.8528],[127.60321,36.85188],[127.6004,36.85269],[127.59654,36.85159],[127.59396,36.85543],[127.59329,36.85558],[127.5919,36.85741],[127.59121,36.85782],[127.59053,36.85729],[127.58876,36.85771],[127.58704,36.85725],[127.58637,36.85761],[127.58597,36.85943],[127.58356,36.86007],[127.58148,36.85958],[127.57848,36.85773],[127.57775,36.85546],[127.57829,36.85336],[127.57562,36.85775],[127.57553,36.85838],[127.57782,36.86253],[127.5779,36.86325],[127.57663,36.86465],[127.57764,36.86556],[127.57791,36.86655],[127.58128,36.86662],[127.58511,36.87018],[127.58468,36.87355],[127.58504,36.87459],[127.58345,36.87624],[127.57979,36.87802],[127.57775,36.87978],[127.57708,36.87938],[127.57591,36.87999],[127.57344,36.87767],[127.57229,36.8774],[127.57195,36.87857],[127.57149,36.87841],[127.57196,36.87886],[127.57187,36.88092],[127.56856,36.88572],[127.56696,36.88604],[127.56668,36.8827],[127.56266,36.88222],[127.56143,36.88281],[127.56058,36.88491],[127.56078,36.88567],[127.55976,36.8866],[127.55827,36.88634],[127.55751,36.88572],[127.55653,36.88634],[127.55565,36.88616],[127.55485,36.88868],[127.55563,36.89047],[127.55522,36.89132],[127.55265,36.89249],[127.55185,36.89392],[127.55368,36.89602],[127.55481,36.89652],[127.55521,36.89853],[127.55578,36.89908],[127.55481,36.8994],[127.55371,36.89872],[127.55027,36.89919],[127.54846,36.9005],[127.54741,36.89992],[127.54704,36.90076],[127.54599,36.90091],[127.546,36.90191],[127.54663,36.90258],[127.54588,36.90321],[127.54609,36.90348],[127.54378,36.90454],[127.54404,36.90523],[127.54093,36.90617],[127.53895,36.90827],[127.53514,36.91036],[127.53568,36.91105],[127.53381,36.91198],[127.53312,36.91171],[127.53146,36.91238],[127.5294,36.91116],[127.52725,36.91087],[127.52638,36.91141],[127.52645,36.91223],[127.52468,36.91318],[127.52337,36.91485],[127.52251,36.91796],[127.52285,36.91838],[127.52169,36.91964],[127.52061,36.91981],[127.5194,36.92288],[127.51763,36.92266],[127.51621,36.92456],[127.51324,36.92581],[127.51382,36.92756],[127.51185,36.92879],[127.51133,36.93094],[127.50884,36.92923],[127.50875,36.92986],[127.50761,36.9304],[127.50744,36.9314],[127.50499,36.933],[127.50259,36.93232],[127.49963,36.93214],[127.49992,36.9332],[127.49851,36.93492],[127.4966,36.93578],[127.49281,36.93876],[127.48614,36.93869],[127.4849,36.9376],[127.48321,36.93707],[127.48267,36.93649],[127.48265,36.93478],[127.48124,36.93371],[127.47823,36.93593],[127.47654,36.93636],[127.47291,36.93582],[127.47063,36.93603],[127.46651,36.93924],[127.4664,36.94031],[127.46376,36.94539],[127.46404,36.94681],[127.46349,36.94842],[127.46207,36.94762],[127.45951,36.9481],[127.45762,36.94708],[127.45244,36.94815],[127.44961,36.94795],[127.44814,36.94882],[127.44677,36.95142],[127.44587,36.95809],[127.44535,36.95876],[127.44583,36.96006],[127.44678,36.96046],[127.44641,36.96136],[127.4481,36.96188],[127.44838,36.96322],[127.44933,36.96293],[127.45058,36.96318],[127.45161,36.96159],[127.45297,36.96158],[127.45328,36.96055],[127.45491,36.96066],[127.4554,36.96123],[127.45548,36.96292],[127.45728,36.96391],[127.45708,36.96564],[127.45574,36.96635],[127.45624,36.96723],[127.45399,36.96983],[127.45438,36.97114],[127.4537,36.97283],[127.45389,36.97413],[127.45245,36.97534],[127.45165,36.97473],[127.4506,36.97515],[127.44931,36.97697],[127.4493,36.9789],[127.44872,36.98023],[127.45017,36.9811],[127.45032,36.9819],[127.44851,36.98605],[127.44807,36.98991],[127.44866,36.98988],[127.44872,36.99391],[127.4501,36.99385],[127.44992,36.99442],[127.45048,36.99512],[127.44812,36.99765],[127.44756,37.00067],[127.44883,37.00178],[127.44823,37.00273],[127.45009,37.00383],[127.44911,37.00435],[127.44857,37.00537],[127.4483,37.00755],[127.44904,37.00985],[127.44709,37.01088],[127.44715,37.01197],[127.44861,37.01313],[127.44912,37.01527],[127.44859,37.0155],[127.44833,37.01654],[127.44946,37.01745],[127.44974,37.01838],[127.4506,37.01855],[127.45093,37.0193],[127.45173,37.01947],[127.45258,37.02037],[127.45335,37.02003],[127.45371,37.02125],[127.45484,37.02139],[127.45742,37.02034],[127.45837,37.02047],[127.45974,37.02507],[127.45797,37.02998],[127.45625,37.03032],[127.45635,37.03114],[127.45813,37.03304],[127.45848,37.03451],[127.45964,37.03564],[127.45933,37.03716],[127.4597,37.03813],[127.45887,37.03945],[127.45719,37.04022],[127.45685,37.04221],[127.45741,37.0425],[127.45758,37.04364],[127.45899,37.04411],[127.46034,37.04615],[127.4612,37.04685],[127.46193,37.04686],[127.46358,37.04881],[127.46353,37.04817],[127.46839,37.05035],[127.46746,37.05249],[127.46822,37.05348],[127.47191,37.0538],[127.47234,37.05319],[127.47511,37.05291],[127.47718,37.05364],[127.47926,37.0534],[127.48135,37.05361],[127.48185,37.05402],[127.48342,37.05361],[127.48622,37.05486],[127.48919,37.05272],[127.49023,37.0528],[127.49037,37.05196],[127.49333,37.05054],[127.49665,37.04812],[127.49908,37.04757],[127.50349,37.04852],[127.50454,37.04801],[127.5089,37.04942],[127.51018,37.05147],[127.51002,37.05288],[127.51152,37.05434],[127.51157,37.05556],[127.51252,37.05635],[127.51543,37.05744],[127.51605,37.05832],[127.51649,37.05802],[127.51827,37.0584],[127.51858,37.05756],[127.51972,37.0568],[127.52299,37.05546],[127.52792,37.05512],[127.53041,37.05579],[127.53199,37.05564],[127.5328,37.0552],[127.5331,37.05359],[127.53467,37.052],[127.54096,37.05073],[127.54308,37.04907],[127.54646,37.04766],[127.55108,37.04494],[127.55316,37.04504],[127.55562,37.04329],[127.55472,37.04279],[127.55462,37.04187],[127.55683,37.04125],[127.56191,37.04386],[127.56245,37.0448],[127.56708,37.04752],[127.56849,37.04757],[127.56955,37.04817],[127.56897,37.04898],[127.56798,37.04914],[127.56798,37.0507],[127.56715,37.05175],[127.56826,37.05591],[127.56664,37.05695],[127.56472,37.05924],[127.56496,37.06059],[127.5662,37.06334],[127.56721,37.06354],[127.57026,37.06636],[127.5704,37.06788],[127.57331,37.06954],[127.57416,37.07115],[127.57375,37.07148],[127.57436,37.07134],[127.57549,37.07311],[127.57708,37.07393],[127.57797,37.07534],[127.58083,37.0754],[127.5822,37.0747],[127.58228,37.07527],[127.58305,37.07547],[127.58526,37.07452],[127.58722,37.0745],[127.58927,37.07282],[127.5905,37.0734],[127.59193,37.0729],[127.59523,37.07386],[127.59628,37.07371],[127.59769,37.07308],[127.59877,37.07103],[127.59951,37.07057],[127.60123,37.07099],[127.6021,37.07054],[127.60294,37.06855],[127.60518,37.06887],[127.6041,37.07054],[127.60494,37.07615],[127.6038,37.07683],[127.60245,37.07886],[127.60084,37.07994],[127.59955,37.08157],[127.60024,37.08443],[127.59955,37.08583],[127.59702,37.08614],[127.59646,37.08643],[127.59618,37.08749],[127.5951,37.08798],[127.59629,37.08826],[127.5998,37.08632],[127.60041,37.08744],[127.6012,37.08774],[127.6039,37.08748],[127.60423,37.08672],[127.60599,37.08643],[127.61194,37.08726],[127.61942,37.0915],[127.61941,37.0902],[127.62198,37.09204],[127.63181,37.09648],[127.63439,37.09936],[127.6352,37.10405],[127.63412,37.10727],[127.63627,37.11446],[127.63506,37.11567],[127.63438,37.11808],[127.6331,37.12016],[127.63389,37.12046],[127.63397,37.12374],[127.63517,37.12974],[127.6364,37.13249],[127.6367,37.13677],[127.63776,37.14119],[127.63744,37.14202],[127.63493,37.14368],[127.63201,37.14694],[127.63113,37.14694],[127.63113,37.14786],[127.62857,37.15101],[127.62746,37.15172],[127.6274,37.15364],[127.62832,37.15529],[127.63028,37.1541]]]}},{"type":"Feature","properties":{"cd":"43800","sgis_cd":"33580","name":"단양군","full":"단양군","cx":128.38784,"cy":36.99444},"geometry":{"type":"Polygon","coordinates":[[[128.38411,37.15797],[128.38876,37.15461],[128.39107,37.15512],[128.3928,37.1548],[128.39253,37.15339],[128.39318,37.15173],[128.39537,37.15054],[128.39637,37.14857],[128.40088,37.14688],[128.40241,37.14155],[128.40366,37.13962],[128.40183,37.13851],[128.40132,37.13543],[128.40179,37.13481],[128.40088,37.1341],[128.40078,37.13333],[128.3981,37.13166],[128.3979,37.13061],[128.396,37.1286],[128.40575,37.12699],[128.40729,37.12638],[128.41104,37.12214],[128.41514,37.12025],[128.41615,37.12082],[128.41848,37.11982],[128.42002,37.118],[128.4199,37.1163],[128.42105,37.1137],[128.42356,37.11224],[128.42216,37.11015],[128.42257,37.10938],[128.42216,37.10778],[128.42306,37.10325],[128.4247,37.10246],[128.43012,37.10367],[128.43059,37.10675],[128.43555,37.10951],[128.43515,37.11148],[128.43614,37.11199],[128.43982,37.10996],[128.44269,37.10924],[128.44481,37.10626],[128.44666,37.10901],[128.45084,37.11236],[128.45253,37.11173],[128.45531,37.11185],[128.45672,37.11068],[128.45805,37.11027],[128.4612,37.11047],[128.46167,37.11016],[128.46236,37.11047],[128.46632,37.10972],[128.46816,37.1102],[128.4723,37.10984],[128.47781,37.11016],[128.47927,37.11133],[128.48087,37.11168],[128.48187,37.1127],[128.48177,37.11418],[128.48239,37.11496],[128.48452,37.1174],[128.48556,37.11777],[128.48685,37.12006],[128.48945,37.12101],[128.491,37.12382],[128.49655,37.12579],[128.50299,37.11967],[128.50342,37.11849],[128.50667,37.11544],[128.51076,37.11396],[128.51119,37.11087],[128.51364,37.10603],[128.51447,37.10135],[128.51552,37.10325],[128.51843,37.10188],[128.52073,37.10224],[128.52183,37.10309],[128.52494,37.10147],[128.52771,37.10152],[128.53116,37.10002],[128.53413,37.09812],[128.53558,37.09187],[128.53684,37.09013],[128.53813,37.08963],[128.54156,37.08903],[128.54446,37.08759],[128.5471,37.08728],[128.54974,37.08619],[128.55668,37.08723],[128.5617,37.09024],[128.56483,37.08866],[128.56741,37.08824],[128.56918,37.08671],[128.57091,37.08622],[128.57037,37.08447],[128.57224,37.08383],[128.57441,37.08132],[128.58173,37.08167],[128.58321,37.08075],[128.58869,37.07998],[128.59083,37.07836],[128.59184,37.07816],[128.59356,37.07884],[128.59399,37.08086],[128.59504,37.08153],[128.5969,37.08242],[128.59921,37.0821],[128.59959,37.08258],[128.59913,37.08307],[128.60162,37.08306],[128.60202,37.0822],[128.60086,37.08082],[128.60101,37.07887],[128.60297,37.07839],[128.60488,37.07936],[128.60492,37.07797],[128.6064,37.07667],[128.60797,37.07751],[128.60992,37.07992],[128.6113,37.07982],[128.61202,37.08068],[128.61503,37.08188],[128.61754,37.08423],[128.61765,37.08514],[128.62065,37.08583],[128.62265,37.0874],[128.62456,37.08443],[128.62828,37.08133],[128.6273,37.07746],[128.62822,37.07653],[128.62821,37.07516],[128.63353,37.07232],[128.63436,37.0707],[128.6374,37.07226],[128.6391,37.07066],[128.64046,37.07104],[128.64267,37.07076],[128.64467,37.06905],[128.64593,37.0691],[128.6506,37.06583],[128.6521,37.06544],[128.65154,37.06435],[128.65188,37.06349],[128.65043,37.06254],[128.64955,37.06277],[128.64614,37.06108],[128.64174,37.05528],[128.63935,37.05399],[128.63904,37.0525],[128.63758,37.05305],[128.63674,37.05243],[128.63785,37.05156],[128.63775,37.05103],[128.63648,37.04984],[128.63583,37.04771],[128.63409,37.04567],[128.6333,37.04208],[128.63281,37.04172],[128.63293,37.0405],[128.62827,37.04215],[128.62467,37.04547],[128.62284,37.04534],[128.62174,37.04668],[128.62209,37.04791],[128.62171,37.04908],[128.61774,37.05067],[128.60975,37.05203],[128.60844,37.05282],[128.6071,37.04975],[128.60792,37.0474],[128.60667,37.04617],[128.60712,37.04437],[128.60678,37.04339],[128.60516,37.04333],[128.60164,37.0441],[128.59805,37.04311],[128.59796,37.04224],[128.59683,37.04177],[128.59248,37.04189],[128.59074,37.0431],[128.58746,37.04312],[128.58667,37.04356],[128.58603,37.04296],[128.58352,37.04374],[128.58214,37.04264],[128.58057,37.0392],[128.57886,37.03837],[128.57773,37.03655],[128.57773,37.03557],[128.57433,37.03543],[128.57297,37.03594],[128.56995,37.03478],[128.56929,37.03489],[128.56564,37.03153],[128.56542,37.03072],[128.56687,37.02937],[128.56693,37.02599],[128.56883,37.02457],[128.56913,37.02373],[128.57261,37.02197],[128.5729,37.0208],[128.5714,37.01813],[128.57127,37.01593],[128.56915,37.01277],[128.56816,37.01243],[128.56741,37.01151],[128.56347,37.01013],[128.56292,37.00789],[128.5615,37.00772],[128.55756,37.00578],[128.55594,37.0057],[128.55508,37.00357],[128.55576,37.00283],[128.55561,37.00008],[128.55473,36.99829],[128.54785,36.99454],[128.5473,36.99382],[128.5457,36.99434],[128.54421,36.99257],[128.54303,36.99209],[128.54196,36.9922],[128.5387,36.9909],[128.53791,36.99138],[128.53553,36.99022],[128.53053,36.99041],[128.52969,36.99081],[128.52603,36.99007],[128.51693,36.98691],[128.51548,36.98682],[128.51562,36.98357],[128.51461,36.98252],[128.51386,36.9804],[128.51461,36.97758],[128.50974,36.97462],[128.50642,36.97319],[128.50673,36.97008],[128.50226,36.96788],[128.50008,36.96752],[128.49921,36.96675],[128.49385,36.96442],[128.48956,36.96373],[128.48642,36.96219],[128.48584,36.96168],[128.48489,36.95747],[128.48144,36.9579],[128.47704,36.95744],[128.47547,36.95687],[128.47414,36.95562],[128.46717,36.95145],[128.46707,36.95073],[128.46279,36.94738],[128.46343,36.94376],[128.46019,36.93772],[128.46039,36.934],[128.45689,36.93373],[128.45682,36.93411],[128.45598,36.93405],[128.45267,36.93072],[128.45044,36.93079],[128.44545,36.92813],[128.44159,36.92735],[128.44313,36.92285],[128.44283,36.91985],[128.44518,36.91741],[128.44438,36.9151],[128.44475,36.91369],[128.4431,36.9124],[128.44307,36.91019],[128.44016,36.90288],[128.44029,36.90125],[128.43857,36.90063],[128.43651,36.89833],[128.43616,36.89709],[128.4336,36.89544],[128.43189,36.89286],[128.42904,36.89206],[128.42896,36.89145],[128.42814,36.8911],[128.42678,36.88925],[128.42815,36.88476],[128.42748,36.8837],[128.42756,36.88223],[128.42478,36.87939],[128.42397,36.87653],[128.42822,36.87505],[128.42924,36.87554],[128.43171,36.87554],[128.43843,36.87327],[128.43955,36.87113],[128.44248,36.86822],[128.44334,36.86845],[128.44388,36.86803],[128.44913,36.86287],[128.44781,36.86147],[128.44788,36.85864],[128.44729,36.85681],[128.44792,36.85633],[128.44794,36.85552],[128.44666,36.85337],[128.44824,36.85141],[128.44903,36.84784],[128.44716,36.84617],[128.44703,36.84365],[128.44245,36.84029],[128.44245,36.83911],[128.4415,36.8376],[128.43411,36.83415],[128.43432,36.8329],[128.4332,36.82892],[128.43361,36.82762],[128.43205,36.82407],[128.43116,36.82295],[128.42801,36.82087],[128.42749,36.81926],[128.42604,36.81837],[128.42593,36.8159],[128.42526,36.81478],[128.42114,36.81181],[128.42048,36.81151],[128.41553,36.8123],[128.41297,36.81128],[128.40819,36.81226],[128.40606,36.81193],[128.40341,36.81215],[128.39964,36.81287],[128.39436,36.81487],[128.38479,36.81381],[128.38126,36.81388],[128.37865,36.8111],[128.37771,36.81097],[128.37638,36.8095],[128.37331,36.80767],[128.37275,36.80541],[128.36839,36.80208],[128.36632,36.80311],[128.36408,36.80222],[128.3635,36.80281],[128.36276,36.80237],[128.36203,36.80335],[128.36127,36.80286],[128.3611,36.80397],[128.35709,36.80632],[128.35729,36.80864],[128.35676,36.81062],[128.35418,36.81121],[128.35319,36.81245],[128.34824,36.81301],[128.341,36.81458],[128.33727,36.81562],[128.33446,36.81696],[128.33279,36.81698],[128.32965,36.81617],[128.32725,36.8168],[128.32419,36.81597],[128.32085,36.81564],[128.31826,36.81694],[128.31645,36.81666],[128.31579,36.81742],[128.31592,36.81912],[128.31536,36.81975],[128.31632,36.82126],[128.31575,36.82276],[128.31377,36.82356],[128.31303,36.82506],[128.3116,36.82504],[128.31152,36.82585],[128.31092,36.826],[128.31031,36.82701],[128.31071,36.82847],[128.30893,36.829],[128.308,36.82863],[128.30585,36.82892],[128.30463,36.82959],[128.30432,36.83052],[128.30165,36.83266],[128.29883,36.83352],[128.29787,36.83473],[128.29563,36.83534],[128.29295,36.83946],[128.29068,36.84124],[128.28945,36.84355],[128.28656,36.84503],[128.28551,36.84731],[128.28565,36.84978],[128.28243,36.8564],[128.28021,36.85699],[128.27902,36.85674],[128.27618,36.85714],[128.27494,36.85806],[128.27097,36.8593],[128.2702,36.8601],[128.26857,36.86033],[128.26727,36.86262],[128.26574,36.86321],[128.26502,36.86415],[128.26314,36.86412],[128.26121,36.86499],[128.25942,36.86508],[128.25712,36.86587],[128.25638,36.86664],[128.25529,36.86628],[128.25197,36.86702],[128.24928,36.86874],[128.24685,36.86933],[128.24182,36.87233],[128.24283,36.87345],[128.24252,36.87802],[128.24388,36.88004],[128.24481,36.88092],[128.24651,36.88151],[128.24756,36.88311],[128.25092,36.88473],[128.24727,36.88847],[128.24653,36.88855],[128.24381,36.89097],[128.24352,36.8926],[128.24425,36.89532],[128.24378,36.89628],[128.24515,36.89855],[128.24507,36.90037],[128.2462,36.90497],[128.24575,36.90691],[128.24383,36.9076],[128.2432,36.90848],[128.2423,36.91163],[128.24002,36.91341],[128.23798,36.91376],[128.23673,36.91661],[128.23726,36.92237],[128.23651,36.92325],[128.23658,36.9249],[128.23605,36.92533],[128.23654,36.92788],[128.2361,36.93059],[128.23557,36.9307],[128.23621,36.9307],[128.23635,36.93362],[128.23878,36.93478],[128.23871,36.93561],[128.24025,36.93559],[128.24146,36.93756],[128.24447,36.93677],[128.24703,36.93788],[128.24732,36.93924],[128.24541,36.94064],[128.24483,36.94186],[128.24626,36.94244],[128.24738,36.94381],[128.24737,36.94464],[128.24844,36.9444],[128.25112,36.94244],[128.25288,36.94269],[128.25581,36.94399],[128.25806,36.94724],[128.2598,36.94874],[128.26112,36.9493],[128.263,36.94901],[128.26275,36.94921],[128.26353,36.94949],[128.26458,36.95089],[128.2645,36.9523],[128.26158,36.9533],[128.25966,36.95485],[128.26189,36.95628],[128.26659,36.96078],[128.26513,36.96144],[128.26389,36.96355],[128.26198,36.96466],[128.26261,36.96601],[128.26231,36.96683],[128.26001,36.96846],[128.26047,36.97085],[128.25999,36.97276],[128.25938,36.973],[128.25989,36.97576],[128.25935,36.97864],[128.25702,36.98473],[128.25649,36.98484],[128.25584,36.9865],[128.25758,36.98845],[128.25778,36.99157],[128.25851,36.99333],[128.25677,36.99575],[128.25461,36.99646],[128.25391,36.99749],[128.256,36.99803],[128.25713,36.99893],[128.2576,37.00015],[128.25687,37.00204],[128.25732,37.00235],[128.25583,37.00475],[128.25607,37.00554],[128.25525,37.00714],[128.25402,37.00782],[128.2545,37.0083],[128.25397,37.00937],[128.25105,37.01061],[128.25054,37.0117],[128.24888,37.01263],[128.24833,37.0144],[128.2471,37.01507],[128.2459,37.01674],[128.24571,37.01829],[128.24438,37.01968],[128.24391,37.02108],[128.24172,37.02255],[128.2404,37.02413],[128.23748,37.02524],[128.23457,37.02487],[128.23276,37.02517],[128.22804,37.02448],[128.2266,37.02534],[128.22656,37.02613],[128.22505,37.02721],[128.22524,37.02809],[128.22409,37.03059],[128.22477,37.03319],[128.22443,37.0343],[128.22171,37.03597],[128.21712,37.03738],[128.21824,37.0395],[128.21999,37.0416],[128.22083,37.042],[128.21898,37.04585],[128.22,37.04634],[128.22014,37.04872],[128.22103,37.05004],[128.21887,37.05178],[128.21903,37.05312],[128.21784,37.05435],[128.22132,37.05558],[128.2219,37.05609],[128.22226,37.05778],[128.22497,37.05872],[128.22475,37.06032],[128.22537,37.06234],[128.23061,37.06323],[128.23325,37.06491],[128.23543,37.06484],[128.23681,37.06542],[128.23853,37.06781],[128.23828,37.07121],[128.23941,37.0736],[128.24413,37.07625],[128.24679,37.07692],[128.24925,37.07511],[128.25085,37.07611],[128.25097,37.078],[128.25278,37.07978],[128.2541,37.08023],[128.25521,37.08203],[128.25714,37.08279],[128.26014,37.08258],[128.26042,37.08194],[128.26139,37.08204],[128.2635,37.08372],[128.26625,37.08489],[128.26813,37.08718],[128.26954,37.08742],[128.26988,37.08836],[128.26895,37.08873],[128.26692,37.08744],[128.26594,37.08837],[128.26436,37.08816],[128.2645,37.08915],[128.26294,37.0903],[128.26234,37.0903],[128.26121,37.09366],[128.26152,37.09565],[128.25961,37.09913],[128.25637,37.10024],[128.25637,37.10146],[128.2632,37.10706],[128.26264,37.10801],[128.26326,37.10856],[128.26389,37.10788],[128.26448,37.1083],[128.2656,37.10781],[128.26693,37.10864],[128.26638,37.1099],[128.26734,37.1113],[128.26736,37.11354],[128.26857,37.1135],[128.27024,37.11271],[128.2704,37.11543],[128.27304,37.11702],[128.2776,37.11581],[128.27869,37.11387],[128.27778,37.11077],[128.27928,37.10986],[128.28051,37.10812],[128.28211,37.10892],[128.28594,37.10548],[128.2871,37.10218],[128.29064,37.1009],[128.29259,37.09967],[128.29395,37.09807],[128.29786,37.09878],[128.29878,37.09942],[128.29998,37.09849],[128.30068,37.09853],[128.30383,37.10032],[128.30602,37.10514],[128.3057,37.10679],[128.3065,37.10897],[128.30842,37.10986],[128.30895,37.11191],[128.30838,37.11451],[128.30582,37.11551],[128.30419,37.1173],[128.30333,37.12199],[128.30345,37.12894],[128.30221,37.12953],[128.30109,37.13131],[128.30001,37.13204],[128.29964,37.13373],[128.29831,37.13418],[128.30073,37.13527],[128.301,37.13595],[128.30636,37.13753],[128.30589,37.13953],[128.30932,37.14281],[128.30951,37.14492],[128.31111,37.14579],[128.31211,37.145],[128.31673,37.14756],[128.31853,37.14784],[128.31978,37.14727],[128.32202,37.14922],[128.32474,37.14807],[128.32599,37.14911],[128.32747,37.15294],[128.32922,37.15201],[128.33067,37.15035],[128.33305,37.15256],[128.33347,37.15247],[128.3349,37.15512],[128.33446,37.15598],[128.33475,37.15652],[128.3355,37.15724],[128.33818,37.15809],[128.33895,37.15775],[128.34049,37.15809],[128.34259,37.15594],[128.34343,37.15631],[128.34538,37.1561],[128.34704,37.15718],[128.34763,37.1565],[128.34822,37.15651],[128.34875,37.15699],[128.35051,37.15703],[128.3508,37.15757],[128.35152,37.15741],[128.35399,37.15567],[128.3556,37.1536],[128.35828,37.15228],[128.35971,37.15022],[128.36217,37.1527],[128.36258,37.15394],[128.36446,37.15624],[128.36443,37.15763],[128.36535,37.15763],[128.36789,37.15443],[128.36931,37.15512],[128.37413,37.15349],[128.37583,37.15331],[128.37708,37.15167],[128.37817,37.15174],[128.37875,37.15469],[128.38051,37.15499],[128.38147,37.15598],[128.38185,37.15522],[128.38332,37.1566],[128.3837,37.1582],[128.38411,37.15797]]]}}]}
