country,ym,icn,gmp,pus,cju,tae,cjj,kwj,yny,mwx,tot
일본,202301,40985,16178,7978,438,325,0,0,17,3,66900
일본,202302,58887,24278,9386,427,415,0,0,40,0,94393
일본,202303,128123,39607,18115,1121,688,0,0,50,0,192318
일본,202304,79740,30352,12313,969,593,0,0,46,0,128309
일본,202305,107927,35558,15905,1614,918,0,0,0,0,183691
일본,202306,122255,40586,17113,1364,750,59,0,0,1,196512
일본,202307,128623,44348,16728,1583,753,164,0,0,36,211468
일본,202308,163793,50503,20619,2416,1335,556,0,0,57,263453
일본,202309,163875,46014,21526,1693,1108,844,0,0,8,250102
일본,202310,160905,46077,23042,1698,1063,428,0,0,77,255092
일본,202311,181370,49735,26993,1808,1079,630,0,0,61,278322
일본,202312,129477,40632,20067,948,837,388,0,0,52,195869
일본,소계,1465960,463868,209785,16079,9864,3069,0,153,295,2316429
중국,202301,23169,470,246,238,34,0,0,0,0,24946
중국,202302,44352,504,228,150,13,1,0,0,1,45884
중국,202303,67060,1483,1666,1734,246,15,0,0,0,73390
중국,202304,75706,11898,1826,15205,27,2,0,2,0,105967
중국,202305,90678,11101,3090,21547,29,2,0,1,0,128171
중국,202306,111657,15908,4183,33812,108,12,0,0,0,168035
중국,202307,149534,18133,5716,47981,627,750,0,0,2,224805
중국,202308,170159,20869,6710,53128,1299,721,0,0,6,259659
중국,202309,167096,18826,6308,50205,833,432,0,0,0,263940
중국,202310,147318,15879,6398,43750,704,513,0,0,5,249483
중국,202311,131628,15175,5992,35446,459,305,0,0,2,221469
중국,202312,152365,17733,5274,40934,519,317,0,2,1,253675
중국,소계,1330722,147979,47637,344130,4898,3070,0,5,17,2019424
대만,202301,32322,3448,5495,2803,4398,0,0,975,0,49477
대만,202302,32980,3237,4926,2680,3753,0,0,360,0,47970
대만,202303,37157,3773,10517,4464,6048,0,0,1364,0,63504
대만,202304,47290,4268,14541,5421,4299,0,0,1084,0,77187
대만,202305,39038,3369,13568,5414,4942,0,0,70,0,66654
대만,202306,57328,5317,22115,5770,6557,0,0,0,0,97365
대만,202307,55519,7423,24746,5856,6016,4,0,0,0,103566
대만,202308,54779,7609,23032,7433,5298,7,0,0,0,98854
대만,202309,47783,7785,20917,6077,6396,232,0,0,2,92411
대만,202310,53486,8352,22363,5370,6360,565,0,0,0,96845
대만,202311,45469,8527,19609,5264,5989,634,0,0,0,86141
대만,202312,45829,7657,15859,4889,4981,1244,0,1,0,80633
대만,소계,548980,70765,197688,61441,65037,2686,0,3854,2,960607
필리핀,202301,10947,32,1135,280,1,0,0,121,0,15759
필리핀,202302,9424,26,1043,299,1,0,0,67,0,14368
필리핀,202303,13840,36,1117,590,1,0,0,224,0,24735
필리핀,202304,19227,49,1662,1342,5,0,0,1311,0,35258
필리핀,202305,14924,33,1485,259,2,0,0,0,0,28094
필리핀,202306,15820,37,1533,287,46,0,0,0,1,29393
필리핀,202307,13072,35,1411,203,12,0,0,0,0,26215
필리핀,202308,13063,47,1568,151,22,2,0,0,16,24059
필리핀,202309,14441,39,1697,210,18,2,0,0,7,27175
필리핀,202310,25973,73,2155,297,28,1,0,0,12,43298
필리핀,202311,22624,51,1802,344,21,14,0,0,0,39219
필리핀,202312,23919,70,1664,778,19,84,0,633,0,35246
필리핀,소계,197274,528,18272,5040,176,103,0,2356,36,342819
홍콩,202301,26629,107,31,6,0,0,0,2,0,26777
홍콩,202302,16105,95,18,12,5,0,0,0,0,16237
홍콩,202303,26334,131,383,136,3,0,0,2,0,27155
홍콩,202304,33909,338,2223,1312,2,0,0,3,0,38138
홍콩,202305,27455,226,202,481,7,0,0,0,0,28617
홍콩,202306,30873,326,298,174,18,0,0,0,0,31874
홍콩,202307,34680,340,2355,1872,10,0,0,0,0,39527
홍콩,202308,38002,413,2439,1941,5,2,0,0,0,43031
홍콩,202309,26024,339,1992,1480,13,0,0,0,0,30424
홍콩,202310,35731,308,2543,2306,13,1,0,0,0,41375
홍콩,202311,33559,330,1711,1940,12,5,0,0,0,38052
홍콩,202312,39066,381,1387,1839,10,7,0,0,0,42777
홍콩,소계,368367,3334,15582,13499,98,15,0,7,0,403984
태국,202301,19754,44,1066,4630,118,0,0,2,188,25823
태국,202302,21449,58,1777,3892,94,0,0,0,863,28142
태국,202303,33725,55,3733,4787,491,0,0,2,0,43084
태국,202304,44370,121,5363,3658,531,0,0,0,0,54431
태국,202305,27235,90,3742,13,209,25,0,0,0,31597
태국,202306,20183,41,4053,14,376,57,0,0,0,25023
태국,202307,17019,63,2434,23,165,62,0,0,0,20184
태국,202308,14961,72,1809,63,152,56,0,0,0,17379
태국,202309,18893,93,4216,22,165,57,0,0,1,23684
태국,202310,39117,91,6414,52,359,116,0,0,0,46482
태국,202311,24792,87,4682,22,173,59,0,0,15,30164
태국,202312,28244,79,4672,16,213,67,0,0,1,33449
태국,소계,309742,894,43961,17192,3046,499,0,4,1068,379442
말레이시아,202301,10237,48,252,453,14,0,0,2,0,11058
말레이시아,202302,14640,53,1098,671,3,0,0,0,0,16486
말레이시아,202303,20251,73,2319,824,4,0,0,4,0,23569
말레이시아,202304,21908,103,2802,699,8,0,0,1,0,25679
말레이시아,202305,18483,105,2109,706,13,0,0,1,1,21544
말레이시아,202306,13514,90,1610,348,18,0,0,0,1,15799
말레이시아,202307,9623,93,993,503,10,1,0,0,1,11356
말레이시아,202308,13525,84,1247,538,17,1,0,0,1,15522
말레이시아,202309,18587,89,2311,599,17,4,0,0,1,21867
말레이시아,202310,28307,121,3538,867,31,2,0,0,1,33321
말레이시아,202311,26304,111,3229,579,22,5,0,0,0,30565
말레이시아,202312,29072,174,3006,611,12,1,0,0,0,33106
말레이시아,소계,224451,1144,24514,7398,169,14,0,8,6,259872
싱가포르,202301,11824,74,107,1299,6,0,0,0,1,13316
싱가포르,202302,10725,112,143,1183,1,0,0,0,0,12173
싱가포르,202303,29944,155,584,3502,2,0,0,0,0,34337
싱가포르,202304,26818,267,858,2986,7,0,0,0,1,31144
싱가포르,202305,26197,199,810,3236,6,0,0,0,0,30557
싱가포르,202306,30591,238,1121,3293,21,0,0,0,1,35377
싱가포르,202307,11206,166,327,1570,11,0,0,0,1,13348
싱가포르,202308,12720,169,348,1700,5,4,0,0,1,15070
싱가포르,202309,22260,180,1462,2882,7,1,0,0,0,26929
싱가포르,202310,29349,221,2149,2792,5,3,0,0,1,34710
싱가포르,202311,37879,331,2207,3711,12,1,0,0,0,44456
싱가포르,202312,48266,689,3004,4342,4,0,0,0,0,56397
싱가포르,소계,297779,2801,13120,32496,87,9,0,0,6,347814
인도네시아,202301,10390,23,433,134,0,0,0,0,0,12838
인도네시아,202302,12165,31,540,91,0,0,0,0,0,14156
인도네시아,202303,14408,65,743,153,3,0,0,0,0,18520
인도네시아,202304,17545,154,741,181,2,0,0,0,0,23281
인도네시아,202305,17134,73,1050,167,1,0,0,0,0,22531
인도네시아,202306,14957,51,1098,116,6,0,0,0,0,21914
인도네시아,202307,12931,88,1087,227,2,0,0,0,0,17934
인도네시아,202308,12869,67,1229,196,5,2,0,0,1,18538
인도네시아,202309,11502,39,1114,196,19,0,0,0,1,16843
인도네시아,202310,19126,100,1442,212,12,2,0,0,0,30343
인도네시아,202311,17652,80,1287,307,8,0,0,0,0,25643
인도네시아,202312,21096,178,1246,307,2,2,0,0,0,27708
인도네시아,소계,181775,949,12010,2287,60,6,0,0,2,250249
인도,202301,3589,27,98,39,2,0,0,0,0,4481
인도,202302,3732,45,99,39,5,0,0,0,0,4664
인도,202303,5530,50,132,61,5,0,0,0,0,8427
인도,202304,6215,119,244,27,3,0,0,0,0,9722
인도,202305,7111,54,282,64,4,0,0,0,0,10783
인도,202306,6343,68,289,92,5,0,0,0,0,11503
인도,202307,6722,83,228,126,18,3,0,0,0,11052
인도,202308,6890,68,254,87,6,0,0,0,0,11083
인도,202309,6697,51,463,70,8,0,0,0,0,11002
인도,202310,11884,220,416,51,5,0,0,0,0,19370
인도,202311,6819,73,301,65,7,1,0,0,0,11477
인도,202312,5378,74,286,77,5,0,0,0,0,9207
인도,소계,76910,932,3092,798,73,4,0,0,0,122771
베트남,202301,17422,6,3977,22,33,0,0,15,33,21621
베트남,202302,22394,16,5899,107,55,5,0,85,44,28828
베트남,202303,27445,18,6086,20,10,2,0,964,92,34929
베트남,202304,33371,70,5360,234,20,1,0,902,427,40640
베트남,202305,23457,16,5369,64,16,3,0,0,300,29422
베트남,202306,29109,26,5745,308,16,1,0,0,280,35848
베트남,202307,31120,53,6113,413,67,6,0,0,279,38402
베트남,202308,31922,41,6762,49,99,7,0,0,310,39540
베트남,202309,28647,33,6172,289,60,296,0,0,710,36665
베트남,202310,37310,42,7419,268,80,15,0,0,270,46026
베트남,202311,29829,45,6211,124,72,4,0,0,246,37039
베트남,202312,25252,42,5235,501,59,3,0,0,241,31728
베트남,소계,337278,408,70348,2399,587,343,0,1966,3232,420688
미얀마,202301,1874,5,194,17,0,0,0,0,0,3209
미얀마,202302,2030,4,198,4,0,0,0,0,0,3271
미얀마,202303,2404,3,303,12,2,0,0,0,0,5248
미얀마,202304,1877,2,220,7,4,0,0,0,0,4162
미얀마,202305,2301,3,360,2,0,0,0,0,0,4450
미얀마,202306,2548,1,348,12,0,0,0,0,0,4771
미얀마,202307,2471,0,391,6,4,0,0,0,0,4991
미얀마,202308,2905,7,467,8,4,0,0,0,0,5523
미얀마,202309,2633,7,467,10,1,0,0,0,0,5266
미얀마,202310,2085,2,396,11,2,0,0,0,0,5215
미얀마,202311,2067,4,388,19,1,0,0,0,0,4795
미얀마,202312,2907,8,342,14,3,0,0,0,0,5816
미얀마,소계,28102,46,4074,122,21,0,0,0,0,56717
몽골,202301,11484,6,1091,2,0,0,0,1,0,12585
몽골,202302,9171,19,797,9,0,1,0,0,0,10000
몽골,202303,11370,8,1024,4,1,0,0,1,0,12412
몽골,202304,8772,12,1103,19,2,0,0,0,0,9909
몽골,202305,8917,24,1033,32,2,0,0,0,0,10009
몽골,202306,11924,66,1011,168,8,0,0,0,0,13187
몽골,202307,9522,46,965,236,180,24,0,0,116,11114
몽골,202308,9802,70,1321,350,103,77,0,0,38,11767
몽골,202309,10241,27,1180,192,152,2,0,0,0,11809
몽골,202310,8644,41,1422,202,23,0,0,0,0,10364
몽골,202311,9763,45,795,207,3,3,0,0,0,10984
몽골,202312,9821,29,875,151,3,0,0,110,0,11076
몽골,소계,119431,393,12617,1572,477,107,0,112,154,135216
스리랑카,202301,1405,1,7,0,0,0,0,0,0,1516
스리랑카,202302,1573,2,18,0,0,0,0,0,0,1632
스리랑카,202303,1799,2,50,2,0,0,0,0,0,1996
스리랑카,202304,1131,1,18,2,0,0,0,0,0,1326
스리랑카,202305,1644,3,32,2,0,0,0,0,0,1856
스리랑카,202306,1444,2,17,3,0,0,0,0,0,1807
스리랑카,202307,1319,0,22,1,0,0,0,0,0,1597
스리랑카,202308,1633,2,25,8,0,0,0,0,0,1952
스리랑카,202309,1861,1,49,7,1,0,0,0,0,2202
스리랑카,202310,1620,6,61,2,1,2,0,0,0,2051
스리랑카,202311,936,3,31,1,0,0,0,0,0,1265
스리랑카,202312,1668,0,246,7,49,0,0,0,0,2204
스리랑카,소계,18033,23,576,35,51,2,0,0,0,21404
파키스탄,202301,740,1,10,1,4,0,0,0,0,779
파키스탄,202302,976,1,17,1,1,0,0,0,0,1005
파키스탄,202303,1065,3,15,1,2,0,0,0,0,1110
파키스탄,202304,709,3,0,0,2,0,0,0,0,733
파키스탄,202305,901,1,16,3,4,0,0,0,1,960
파키스탄,202306,833,0,29,6,9,0,0,0,0,933
파키스탄,202307,866,7,36,3,3,0,0,0,0,957
파키스탄,202308,1129,1,39,1,7,5,0,0,0,1243
파키스탄,202309,940,2,32,2,8,5,0,0,0,1037
파키스탄,202310,1211,7,37,3,8,4,0,0,0,1342
파키스탄,202311,843,5,37,0,5,0,0,0,0,930
파키스탄,202312,994,6,62,2,2,1,0,0,0,1168
파키스탄,소계,11207,37,330,23,55,15,0,0,1,12197
방글라데시,202301,1249,3,21,4,1,0,0,0,0,1302
방글라데시,202302,1366,2,12,1,0,0,0,0,0,1442
방글라데시,202303,1701,1,12,1,1,0,0,0,0,1762
방글라데시,202304,1049,4,8,0,2,0,0,0,0,1161
방글라데시,202305,1633,2,32,1,2,0,0,0,0,1745
방글라데시,202306,1041,7,15,0,0,1,0,0,0,1158
방글라데시,202307,2017,7,13,7,8,4,0,0,0,2140
방글라데시,202308,1980,9,38,11,4,2,0,0,0,2208
방글라데시,202309,1429,6,64,1,2,0,0,0,0,1577
방글라데시,202310,2109,6,42,5,0,2,0,0,0,2236
방글라데시,202311,1243,10,20,3,0,2,0,0,0,1402
방글라데시,202312,1584,10,30,7,1,1,0,0,0,1755
방글라데시,소계,18401,67,307,41,21,12,0,0,0,19888
마카오,202301,234,0,6,4,1,0,0,2,0,247
마카오,202302,338,2,4,2,0,0,0,0,0,346
마카오,202303,778,6,5,19,0,0,0,0,0,814
마카오,202304,1321,10,24,63,0,0,0,1,0,1426
마카오,202305,1830,13,6,81,1,0,0,0,0,1947
마카오,202306,2162,20,5,60,0,0,0,0,0,2249
마카오,202307,3262,18,83,171,0,0,0,0,0,3534
마카오,202308,3623,27,242,509,1,1,0,0,0,4410
마카오,202309,1862,15,160,186,0,0,0,0,0,2232
마카오,202310,2200,18,218,193,1,0,0,0,0,2638
마카오,202311,2461,21,250,186,5,0,0,0,0,2939
마카오,202312,4122,54,361,196,0,2,0,0,0,4746
마카오,소계,24193,204,1364,1670,9,3,0,3,0,27528
네팔,202301,2475,3,9,0,1,0,0,4,2,2494
네팔,202302,3505,6,5,7,0,0,0,2,0,3525
네팔,202303,3899,3,1,4,0,0,0,0,0,3924
네팔,202304,2763,5,4,0,2,0,0,0,0,2801
네팔,202305,3624,2,6,5,0,0,0,0,0,3694
네팔,202306,3784,5,12,0,0,0,0,0,0,3877
네팔,202307,3371,5,22,17,0,0,0,0,0,3486
네팔,202308,3711,10,17,8,0,1,0,0,0,3918
네팔,202309,1875,3,19,4,3,0,0,0,0,1957
네팔,202310,1314,8,12,3,5,18,0,0,0,1841
네팔,202311,1968,7,7,7,3,0,0,0,0,2239
네팔,202312,3292,1,18,2,0,1,0,0,3,3588
네팔,소계,35581,58,132,57,14,20,0,6,5,37344
캄보디아,202301,3956,0,7,3,0,0,0,0,0,3966
캄보디아,202302,2976,0,25,1,0,0,0,0,0,3002
캄보디아,202303,3227,0,20,0,0,0,0,0,0,3247
캄보디아,202304,4132,6,18,3,0,0,0,0,0,4159
캄보디아,202305,3485,4,34,10,0,0,0,0,0,3533
캄보디아,202306,2712,1,10,10,0,0,0,0,0,2734
캄보디아,202307,3114,0,24,3,1,0,0,0,0,3145
캄보디아,202308,2957,0,22,8,1,1,0,0,0,2989
캄보디아,202309,2758,1,14,10,2,0,0,0,0,2785
캄보디아,202310,4226,5,19,49,1,0,0,0,0,4304
캄보디아,202311,2956,3,31,22,0,0,0,0,0,3016
캄보디아,202312,3986,17,26,23,2,0,0,0,1,4055
캄보디아,소계,40485,37,250,142,7,1,0,0,1,40935
브루나이,202301,291,3,2,1,0,0,0,0,0,297
브루나이,202302,390,0,0,1,0,0,0,0,0,391
브루나이,202303,269,1,0,1,0,0,0,0,0,271
브루나이,202304,585,0,3,3,0,0,0,0,0,593
브루나이,202305,403,0,10,2,1,0,0,0,0,417
브루나이,202306,404,1,5,0,0,0,0,0,0,410
브루나이,202307,378,0,3,0,0,0,0,0,0,381
브루나이,202308,568,2,2,1,0,0,0,0,0,590
브루나이,202309,330,1,3,2,0,0,0,0,0,336
브루나이,202310,565,1,2,1,0,0,0,0,0,569
브루나이,202311,666,3,4,1,1,0,0,0,0,697
브루나이,202312,1716,15,6,2,0,0,0,0,0,1748
브루나이,소계,6565,27,40,15,2,0,0,0,0,6700
라오스,202301,665,0,12,1,0,0,0,0,0,678
라오스,202302,707,0,181,173,1,0,0,0,0,1062
라오스,202303,905,1,17,0,1,0,0,0,0,924
라오스,202304,1356,0,25,180,0,0,0,0,0,1561
라오스,202305,1161,1,42,0,0,0,0,0,0,1205
라오스,202306,755,1,18,0,5,0,0,0,0,780
라오스,202307,769,0,19,0,0,0,0,0,0,789
라오스,202308,885,1,58,0,1,0,0,0,0,945
라오스,202309,672,0,29,2,0,0,0,0,0,703
라오스,202310,1044,2,100,3,0,0,0,0,0,1149
라오스,202311,841,0,92,2,0,0,0,0,0,937
라오스,202312,1136,2,20,4,2,7,0,0,7,1178
라오스,소계,10896,8,613,365,10,7,0,0,7,11911
아프가니스탄,202301,24,1,0,0,0,0,0,0,0,25
아프가니스탄,202302,17,0,0,0,0,0,0,0,0,17
아프가니스탄,202303,22,0,0,0,0,0,0,0,0,22
아프가니스탄,202304,14,0,0,0,0,0,0,0,0,14
아프가니스탄,202305,26,0,5,0,0,0,0,0,0,31
아프가니스탄,202306,27,0,0,0,0,0,0,0,0,27
아프가니스탄,202307,28,0,0,0,0,0,0,0,0,28
아프가니스탄,202308,57,2,2,0,0,0,0,0,0,61
아프가니스탄,202309,25,0,4,0,0,0,0,0,0,29
아프가니스탄,202310,44,1,0,0,0,0,0,0,0,45
아프가니스탄,202311,37,0,1,1,0,0,0,0,0,39
아프가니스탄,202312,32,1,0,0,0,0,0,0,0,33
아프가니스탄,소계,353,5,12,1,0,0,0,0,0,371
몰디브,202301,2,0,0,0,0,0,0,0,0,2
몰디브,202302,10,0,4,0,0,0,0,0,0,15
몰디브,202303,8,0,5,0,0,0,0,0,0,13
몰디브,202304,16,0,0,0,0,0,0,0,0,16
몰디브,202305,13,1,1,0,0,0,0,0,0,17
몰디브,202306,22,0,0,0,0,0,0,0,0,22
몰디브,202307,254,0,0,2,0,0,0,0,0,256
몰디브,202308,207,0,0,0,0,0,0,0,0,207
몰디브,202309,23,0,2,0,0,0,0,0,0,25
몰디브,202310,19,1,0,0,0,0,0,0,0,20
몰디브,202311,25,0,0,0,0,0,0,0,0,25
몰디브,202312,20,0,0,2,0,0,0,0,0,22
몰디브,소계,619,2,12,4,0,0,0,0,0,640
티모르,202301,192,0,0,0,0,0,0,0,0,192
티모르,202302,190,0,0,0,0,0,0,0,0,190
티모르,202303,139,0,0,0,0,0,0,0,0,139
티모르,202304,28,0,1,0,0,0,0,0,0,29
티모르,202305,135,0,1,0,0,0,0,0,0,136
티모르,202306,169,0,0,0,0,0,0,0,0,169
티모르,202307,185,0,0,0,0,0,0,0,0,185
티모르,202308,212,0,1,0,0,0,0,0,0,213
티모르,202309,190,0,0,1,0,0,0,0,0,191
티모르,202310,96,1,0,0,0,0,0,0,0,97
티모르,202311,60,0,0,0,0,0,0,0,0,60
티모르,202312,23,0,0,0,0,0,0,0,0,23
티모르,소계,1619,1,3,1,0,0,0,0,0,1624
부탄,202301,10,0,0,0,0,0,0,0,0,10
부탄,202302,9,0,1,0,0,0,0,0,0,10
부탄,202303,24,0,0,0,0,0,0,0,0,24
부탄,202304,25,0,2,0,0,0,0,0,0,27
부탄,202305,29,0,25,1,0,0,0,0,0,55
부탄,202306,53,0,2,0,1,0,0,0,0,56
부탄,202307,32,0,2,0,0,0,0,0,0,34
부탄,202308,44,1,0,0,0,0,0,0,0,45
부탄,202309,32,0,3,0,0,0,0,0,0,35
부탄,202310,39,1,7,0,0,0,0,0,0,47
부탄,202311,29,0,2,0,0,0,0,0,0,31
부탄,202312,34,0,3,0,0,0,0,0,0,37
부탄,소계,360,2,47,1,1,0,0,0,0,411
영령인도양섬,202303,0,0,0,0,0,0,0,0,0,2
영령인도양섬,202304,0,0,0,0,0,0,0,0,0,3
영령인도양섬,202310,0,0,0,0,0,0,0,0,0,2
영령인도양섬,202311,0,0,0,0,0,0,0,0,0,3
영령인도양섬,소계,0,0,0,0,0,0,0,0,0,10
국제연합,202301,50,5,0,0,0,0,0,0,0,55
국제연합,202302,59,0,1,0,0,0,0,0,0,60
국제연합,202303,96,0,1,0,0,0,0,0,0,97
국제연합,202304,82,5,0,0,0,0,0,0,0,87
국제연합,202305,154,4,1,0,0,0,0,0,0,159
국제연합,202306,62,3,4,0,0,0,0,0,0,69
국제연합,202307,65,7,1,0,0,0,0,0,0,73
국제연합,202308,101,3,2,0,0,0,0,0,0,106
국제연합,202309,91,3,3,0,0,0,0,0,0,97
국제연합,202310,140,5,0,0,0,0,0,0,0,146
국제연합,202311,156,6,7,0,0,0,0,0,0,169
국제연합,202312,55,3,0,0,0,0,0,0,0,58
국제연합,소계,1111,44,20,0,0,0,0,0,0,1176
아시아주,소계,5656194,694556,676406,506808,84763,9985,0,8474,4832,8198171
우즈베키스탄,202301,3793,0,24,0,1,0,0,0,0,3819
우즈베키스탄,202302,4605,6,31,0,0,0,0,0,0,4644
우즈베키스탄,202303,4254,6,29,0,0,0,0,0,0,4289
우즈베키스탄,202304,3266,0,9,0,1,0,0,0,0,3285
우즈베키스탄,202305,3528,1,34,0,0,1,0,0,0,3567
우즈베키스탄,202306,3777,6,33,0,0,0,0,0,0,3823
우즈베키스탄,202307,4575,17,52,1,0,3,0,0,0,4655
우즈베키스탄,202308,5742,98,72,0,4,2,0,0,0,5935
우즈베키스탄,202309,5851,37,56,0,5,9,0,0,0,5967
우즈베키스탄,202310,4586,15,72,0,1,0,0,0,0,4680
우즈베키스탄,202311,4069,5,39,0,2,2,0,0,0,4129
우즈베키스탄,202312,3624,10,44,0,2,0,0,0,0,3687
우즈베키스탄,소계,51670,201,495,1,16,17,0,0,0,52480
터키,202301,1571,5,12,1,1,0,0,0,0,1685
터키,202302,1503,6,8,1,1,0,0,0,0,1607
터키,202303,2024,12,11,0,0,0,0,0,0,2177
터키,202304,2742,59,26,6,0,0,0,0,0,3181
터키,202305,2375,29,35,4,1,0,0,0,0,2582
터키,202306,2741,50,28,1,3,0,0,0,0,2939
터키,202307,2672,53,48,5,2,0,0,0,0,3012
터키,202308,2693,67,46,5,3,0,0,0,0,2943
터키,202309,2850,59,58,6,2,0,0,0,0,3199
터키,202310,2942,39,53,6,3,0,0,0,0,3243
터키,202311,2585,41,53,5,0,3,0,0,0,2868
터키,202312,2092,22,38,7,2,3,0,0,0,2312
터키,소계,28790,442,416,47,18,6,0,0,0,31748
이스라엘,202301,380,11,2,0,0,0,0,0,0,394
이스라엘,202302,370,16,7,1,0,0,0,0,0,397
이스라엘,202303,1380,14,20,2,0,0,0,0,0,1546
이스라엘,202304,2009,62,49,4,0,0,0,0,0,2271
이스라엘,202305,1473,35,25,41,2,0,0,0,0,1626
이스라엘,202306,913,32,75,2,2,0,0,0,0,1036
이스라엘,202307,1050,42,19,1,3,0,0,0,0,1151
이스라엘,202308,1316,36,43,9,7,0,0,0,0,1471
이스라엘,202309,1694,46,51,11,8,0,0,0,0,1881
이스라엘,202310,766,29,29,5,0,1,0,0,0,940
이스라엘,202311,330,18,18,1,1,0,0,0,0,394
이스라엘,202312,301,12,3,1,1,0,0,0,0,318
이스라엘,소계,11982,353,341,78,24,1,0,0,0,13425
이란,202301,113,2,8,0,0,0,0,0,0,124
이란,202302,130,2,3,0,1,0,0,0,0,139
이란,202303,212,9,21,0,3,0,0,0,0,245
이란,202304,178,5,4,0,0,0,0,0,0,187
이란,202305,270,4,9,0,0,0,0,0,0,287
이란,202306,214,6,15,0,0,0,0,0,0,237
이란,202307,243,6,14,0,0,0,0,0,0,269
이란,202308,300,5,7,0,0,0,0,0,0,316
이란,202309,444,6,9,0,0,0,0,0,0,468
이란,202310,358,2,10,0,0,0,0,0,0,373
이란,202311,242,1,4,0,0,0,0,0,0,248
이란,202312,216,3,6,0,2,1,0,0,0,229
이란,소계,2920,51,110,0,6,1,0,0,0,3122
카자흐스탄,202301,2592,7,37,0,0,0,0,0,1,2644
카자흐스탄,202302,2741,23,12,0,0,0,0,0,0,2781
카자흐스탄,202303,3730,19,7,1,0,0,0,0,0,3783
카자흐스탄,202304,3496,43,5,1,0,0,0,0,0,3583
카자흐스탄,202305,3761,20,12,0,0,0,0,0,0,3817
카자흐스탄,202306,3825,21,22,3,0,0,0,0,1,3965
카자흐스탄,202307,4749,81,11,3,1,1,0,0,1,4886
카자흐스탄,202308,5159,79,31,3,0,0,0,0,0,5332
카자흐스탄,202309,4410,45,27,1,4,0,0,0,0,4617
카자흐스탄,202310,4352,46,27,1,2,0,0,0,1,4526
카자흐스탄,202311,3512,41,37,0,1,0,0,0,0,3687
카자흐스탄,202312,3157,33,8,2,1,0,0,0,0,3253
카자흐스탄,소계,45484,458,236,15,9,1,0,0,4,46874
요르단,202301,91,1,0,0,0,0,0,0,0,92
요르단,202302,157,0,1,0,0,0,0,0,0,163
요르단,202303,118,0,5,0,0,0,0,0,0,131
요르단,202304,95,1,1,0,0,0,0,0,0,102
요르단,202305,211,0,4,0,0,0,0,0,0,228
요르단,202306,205,1,1,0,0,0,0,0,0,221
요르단,202307,230,0,1,1,0,0,0,0,0,243
요르단,202308,199,0,3,0,1,0,0,0,0,212
요르단,202309,214,0,2,0,0,0,0,0,0,226
요르단,202310,231,3,7,0,0,0,0,0,0,255
요르단,202311,189,0,6,0,0,0,0,0,0,212
요르단,202312,141,0,4,0,0,0,0,0,0,157
요르단,소계,2081,6,35,1,1,0,0,0,0,2242
사우디아라비아,202301,496,7,1,0,0,0,0,0,0,505
사우디아라비아,202302,629,7,2,0,0,0,0,0,0,639
사우디아라비아,202303,1245,34,3,0,1,0,0,0,0,1382
사우디아라비아,202304,1198,25,4,0,0,0,0,0,0,1228
사우디아라비아,202305,1728,40,9,4,1,0,0,0,0,1786
사우디아라비아,202306,1666,16,7,0,0,0,0,0,0,1695
사우디아라비아,202307,2360,86,22,0,0,0,0,0,0,2483
사우디아라비아,202308,1327,51,10,3,0,0,0,0,0,1400
사우디아라비아,202309,1418,64,6,0,2,0,0,0,0,1494
사우디아라비아,202310,1555,47,8,2,0,0,0,0,0,1612
사우디아라비아,202311,1872,42,12,3,0,0,0,0,0,1934
사우디아라비아,202312,1158,28,5,0,0,0,0,0,0,1191
사우디아라비아,소계,16652,447,89,12,4,0,0,0,0,17349
이라크,202301,112,0,0,0,0,0,0,0,0,112
이라크,202302,88,0,0,0,0,0,0,0,0,88
이라크,202303,151,0,0,0,0,0,0,0,0,152
이라크,202304,107,1,0,0,0,0,0,0,0,108
이라크,202305,137,0,0,0,0,0,0,0,0,138
이라크,202306,204,0,0,0,0,0,0,0,0,205
이라크,202307,215,0,2,0,0,0,0,0,0,219
이라크,202308,207,1,1,0,0,0,0,0,0,210
이라크,202309,285,0,1,0,0,1,0,0,0,288
이라크,202310,209,3,0,1,0,0,0,0,0,214
이라크,202311,185,1,0,0,0,0,0,0,0,187
이라크,202312,113,0,0,0,0,0,0,0,0,113
이라크,소계,2013,6,4,1,0,1,0,0,0,2034
키르기스스탄,202301,423,0,6,0,0,0,0,0,0,429
키르기스스탄,202302,522,1,6,0,0,0,0,0,0,529
키르기스스탄,202303,581,1,2,0,0,0,0,0,0,623
키르기스스탄,202304,486,1,1,0,0,0,0,0,0,614
키르기스스탄,202305,691,1,15,0,0,0,0,0,0,720
키르기스스탄,202306,701,1,6,0,0,0,0,0,0,724
키르기스스탄,202307,783,1,2,0,0,0,0,0,0,796
키르기스스탄,202308,1031,9,2,0,0,1,0,0,0,1049
키르기스스탄,202309,989,1,3,0,0,0,0,0,0,999
키르기스스탄,202310,686,0,0,0,0,0,0,0,0,716
키르기스스탄,202311,634,2,4,0,1,0,0,0,0,649
키르기스스탄,202312,541,0,11,0,0,1,0,0,0,556
키르기스스탄,소계,8068,18,58,0,1,2,0,0,0,8404
시리아,202301,132,0,1,0,0,0,0,0,0,139
시리아,202302,123,1,1,0,0,0,0,0,0,129
시리아,202303,187,0,1,0,0,0,0,0,0,190
시리아,202304,109,0,21,0,0,0,0,0,0,132
시리아,202305,208,0,10,0,0,0,0,0,0,226
시리아,202306,148,0,2,0,0,0,0,0,0,266
시리아,202307,189,0,9,0,0,0,0,0,0,241
시리아,202308,193,0,14,0,0,0,0,0,0,265
시리아,202309,137,1,18,0,0,0,0,0,0,245
시리아,202310,168,0,2,0,0,0,0,0,0,170
시리아,202311,208,0,21,0,0,0,0,0,0,233
시리아,202312,107,0,4,0,0,0,0,0,0,129
시리아,소계,1909,2,104,0,0,0,0,0,0,2365
레바논,202301,34,0,0,1,0,0,0,0,0,35
레바논,202302,61,0,0,0,0,0,0,0,0,61
레바논,202303,63,2,0,0,0,0,0,0,0,65
레바논,202304,54,2,0,0,0,0,0,0,0,56
레바논,202305,129,2,2,0,1,0,0,0,0,137
레바논,202306,72,2,0,0,0,0,0,0,0,74
레바논,202307,87,3,1,0,0,0,0,0,0,91
레바논,202308,77,0,6,0,0,0,0,0,0,83
레바논,202309,96,1,2,0,1,0,0,0,0,100
레바논,202310,110,2,1,1,0,0,0,0,0,118
레바논,202311,101,2,1,0,0,0,0,0,0,110
레바논,202312,41,1,1,2,0,0,0,0,0,45
레바논,소계,925,17,14,4,2,0,0,0,0,975
아랍에미리트연합,202301,310,11,7,0,0,0,0,0,0,330
아랍에미리트연합,202302,412,8,0,0,0,0,0,0,0,422
아랍에미리트연합,202303,515,18,2,0,0,0,0,0,0,535
아랍에미리트연합,202304,469,1,3,0,0,0,0,0,0,474
아랍에미리트연합,202305,648,14,5,2,0,0,0,0,0,674
아랍에미리트연합,202306,840,13,0,0,0,0,0,0,0,876
아랍에미리트연합,202307,895,5,3,1,3,0,0,0,0,912
아랍에미리트연합,202308,597,3,4,0,0,0,0,0,0,606
아랍에미리트연합,202309,507,3,0,0,0,0,0,0,0,521
아랍에미리트연합,202310,691,6,13,0,0,0,0,0,0,719
아랍에미리트연합,202311,583,12,13,0,0,0,0,0,0,608
아랍에미리트연합,202312,695,25,5,0,0,0,0,0,0,725
아랍에미리트연합,소계,7162,119,55,3,3,0,0,0,0,7402
쿠웨이트,202301,175,0,2,0,0,0,0,0,0,177
쿠웨이트,202302,94,0,0,0,0,0,0,0,0,95
쿠웨이트,202303,90,1,0,0,0,0,0,0,0,92
쿠웨이트,202304,192,3,0,0,0,0,0,0,0,195
쿠웨이트,202305,209,10,14,0,0,0,0,0,0,233
쿠웨이트,202306,267,3,0,0,0,0,0,0,0,270
쿠웨이트,202307,222,10,0,0,0,0,0,0,0,234
쿠웨이트,202308,451,16,6,0,0,0,0,0,0,479
쿠웨이트,202309,188,4,8,0,3,0,0,0,0,204
쿠웨이트,202310,260,11,5,0,0,0,0,0,0,279
쿠웨이트,202311,236,3,8,0,0,0,0,0,0,248
쿠웨이트,202312,144,4,0,0,0,0,0,0,0,148
쿠웨이트,소계,2528,65,43,0,3,0,0,0,0,2654
예멘공화국,202301,39,0,0,0,0,0,0,0,0,39
예멘공화국,202302,62,0,1,0,0,0,0,0,0,63
예멘공화국,202303,53,0,2,0,1,0,0,0,0,57
예멘공화국,202304,42,0,0,0,0,0,0,0,0,42
예멘공화국,202305,82,0,1,1,0,0,0,0,0,84
예멘공화국,202306,48,0,0,0,0,0,0,0,0,48
예멘공화국,202307,52,0,0,1,0,0,0,0,0,53
예멘공화국,202308,94,2,2,1,0,0,0,0,0,100
예멘공화국,202309,56,0,1,1,0,0,0,0,0,58
예멘공화국,202310,68,0,0,0,0,0,0,0,0,69
예멘공화국,202311,51,1,0,0,0,0,0,0,0,52
예멘공화국,202312,46,0,2,0,0,0,0,0,0,48
예멘공화국,소계,693,3,9,4,1,0,0,0,0,713
오만,202301,27,0,0,0,0,0,0,0,0,29
오만,202302,24,0,0,0,0,0,0,0,0,31
오만,202303,49,0,0,0,0,0,0,0,0,49
오만,202304,41,7,1,0,0,0,0,1,0,54
오만,202305,115,2,5,2,0,0,0,0,0,124
오만,202306,85,2,4,0,0,0,0,0,0,91
오만,202307,191,0,4,3,0,0,0,0,0,199
오만,202308,68,3,0,0,0,0,0,0,0,75
오만,202309,96,0,0,0,0,0,0,0,0,102
오만,202310,159,0,2,0,0,0,0,0,0,161
오만,202311,100,4,0,0,0,1,0,0,0,107
오만,202312,58,0,0,0,0,0,0,0,0,59
오만,소계,1013,18,16,5,0,1,0,1,0,1081
타지키스탄,202301,270,0,0,0,0,0,0,0,0,270
타지키스탄,202302,566,0,0,0,0,0,0,0,0,566
타지키스탄,202303,513,0,1,0,0,0,0,0,0,514
타지키스탄,202304,422,0,0,0,0,0,0,0,0,422
타지키스탄,202305,547,0,1,0,0,0,0,0,0,548
타지키스탄,202306,517,0,0,0,0,0,0,0,0,517
타지키스탄,202307,453,2,1,1,0,0,0,0,0,457
타지키스탄,202308,446,3,0,0,1,0,0,0,0,451
타지키스탄,202309,520,1,0,0,0,0,0,0,0,523
타지키스탄,202310,616,1,1,0,2,0,0,0,0,621
타지키스탄,202311,541,2,1,0,1,0,0,0,0,545
타지키스탄,202312,408,1,0,0,1,0,0,0,0,412
타지키스탄,소계,5819,10,5,1,5,0,0,0,0,5846
바레인,202301,26,2,0,1,0,0,0,0,0,29
바레인,202302,19,0,0,0,0,0,0,0,0,19
바레인,202303,26,0,0,0,0,0,0,0,0,26
바레인,202304,47,4,1,0,0,0,0,0,0,55
바레인,202305,101,17,3,0,0,0,0,0,0,121
바레인,202306,31,0,0,0,0,0,0,0,0,31
바레인,202307,83,0,1,0,0,0,0,0,0,87
바레인,202308,53,2,0,0,0,0,0,0,0,55
바레인,202309,55,0,0,0,0,0,0,0,0,55
바레인,202310,83,2,1,0,0,0,0,0,0,87
바레인,202311,76,2,2,0,0,0,0,0,0,80
바레인,202312,30,2,0,0,0,0,0,0,0,32
바레인,소계,630,31,8,1,0,0,0,0,0,677
투르크메니스탄,202301,47,0,1,0,0,0,0,0,0,48
투르크메니스탄,202302,29,0,0,0,0,0,0,0,0,29
투르크메니스탄,202303,89,0,0,0,0,0,0,0,0,89
투르크메니스탄,202304,43,0,1,0,0,0,0,0,0,44
투르크메니스탄,202305,106,0,0,0,0,0,0,0,0,106
투르크메니스탄,202306,76,9,0,0,0,0,0,0,0,86
투르크메니스탄,202307,116,7,0,0,0,0,0,0,0,123
투르크메니스탄,202308,73,9,0,0,0,0,0,0,0,82
투르크메니스탄,202309,91,21,0,1,0,0,0,0,0,113
투르크메니스탄,202310,87,5,3,1,0,0,0,0,0,96
투르크메니스탄,202311,71,8,0,0,1,0,0,0,0,80
투르크메니스탄,202312,50,6,2,1,0,0,0,0,0,59
투르크메니스탄,소계,878,65,7,3,1,0,0,0,0,955
팔레스타인,202301,3,0,0,0,0,0,0,0,0,3
팔레스타인,202302,14,0,0,0,0,0,0,0,0,14
팔레스타인,202303,12,0,0,0,0,0,0,0,0,12
팔레스타인,202304,10,0,0,0,0,0,0,0,0,10
팔레스타인,202305,26,0,0,0,0,0,0,0,0,26
팔레스타인,202306,22,0,0,0,0,0,0,0,0,23
팔레스타인,202307,41,0,1,0,0,0,0,0,0,42
팔레스타인,202308,42,1,0,0,0,0,0,0,0,43
팔레스타인,202309,28,0,0,0,0,0,0,0,0,28
팔레스타인,202310,10,1,0,0,0,0,0,0,0,12
팔레스타인,202311,7,0,1,0,0,0,0,0,0,8
팔레스타인,202312,4,0,1,0,0,0,0,0,0,5
팔레스타인,소계,219,2,3,0,0,0,0,0,0,226
키프로스,202301,16,0,0,0,0,0,0,0,0,17
키프로스,202302,24,0,0,0,0,0,0,0,0,25
키프로스,202303,37,2,1,2,0,0,0,0,0,42
키프로스,202304,87,7,3,0,0,0,0,0,0,104
키프로스,202305,48,0,3,0,0,0,0,0,0,51
키프로스,202306,57,1,2,0,0,0,0,0,0,62
키프로스,202307,87,2,4,0,0,0,0,0,0,94
키프로스,202308,135,2,4,0,0,0,0,0,0,141
키프로스,202309,55,2,2,0,0,0,0,0,0,63
키프로스,202310,60,4,6,0,0,0,0,0,0,84
키프로스,202311,48,4,2,0,0,0,0,0,0,57
키프로스,202312,34,3,4,0,0,0,0,0,0,42
키프로스,소계,688,27,31,2,0,0,0,0,0,782
카타르,202301,73,1,1,0,0,0,0,0,0,75
카타르,202302,64,0,6,0,0,0,0,0,0,70
카타르,202303,109,0,2,0,0,0,0,0,0,111
카타르,202304,221,3,0,0,0,0,0,0,0,224
카타르,202305,132,12,5,2,0,0,0,0,0,152
카타르,202306,213,0,2,0,0,0,0,0,0,224
카타르,202307,194,13,5,0,0,0,0,0,0,212
카타르,202308,138,7,8,0,0,0,0,0,0,153
카타르,202309,115,5,26,0,0,0,0,0,0,146
카타르,202310,166,11,30,0,0,0,0,0,0,207
카타르,202311,136,0,6,0,0,0,0,0,0,142
카타르,202312,146,0,4,0,0,0,0,0,0,150
카타르,소계,1707,52,95,2,0,0,0,0,0,1866
중동,소계,193831,2393,2174,180,94,30,0,1,4,203220
미국,202301,45582,1374,1376,92,115,1,0,7,4,49120
미국,202302,42881,1548,1151,43,70,2,0,11,2,46204
미국,202303,77097,2500,2072,214,106,3,0,22,5,86430
미국,202304,93225,4446,2583,380,163,1,0,32,1,108818
미국,202305,91911,3441,2562,314,267,13,0,0,7,101915
미국,202306,108484,5621,3329,484,411,19,0,0,3,121378
미국,202307,91618,4515,2677,565,436,67,0,0,3,104823
미국,202308,74587,3196,2025,423,285,76,0,0,4,83250
미국,202309,86248,3214,2770,444,430,52,0,0,2,96925
미국,202310,99650,4653,3236,474,367,64,0,0,7,115763
미국,202311,80941,3891,2710,334,365,108,0,0,8,93498
미국,202312,70683,3633,2112,248,317,82,0,4,8,78291
미국,소계,962907,42032,28603,4015,3332,488,0,76,54,1086415
캐나다,202301,9359,174,272,26,17,0,0,0,3,9869
캐나다,202302,8540,253,202,9,15,1,0,1,1,9040
캐나다,202303,15146,366,407,43,21,5,0,7,0,16866
캐나다,202304,18256,598,515,92,31,5,0,3,1,20825
캐나다,202305,17815,682,592,130,28,4,0,0,2,19870
캐나다,202306,13900,502,412,110,38,3,0,0,0,15229
캐나다,202307,16516,548,481,177,42,21,0,0,6,18343
캐나다,202308,14635,633,454,160,48,37,0,0,0,16345
캐나다,202309,17058,556,504,156,67,18,0,0,1,18856
캐나다,202310,18634,705,711,156,50,18,0,0,1,22664
캐나다,202311,15594,613,564,114,58,26,0,0,2,19388
캐나다,202312,13499,474,377,101,35,13,0,5,3,14554
캐나다,소계,178952,6104,5491,1274,450,151,0,16,20,201849
브라질,202301,1055,25,28,0,0,0,0,1,0,1109
브라질,202302,964,23,39,0,1,0,0,0,0,1027
브라질,202303,1345,59,37,3,0,0,0,0,0,1599
브라질,202304,1797,109,71,10,1,0,0,0,0,2170
브라질,202305,1712,95,88,4,0,0,0,0,0,2064
브라질,202306,1171,40,55,1,6,0,0,0,0,1464
브라질,202307,2590,71,88,4,0,0,0,0,0,2934
브라질,202308,1519,56,193,9,2,3,0,0,0,1951
브라질,202309,1594,63,85,10,4,2,0,0,0,1911
브라질,202310,2115,112,163,11,5,3,0,0,0,2786
브라질,202311,1649,128,140,9,3,1,0,0,0,2158
브라질,202312,1408,72,93,16,0,1,0,0,0,1681
브라질,소계,18919,853,1080,77,22,10,0,1,0,22854
멕시코,202301,760,17,17,0,1,0,0,0,0,800
멕시코,202302,809,18,16,0,0,0,0,0,0,850
멕시코,202303,1222,49,41,5,3,0,0,0,1,1434
멕시코,202304,2017,96,67,9,2,0,0,0,0,2511
멕시코,202305,1458,80,46,1,4,0,0,0,1,1724
멕시코,202306,1341,85,48,5,6,0,0,0,1,1562
멕시코,202307,2188,243,54,2,63,0,0,0,0,2859
멕시코,202308,1902,85,78,1,7,2,0,0,0,2127
멕시코,202309,1846,97,84,2,5,1,0,0,0,2142
멕시코,202310,2119,126,70,2,8,0,0,0,1,2626
멕시코,202311,1596,84,108,5,5,1,0,0,0,1986
멕시코,202312,1351,52,73,6,5,3,0,0,0,1520
멕시코,소계,18609,1032,702,38,109,7,0,0,4,22141
칠레,202301,214,9,7,0,0,0,0,0,0,232
칠레,202302,271,14,4,0,0,0,0,0,0,289
칠레,202303,379,14,13,0,0,0,0,0,0,454
칠레,202304,441,34,9,3,0,0,0,0,0,540
칠레,202305,363,19,10,0,0,0,0,0,0,457
칠레,202306,323,16,9,2,0,0,0,0,0,374
칠레,202307,1184,156,14,2,0,0,0,0,0,1479
칠레,202308,371,14,14,6,1,3,0,0,0,427
칠레,202309,490,16,18,0,1,0,0,0,0,554
칠레,202310,496,53,17,3,1,0,0,0,0,607
칠레,202311,356,27,15,6,0,0,0,0,0,427
칠레,202312,172,10,17,0,0,1,0,0,0,210
칠레,소계,5060,382,147,22,3,4,0,0,0,6050
아르헨티나,202301,239,6,7,0,0,0,0,0,0,253
아르헨티나,202302,202,2,2,0,0,0,0,0,0,209
아르헨티나,202303,392,10,11,0,0,0,0,0,0,471
아르헨티나,202304,360,12,5,2,0,0,0,0,0,481
아르헨티나,202305,398,21,9,4,0,0,0,0,0,506
아르헨티나,202306,235,11,10,5,0,0,0,0,0,313
아르헨티나,202307,354,11,11,1,1,0,0,0,0,446
아르헨티나,202308,251,12,7,2,0,0,0,0,0,320
아르헨티나,202309,422,15,10,3,2,0,0,0,0,506
아르헨티나,202310,486,25,19,2,1,0,0,0,0,628
아르헨티나,202311,352,31,9,1,1,0,0,0,0,458
아르헨티나,202312,256,13,8,2,0,0,0,0,0,292
아르헨티나,소계,3947,169,108,22,5,0,0,0,0,4883
콜롬비아,202301,236,2,8,1,2,0,0,0,0,250
콜롬비아,202302,255,4,8,0,0,0,0,0,1,269
콜롬비아,202303,464,7,8,0,0,0,0,0,1,518
콜롬비아,202304,443,21,23,1,0,0,0,0,3,563
콜롬비아,202305,485,10,5,1,1,0,0,0,1,562
콜롬비아,202306,478,18,15,4,1,1,0,0,0,619
콜롬비아,202307,663,17,16,3,0,0,0,0,0,767
콜롬비아,202308,489,16,22,2,1,0,0,0,1,586
콜롬비아,202309,614,21,19,8,0,0,0,0,1,722
콜롬비아,202310,645,34,58,0,0,0,0,0,1,843
콜롬비아,202311,472,20,20,1,2,0,0,0,3,563
콜롬비아,202312,350,4,9,1,0,0,0,0,0,381
콜롬비아,소계,5594,174,211,22,7,1,0,0,12,6643
페루,202301,182,0,5,0,1,0,0,0,0,188
페루,202302,197,2,2,0,0,0,0,0,0,201
페루,202303,246,5,4,0,0,0,0,0,0,309
페루,202304,294,6,8,1,0,0,0,0,0,394
페루,202305,343,11,9,1,0,0,0,0,0,434
페루,202306,331,9,16,0,0,0,0,0,0,455
페루,202307,386,4,20,0,1,0,0,0,0,490
페루,202308,290,22,7,0,0,0,0,0,0,343
페루,202309,309,9,9,2,0,1,0,0,0,625
페루,202310,393,17,35,4,0,0,0,0,0,557
페루,202311,387,9,4,0,0,0,0,0,0,447
페루,202312,253,11,7,0,0,0,0,0,0,275
페루,소계,3611,105,126,8,2,1,0,0,0,4718
베네수엘라,202301,68,2,3,0,0,0,0,0,0,75
베네수엘라,202302,70,2,4,1,0,0,0,0,0,79
베네수엘라,202303,87,1,3,0,0,0,0,0,0,94
베네수엘라,202304,100,1,7,0,1,0,0,0,0,117
베네수엘라,202305,101,0,4,1,0,0,0,0,0,114
베네수엘라,202306,84,2,0,1,0,0,0,0,0,93
베네수엘라,202307,137,3,5,2,1,0,0,0,0,152
베네수엘라,202308,108,1,1,3,0,0,0,0,0,127
베네수엘라,202309,122,4,1,2,0,0,0,0,0,142
베네수엘라,202310,114,7,5,0,1,0,0,0,0,157
베네수엘라,202311,101,8,1,0,0,0,0,0,0,118
베네수엘라,202312,80,2,1,0,1,0,0,0,0,86
베네수엘라,소계,1172,33,35,10,4,0,0,0,0,1354
에콰도르,202301,69,0,2,0,0,0,0,0,0,72
에콰도르,202302,102,1,4,0,0,0,0,0,0,107
에콰도르,202303,144,0,0,0,0,0,0,0,0,152
에콰도르,202304,217,2,6,1,0,0,0,0,0,242
에콰도르,202305,134,2,2,0,0,0,0,0,0,141
에콰도르,202306,117,9,6,1,0,0,0,0,0,135
에콰도르,202307,401,8,4,0,0,0,0,0,0,414
에콰도르,202308,191,4,5,8,0,0,0,0,0,210
에콰도르,202309,190,5,1,0,0,0,0,0,0,202
에콰도르,202310,286,5,9,0,0,0,0,0,0,317
에콰도르,202311,105,1,1,0,0,0,0,0,0,124
에콰도르,202312,91,6,3,0,0,0,0,0,0,101
에콰도르,소계,2047,43,43,10,0,0,0,0,0,2217
엘살바도르,202301,27,0,1,0,0,0,0,0,0,28
엘살바도르,202302,39,0,4,0,0,0,0,0,0,43
엘살바도르,202303,48,0,0,0,0,0,0,0,0,67
엘살바도르,202304,54,2,1,0,0,0,0,0,0,63
엘살바도르,202305,59,1,0,0,0,0,0,0,0,135
엘살바도르,202306,73,0,2,0,1,0,0,0,0,139
엘살바도르,202307,132,2,3,1,0,0,0,0,0,183
엘살바도르,202308,38,5,3,0,0,0,0,0,0,108
엘살바도르,202309,51,0,8,0,0,0,0,0,0,87
엘살바도르,202310,116,0,10,0,0,0,0,0,0,163
엘살바도르,202311,47,2,3,0,0,0,0,0,0,64
엘살바도르,202312,42,2,6,0,0,0,0,0,0,50
엘살바도르,소계,726,14,41,1,1,0,0,0,0,1130
코스타리카,202301,54,3,0,0,0,0,0,0,0,57
코스타리카,202302,47,0,1,1,0,0,0,0,0,49
코스타리카,202303,67,0,0,1,0,0,0,0,0,74
코스타리카,202304,146,11,8,2,0,0,0,0,0,195
코스타리카,202305,114,2,7,0,0,0,0,0,0,130
코스타리카,202306,105,5,5,0,2,0,0,0,0,123
코스타리카,202307,84,4,2,1,7,0,0,0,0,100
코스타리카,202308,105,8,8,1,0,0,0,0,0,124
코스타리카,202309,174,2,5,0,2,0,0,0,0,189
코스타리카,202310,250,21,5,5,0,0,0,0,0,308
코스타리카,202311,141,6,9,0,0,0,0,0,0,162
코스타리카,202312,54,0,0,1,2,1,0,0,0,67
코스타리카,소계,1341,62,50,12,13,1,0,0,0,1578
파라과이,202301,17,0,3,0,0,0,0,0,1,21
파라과이,202302,36,0,0,0,0,0,0,0,0,36
파라과이,202303,38,0,0,0,0,0,0,0,0,40
파라과이,202304,38,1,2,1,0,0,0,0,0,50
파라과이,202305,64,1,2,0,0,0,0,0,0,76
파라과이,202306,40,0,0,0,1,0,0,0,0,45
파라과이,202307,99,1,1,0,1,0,0,0,0,105
파라과이,202308,33,1,1,1,2,0,0,0,0,43
파라과이,202309,59,0,2,0,0,0,0,0,1,65
파라과이,202310,62,1,3,0,0,0,0,0,1,71
파라과이,202311,31,0,1,1,0,1,0,0,0,36
파라과이,202312,17,1,2,0,1,0,0,0,0,21
파라과이,소계,534,6,17,3,5,1,0,0,3,609
과테말라,202301,36,0,1,0,0,0,0,0,0,38
과테말라,202302,48,0,0,0,0,0,0,0,0,48
과테말라,202303,45,1,0,0,0,0,0,0,0,60
과테말라,202304,39,5,1,0,0,0,0,0,0,59
과테말라,202305,75,4,2,1,0,0,0,0,0,103
과테말라,202306,64,1,1,0,0,0,0,0,0,109
과테말라,202307,56,10,2,0,2,0,0,0,0,88
과테말라,202308,95,3,1,0,0,0,0,0,0,109
과테말라,202309,66,2,8,0,1,0,0,0,0,86
과테말라,202310,128,2,5,0,1,0,0,0,0,166
과테말라,202311,125,3,3,1,0,0,0,0,0,144
과테말라,202312,53,6,1,0,0,0,0,0,0,68
과테말라,소계,830,37,25,2,4,0,0,0,0,1078
파나마,202301,31,0,0,0,0,0,0,0,0,31
파나마,202302,41,7,3,0,0,0,0,0,0,52
파나마,202303,55,1,0,0,0,0,0,0,0,66
파나마,202304,77,11,2,0,0,0,0,0,0,111
파나마,202305,76,2,5,0,0,0,0,0,0,105
파나마,202306,41,2,1,2,0,0,0,0,0,57
파나마,202307,101,2,5,0,0,0,0,0,0,115
파나마,202308,69,0,2,1,0,0,0,0,0,94
파나마,202309,94,2,1,0,1,0,0,0,0,116
파나마,202310,133,8,2,0,0,0,0,0,0,168
파나마,202311,61,4,6,0,3,0,0,0,0,105
파나마,202312,42,0,3,1,1,0,0,0,0,48
파나마,소계,821,39,30,4,5,0,0,0,0,1068
영령버진아일랜드,202305,0,0,0,0,0,0,0,0,0,1
영령버진아일랜드,소계,0,0,0,0,0,0,0,0,0,1
쿠바,202301,3,0,0,0,0,0,0,0,0,3
쿠바,202302,3,0,0,0,0,0,0,0,0,3
쿠바,202303,5,0,2,0,0,0,0,0,0,8
쿠바,202304,7,0,1,0,0,0,0,0,0,9
쿠바,202305,23,0,1,0,0,0,0,0,0,25
쿠바,202306,6,0,0,0,0,0,0,0,0,7
쿠바,202307,12,0,1,0,0,0,0,0,0,13
쿠바,202308,26,0,0,0,0,0,0,0,0,26
쿠바,202309,7,0,1,0,0,0,0,0,0,8
쿠바,202310,2,0,0,0,0,0,0,0,0,3
쿠바,202311,4,0,0,0,0,0,0,0,0,4
쿠바,202312,4,0,1,0,0,0,0,0,0,5
쿠바,소계,102,0,7,0,0,0,0,0,0,114
볼리비아,202301,12,0,0,0,0,0,0,0,0,12
볼리비아,202302,20,0,0,0,0,0,0,0,0,20
볼리비아,202303,38,2,0,0,0,0,0,0,0,41
볼리비아,202304,18,1,0,0,0,0,0,0,0,31
볼리비아,202305,28,2,5,0,0,0,0,0,0,35
볼리비아,202306,35,1,2,0,0,0,0,0,0,41
볼리비아,202307,84,0,0,0,0,0,0,0,0,88
볼리비아,202308,86,0,2,0,0,0,0,0,0,89
볼리비아,202309,27,2,0,0,0,0,0,0,0,32
볼리비아,202310,66,0,0,0,0,0,0,0,0,67
볼리비아,202311,23,1,1,0,0,0,0,0,0,26
볼리비아,202312,24,0,2,0,0,0,0,0,0,26
볼리비아,소계,461,9,12,0,0,0,0,0,0,508
도미니카공화국,202301,45,0,0,0,0,0,0,0,0,45
도미니카공화국,202302,56,2,0,0,1,0,0,0,0,61
도미니카공화국,202303,72,0,1,0,0,0,0,0,0,83
도미니카공화국,202304,70,21,1,0,0,0,0,0,0,103
도미니카공화국,202305,88,6,0,0,0,0,0,0,0,112
도미니카공화국,202306,69,2,4,0,0,0,0,0,0,91
도미니카공화국,202307,105,4,0,0,0,0,0,0,0,130
도미니카공화국,202308,99,4,5,0,0,0,0,0,0,121
도미니카공화국,202309,100,0,3,0,0,0,0,0,0,112
도미니카공화국,202310,137,1,7,0,0,0,0,0,0,155
도미니카공화국,202311,70,7,1,0,0,0,0,0,0,87
도미니카공화국,202312,39,1,4,0,0,0,0,0,0,44
도미니카공화국,소계,950,48,26,0,1,0,0,0,0,1144
온두라스,202301,19,0,0,0,0,0,0,0,0,19
온두라스,202302,17,0,3,0,0,0,0,0,0,20
온두라스,202303,29,0,0,0,0,0,0,0,0,134
온두라스,202304,29,0,0,0,0,0,0,0,0,105
온두라스,202305,37,1,1,0,0,0,0,0,0,276
온두라스,202306,57,3,1,0,3,0,0,0,0,401
온두라스,202307,85,1,1,0,0,0,0,0,0,277
온두라스,202308,52,4,7,0,0,0,0,0,0,257
온두라스,202309,68,1,0,0,0,0,0,0,0,188
온두라스,202310,71,1,10,0,0,0,0,0,0,252
온두라스,202311,54,1,3,0,0,0,0,0,0,118
온두라스,202312,37,2,1,1,0,0,0,0,0,43
온두라스,소계,555,14,27,1,3,0,0,0,0,2090
자메이카,202301,18,0,0,0,0,0,0,0,0,19
자메이카,202302,23,0,0,0,0,0,0,0,0,23
자메이카,202303,47,2,0,0,0,0,0,0,0,80
자메이카,202304,45,3,0,1,0,0,0,0,0,72
자메이카,202305,52,2,0,0,0,0,0,0,0,65
자메이카,202306,45,3,1,0,0,0,0,0,0,59
자메이카,202307,62,5,1,0,0,0,0,0,0,85
자메이카,202308,64,1,2,0,0,0,0,0,0,68
자메이카,202309,59,2,1,1,0,0,0,0,0,66
자메이카,202310,57,2,0,0,0,0,0,0,0,119
자메이카,202311,36,0,1,0,2,0,0,0,0,76
자메이카,202312,36,1,2,0,0,0,0,0,0,39
자메이카,소계,544,21,8,2,2,0,0,0,0,771
우루과이,202301,22,0,1,0,0,0,0,0,0,23
우루과이,202302,24,0,1,0,0,0,0,0,0,25
우루과이,202303,71,29,0,0,0,0,0,0,0,106
우루과이,202304,50,1,6,0,0,0,0,0,0,70
우루과이,202305,36,142,0,0,0,0,0,0,0,188
우루과이,202306,32,1,0,0,0,0,0,0,0,34
우루과이,202307,60,3,1,0,0,0,0,0,0,66
우루과이,202308,29,1,1,0,0,0,0,0,0,31
우루과이,202309,46,5,0,1,0,0,0,0,0,54
우루과이,202310,46,4,1,0,1,0,0,0,0,57
우루과이,202311,18,1,0,0,0,0,0,0,0,21
우루과이,202312,23,2,0,0,0,0,0,0,0,26
우루과이,소계,457,189,11,1,1,0,0,0,0,701
트리니다드토바고,202301,6,0,0,1,0,0,0,0,0,7
트리니다드토바고,202302,14,1,2,0,0,0,0,0,0,17
트리니다드토바고,202303,17,0,0,1,0,0,0,0,0,22
트리니다드토바고,202304,25,2,0,0,0,0,0,0,0,33
트리니다드토바고,202305,15,0,3,0,0,0,0,0,0,19
트리니다드토바고,202306,19,3,0,0,0,0,0,0,0,24
트리니다드토바고,202307,55,2,0,0,0,0,0,0,0,57
트리니다드토바고,202308,41,1,0,0,0,0,0,0,0,43
트리니다드토바고,202309,25,0,5,0,1,0,0,0,0,31
트리니다드토바고,202310,16,0,0,0,0,0,0,0,0,18
트리니다드토바고,202311,31,0,2,0,0,0,0,0,0,33
트리니다드토바고,202312,19,1,0,0,0,0,0,0,0,20
트리니다드토바고,소계,283,10,12,2,1,0,0,0,0,324
벨리즈,202301,0,1,0,0,0,0,0,0,0,1
벨리즈,202302,5,0,0,0,0,0,0,0,0,5
벨리즈,202303,2,0,0,0,0,0,0,0,0,2
벨리즈,202304,5,1,0,0,0,0,0,0,0,6
벨리즈,202305,1,0,0,0,0,0,0,0,0,1
벨리즈,202306,5,0,0,0,0,0,0,0,0,5
벨리즈,202307,20,0,0,0,0,0,0,0,0,20
벨리즈,202308,6,1,0,0,0,0,0,0,0,7
벨리즈,202309,3,0,0,0,0,0,0,0,0,3
벨리즈,202310,9,0,0,0,0,0,0,0,0,15
벨리즈,202311,4,0,0,0,0,0,0,0,0,8
벨리즈,202312,1,0,0,0,0,0,0,0,0,1
벨리즈,소계,61,3,0,0,0,0,0,0,0,74
니카라과,202301,8,0,0,0,0,0,0,0,0,8
니카라과,202302,6,0,0,0,0,0,0,0,0,6
니카라과,202303,8,0,1,1,1,0,0,0,0,57
니카라과,202304,11,2,1,0,0,0,0,0,0,110
니카라과,202305,12,0,0,0,0,0,0,0,0,103
니카라과,202306,7,0,1,0,1,0,0,0,0,94
니카라과,202307,19,0,0,0,0,0,0,0,0,111
니카라과,202308,18,0,0,0,0,0,0,0,0,60
니카라과,202309,13,0,0,0,0,0,0,0,0,44
니카라과,202310,20,1,1,0,0,0,0,0,0,57
니카라과,202311,11,1,3,0,1,0,0,0,0,38
니카라과,202312,8,0,1,1,0,0,0,0,0,10
니카라과,소계,141,4,8,2,3,0,0,0,0,698
수리남,202301,1,0,0,0,0,0,0,0,0,1
수리남,202302,8,0,2,0,0,0,0,0,0,10
수리남,202303,2,0,0,0,0,0,0,0,0,4
수리남,202304,5,0,0,0,0,0,0,0,0,5
수리남,202305,3,0,0,0,0,0,0,0,0,3
수리남,202306,7,0,0,0,0,0,0,0,0,7
수리남,202307,3,0,0,0,0,0,0,0,0,3
수리남,202308,13,0,0,0,0,0,0,0,0,13
수리남,202309,27,0,0,0,0,0,0,0,0,27
수리남,202310,9,0,0,0,0,0,0,0,0,9
수리남,202311,8,0,0,0,0,0,0,0,0,8
수리남,202312,4,0,0,0,0,0,0,0,0,4
수리남,소계,90,0,2,0,0,0,0,0,0,94
바하마,202301,1,0,0,0,0,0,0,0,0,1
바하마,202302,4,0,1,0,0,0,0,0,0,5
바하마,202303,8,0,0,0,0,0,0,0,0,10
바하마,202304,6,1,0,0,0,0,0,0,0,7
바하마,202305,8,0,0,0,0,0,0,0,0,8
바하마,202306,5,1,0,0,0,0,0,0,0,6
바하마,202307,4,0,0,0,0,0,0,0,0,4
바하마,202308,5,0,0,0,0,0,0,0,0,5
바하마,202309,14,2,0,0,0,0,0,0,0,16
바하마,202310,5,0,0,1,0,0,0,0,0,6
바하마,202311,16,0,0,1,0,0,0,0,0,18
바하마,202312,3,1,0,0,0,0,0,0,0,5
바하마,소계,79,5,1,2,0,0,0,0,0,91
도미니카연방,202301,13,0,0,0,0,0,0,0,0,13
도미니카연방,202302,23,0,2,0,0,0,0,0,0,25
도미니카연방,202303,25,0,0,0,0,0,0,0,0,27
도미니카연방,202304,26,5,0,0,0,0,0,0,0,31
도미니카연방,202305,33,1,0,2,0,0,0,0,0,37
도미니카연방,202306,23,3,1,0,0,0,0,0,0,27
도미니카연방,202307,45,0,2,0,0,0,0,0,0,47
도미니카연방,202308,47,0,0,0,0,0,0,0,0,47
도미니카연방,202309,37,0,1,0,1,0,0,0,0,39
도미니카연방,202310,44,0,2,0,0,0,0,0,0,54
도미니카연방,202311,35,1,5,1,0,0,0,0,0,50
도미니카연방,202312,20,2,0,0,0,0,0,0,0,22
도미니카연방,소계,371,12,13,3,1,0,0,0,0,419
바베이도스,202301,4,0,0,0,0,0,0,0,0,4
바베이도스,202302,6,0,1,0,0,0,0,0,0,7
바베이도스,202303,5,0,0,0,0,0,0,0,0,9
바베이도스,202304,7,0,0,0,0,0,0,0,0,18
바베이도스,202305,7,1,1,0,0,0,0,0,0,21
바베이도스,202306,2,0,0,0,0,0,0,0,0,13
바베이도스,202307,3,0,0,0,0,0,0,0,0,16
바베이도스,202308,13,0,0,0,0,0,0,0,0,15
바베이도스,202309,7,0,1,0,0,0,0,0,0,12
바베이도스,202310,2,0,1,0,0,0,0,0,0,8
바베이도스,202311,5,0,2,0,0,0,0,0,0,13
바베이도스,202312,5,0,1,0,0,0,0,0,0,6
바베이도스,소계,66,1,7,0,0,0,0,0,0,142
아이티,202301,3,0,0,0,0,0,0,0,0,3
아이티,202302,2,0,0,0,0,0,0,0,0,2
아이티,202303,7,0,0,0,0,0,0,0,0,7
아이티,202304,5,0,1,0,0,0,0,0,0,6
아이티,202305,9,1,0,0,0,0,0,0,0,12
아이티,202306,4,0,0,0,0,0,0,0,0,4
아이티,202307,36,0,0,0,0,0,0,0,0,36
아이티,202308,5,0,0,0,0,0,0,0,0,5
아이티,202309,9,0,1,0,0,0,0,0,0,11
아이티,202310,6,1,1,0,0,0,0,0,0,8
아이티,202311,10,0,1,0,0,0,0,0,0,11
아이티,202312,3,0,0,0,0,0,0,0,0,4
아이티,소계,99,2,4,0,0,0,0,0,0,109
그레나다,202301,5,0,0,0,0,0,0,0,0,5
그레나다,202302,11,0,0,0,0,0,0,0,0,11
그레나다,202303,5,0,0,0,0,0,0,0,0,13
그레나다,202304,10,0,0,0,0,0,0,0,0,20
그레나다,202305,15,0,0,0,0,0,0,0,0,22
그레나다,202306,12,1,0,0,0,0,0,0,0,18
그레나다,202307,20,0,0,0,0,0,0,0,0,25
그레나다,202308,5,1,0,0,0,0,0,0,0,6
그레나다,202309,13,0,0,0,1,0,0,0,0,16
그레나다,202310,19,0,5,1,0,0,0,0,0,25
그레나다,202311,9,0,2,1,0,0,0,0,0,12
그레나다,202312,8,0,0,0,0,0,0,0,0,9
그레나다,소계,132,2,7,2,1,0,0,0,0,182
세인트루시아,202301,5,0,0,0,0,0,0,0,0,5
세인트루시아,202302,3,1,0,0,0,0,0,0,0,4
세인트루시아,202303,5,0,0,0,0,0,0,0,0,23
세인트루시아,202304,10,0,0,0,0,0,0,0,0,31
세인트루시아,202305,7,0,0,0,0,0,0,0,0,22
세인트루시아,202306,7,0,0,0,1,0,0,0,0,26
세인트루시아,202307,12,1,0,0,0,0,0,0,0,41
세인트루시아,202308,6,1,0,0,0,0,0,0,0,10
세인트루시아,202309,7,0,1,0,0,0,0,0,0,17
세인트루시아,202310,7,0,0,0,0,0,0,0,0,18
세인트루시아,202311,10,0,1,0,0,0,0,0,0,20
세인트루시아,202312,7,0,0,0,0,0,0,0,0,7
세인트루시아,소계,86,3,2,0,1,0,0,0,0,224
앤티가바부다,202301,8,0,0,0,0,0,0,0,0,8
앤티가바부다,202302,8,0,0,0,0,0,0,0,0,8
앤티가바부다,202303,10,0,1,0,0,0,0,0,0,11
앤티가바부다,202304,14,0,0,0,0,0,0,0,0,14
앤티가바부다,202305,8,0,1,0,0,0,0,0,0,9
앤티가바부다,202306,11,0,0,0,0,0,0,0,0,11
앤티가바부다,202307,21,0,0,0,0,0,0,0,0,21
앤티가바부다,202308,9,0,0,1,0,0,0,0,0,10
앤티가바부다,202309,13,0,1,0,0,0,0,0,0,14
앤티가바부다,202310,15,3,3,1,0,0,0,0,0,26
앤티가바부다,202311,10,0,0,0,0,0,0,0,0,14
앤티가바부다,202312,26,0,0,1,0,0,0,0,0,27
앤티가바부다,소계,153,3,6,3,0,0,0,0,0,173
가이아나,202301,2,0,0,0,0,0,0,0,0,2
가이아나,202302,9,0,0,0,0,0,0,0,0,9
가이아나,202303,6,0,0,0,0,0,0,0,0,6
가이아나,202304,4,0,0,0,0,0,0,0,0,4
가이아나,202305,7,0,1,0,0,0,0,0,0,10
가이아나,202306,6,0,0,0,0,0,0,0,0,9
가이아나,202307,16,0,0,0,0,0,0,0,0,21
가이아나,202308,12,0,0,0,0,0,0,0,0,13
가이아나,202309,9,0,1,0,0,0,0,0,0,13
가이아나,202310,14,0,2,0,0,0,0,0,0,31
가이아나,202311,2,0,0,0,0,0,0,0,0,25
가이아나,202312,1,0,0,0,0,0,0,0,0,1
가이아나,소계,88,0,4,0,0,0,0,0,0,144
세인트빈센트그레나딘,202301,2,0,1,0,0,0,0,0,0,3
세인트빈센트그레나딘,202302,7,0,0,0,0,0,0,0,0,7
세인트빈센트그레나딘,202303,1,0,0,0,0,0,0,0,0,4
세인트빈센트그레나딘,202304,5,0,0,0,0,0,0,0,0,13
세인트빈센트그레나딘,202305,0,0,1,0,0,0,0,0,0,10
세인트빈센트그레나딘,202306,1,0,0,0,0,0,0,0,0,7
세인트빈센트그레나딘,202307,13,1,0,0,0,0,0,0,0,24
세인트빈센트그레나딘,202308,1,0,0,0,0,0,0,0,0,2
세인트빈센트그레나딘,202309,3,0,2,0,0,0,0,0,0,5
세인트빈센트그레나딘,202310,6,1,0,0,0,0,0,0,0,19
세인트빈센트그레나딘,202311,1,0,0,0,1,0,0,0,0,14
세인트빈센트그레나딘,소계,40,2,4,0,1,0,0,0,0,108
세인트크리스토퍼네비스,202301,18,1,0,0,0,0,0,0,0,20
세인트크리스토퍼네비스,202302,23,1,0,1,0,0,0,0,0,25
세인트크리스토퍼네비스,202303,40,0,0,0,1,0,0,0,0,41
세인트크리스토퍼네비스,202304,43,0,3,0,0,0,0,0,0,46
세인트크리스토퍼네비스,202305,37,2,1,0,0,0,0,0,0,40
세인트크리스토퍼네비스,202306,51,2,0,0,0,0,0,0,0,54
세인트크리스토퍼네비스,202307,49,2,0,3,0,0,0,0,0,54
세인트크리스토퍼네비스,202308,58,1,0,0,0,0,0,0,0,59
세인트크리스토퍼네비스,202309,42,1,4,1,0,0,0,0,0,48
세인트크리스토퍼네비스,202310,55,1,0,1,0,0,0,0,0,57
세인트크리스토퍼네비스,202311,39,0,0,1,0,0,0,0,0,40
세인트크리스토퍼네비스,202312,41,1,0,2,0,0,0,0,0,45
세인트크리스토퍼네비스,소계,496,12,8,9,1,0,0,0,0,529
미주,소계,1210324,51425,36878,5547,3978,664,0,93,93,1373227
러시아(연방),202301,5250,33,279,3,5,0,0,1,2,9151
러시아(연방),202302,4853,22,266,6,2,2,0,0,0,9080
러시아(연방),202303,7163,53,380,7,4,0,0,0,0,13138
러시아(연방),202304,8548,332,400,6,3,0,0,1,0,15183
러시아(연방),202305,7341,466,420,22,4,3,0,0,2,14119
러시아(연방),202306,7861,579,372,53,3,2,0,0,0,14355
러시아(연방),202307,9067,1200,551,44,12,3,0,0,1,15617
러시아(연방),202308,7858,1859,688,68,11,4,0,0,1,14198
러시아(연방),202309,7495,1622,633,44,23,5,0,0,1,13815
러시아(연방),202310,7453,2014,646,35,14,1,0,0,0,15557
러시아(연방),202311,5812,1254,438,25,12,9,0,0,1,12837
러시아(연방),202312,4984,1110,419,19,7,3,0,0,1,11725
러시아(연방),소계,83685,10544,5492,332,100,32,0,2,9,158775
독일,202301,5044,144,106,2,9,0,0,2,0,5320
독일,202302,5872,199,94,5,5,0,0,0,0,6197
독일,202303,9916,321,196,16,6,0,0,4,0,12087
독일,202304,12209,730,217,31,6,0,0,0,0,18443
독일,202305,10467,409,230,32,3,3,0,0,0,11656
독일,202306,7841,434,281,60,19,0,0,0,0,9062
독일,202307,10729,368,258,50,20,1,0,0,0,11610
독일,202308,11846,428,267,61,19,6,0,0,0,12875
독일,202309,13240,466,414,77,18,3,0,0,1,14491
독일,202310,12704,605,363,40,22,11,0,0,0,14147
독일,202311,8673,476,261,32,38,7,0,0,0,9772
독일,202312,6489,260,157,26,13,1,0,0,0,7060
독일,소계,115030,4840,2844,432,178,32,0,6,1,132720
영국,202301,5273,213,208,41,16,0,0,3,0,5798
영국,202302,4619,225,212,11,6,0,0,3,0,5105
영국,202303,9073,345,244,42,7,0,0,2,0,10796
영국,202304,11521,679,375,105,15,0,0,0,1,15273
영국,202305,8641,446,317,49,15,2,0,0,0,10517
영국,202306,7344,448,316,50,17,3,0,0,0,8555
영국,202307,12465,677,359,127,27,2,0,0,0,14236
영국,202308,8918,539,413,95,35,11,0,0,0,10344
영국,202309,9075,442,374,130,16,4,0,0,0,10477
영국,202310,10595,615,527,122,20,8,0,0,0,13352
영국,202311,7777,542,382,116,16,5,0,0,0,9990
영국,202312,6146,321,286,86,10,7,0,1,0,6933
영국,소계,101447,5492,4013,974,200,42,0,9,1,121376
프랑스,202301,4589,145,112,5,3,0,0,1,0,4865
프랑스,202302,6218,237,123,4,9,0,0,0,0,6623
프랑스,202303,8151,361,191,22,7,0,0,0,1,9474
프랑스,202304,14261,663,256,41,10,1,0,1,2,15704
프랑스,202305,11791,497,245,23,17,0,0,0,1,13163
프랑스,202306,8296,400,306,24,11,0,0,0,1,9166
프랑스,202307,11451,427,330,42,18,7,0,0,1,12443
프랑스,202308,14999,726,399,35,39,7,0,0,1,16487
프랑스,202309,11091,451,273,47,21,4,0,0,0,12053
프랑스,202310,13330,590,356,42,17,5,0,0,4,14642
프랑스,202311,9829,705,451,15,43,5,0,0,0,11251
프랑스,202312,6885,312,201,35,29,6,0,0,2,7535
프랑스,소계,120891,5514,3243,335,224,35,0,2,13,133406
네덜란드,202301,2058,22,37,2,2,0,0,0,0,2140
네덜란드,202302,2738,42,51,0,0,0,0,0,0,2877
네덜란드,202303,3655,57,51,6,1,0,0,0,1,3934
네덜란드,202304,4272,137,109,17,2,0,0,0,0,4757
네덜란드,202305,4003,116,111,4,2,0,0,0,0,4347
네덜란드,202306,3244,65,96,10,4,1,0,0,1,3469
네덜란드,202307,6531,104,100,29,2,1,0,0,0,6852
네덜란드,202308,4765,134,122,42,4,1,0,0,1,5192
네덜란드,202309,4283,90,104,28,6,1,0,0,1,4586
네덜란드,202310,4228,124,281,11,3,1,0,0,1,4828
네덜란드,202311,2967,204,365,5,20,0,0,0,0,3671
네덜란드,202312,2256,58,202,13,1,2,0,0,0,2572
네덜란드,소계,45000,1153,1629,167,47,7,0,0,5,49225
우크라이나,202301,503,2,25,2,0,0,0,0,0,886
우크라이나,202302,473,2,19,0,0,0,0,0,0,744
우크라이나,202303,552,2,23,1,0,0,0,0,0,1174
우크라이나,202304,493,1,46,9,0,0,0,0,0,1337
우크라이나,202305,543,5,37,8,0,0,0,0,0,1391
우크라이나,202306,546,4,40,10,0,0,0,0,0,1496
우크라이나,202307,584,10,57,7,0,1,0,0,0,1307
우크라이나,202308,641,13,57,8,0,0,0,0,0,1534
우크라이나,202309,525,11,82,10,0,0,0,0,0,1350
우크라이나,202310,695,16,60,4,0,0,0,0,0,1845
우크라이나,202311,634,14,48,3,0,0,0,0,0,1620
우크라이나,202312,442,4,56,11,0,0,0,0,0,1292
우크라이나,소계,6631,84,550,73,0,1,0,0,0,15976
이탈리아,202301,1714,57,37,0,1,0,0,0,0,1815
이탈리아,202302,1712,115,41,3,1,0,0,0,1,1880
이탈리아,202303,3198,141,69,2,0,0,0,0,0,3837
이탈리아,202304,3936,247,117,10,2,0,0,0,0,4663
이탈리아,202305,3131,170,91,5,4,0,0,0,0,3904
이탈리아,202306,2656,140,127,10,4,0,0,0,0,3895
이탈리아,202307,3191,166,137,10,21,2,0,0,0,3974
이탈리아,202308,6399,243,188,36,4,6,0,0,2,7381
이탈리아,202309,3556,180,116,7,3,1,0,0,0,4320
이탈리아,202310,3836,271,174,18,14,3,0,0,1,4912
이탈리아,202311,3491,245,123,18,9,2,0,0,1,4250
이탈리아,202312,2517,134,80,8,3,0,0,0,0,2800
이탈리아,소계,39337,2109,1300,127,66,14,0,0,5,47631
불가리아,202301,115,1,8,0,0,0,0,0,0,162
불가리아,202302,120,4,3,0,0,0,0,0,0,149
불가리아,202303,176,1,72,0,0,0,0,0,0,358
불가리아,202304,426,16,24,0,0,0,0,0,0,604
불가리아,202305,292,30,44,0,0,0,0,0,0,486
불가리아,202306,207,2,23,1,1,0,0,0,0,376
불가리아,202307,261,9,9,8,0,0,0,0,0,362
불가리아,202308,241,10,14,3,0,0,0,0,0,355
불가리아,202309,354,8,40,0,0,0,0,0,0,528
불가리아,202310,394,16,35,5,1,0,0,0,0,563
불가리아,202311,241,20,21,0,0,0,0,0,0,370
불가리아,202312,120,13,9,0,0,0,0,0,0,234
불가리아,소계,2947,130,302,17,2,0,0,0,0,4547
스웨덴,202301,625,26,35,0,1,0,0,0,0,693
스웨덴,202302,641,24,18,0,0,0,0,0,0,686
스웨덴,202303,1217,38,34,0,0,0,0,1,0,1362
스웨덴,202304,1624,72,67,3,0,0,0,0,0,1849
스웨덴,202305,1306,56,42,5,0,0,0,0,0,1436
스웨덴,202306,1758,67,46,8,0,0,0,0,0,1899
스웨덴,202307,3443,70,47,10,3,0,0,0,0,3628
스웨덴,202308,1185,57,35,8,3,0,0,0,0,1321
스웨덴,202309,1458,38,54,11,2,2,0,0,0,1593
스웨덴,202310,1779,92,78,3,5,4,0,0,0,2041
스웨덴,202311,1227,71,80,8,3,1,0,0,0,1421
스웨덴,202312,943,42,26,3,2,0,0,0,0,1045
스웨덴,소계,17206,653,562,59,19,7,0,1,0,18974
폴란드,202301,949,7,29,0,0,0,0,0,0,1052
폴란드,202302,1085,18,26,0,1,0,0,0,0,1185
폴란드,202303,1908,15,32,0,4,0,0,0,0,2084
폴란드,202304,2942,64,54,9,0,0,0,0,0,3256
폴란드,202305,2249,54,59,8,0,0,0,0,0,2508
폴란드,202306,2167,38,52,2,7,0,0,0,0,2427
폴란드,202307,2463,32,73,8,5,0,0,0,0,2710
폴란드,202308,2504,65,77,8,0,4,0,0,0,2772
폴란드,202309,3086,47,117,38,2,2,0,0,0,3440
폴란드,202310,2794,51,133,10,1,0,0,0,0,3191
폴란드,202311,2520,56,103,6,8,2,0,0,0,2893
폴란드,202312,1392,14,112,6,2,0,0,0,0,1674
폴란드,소계,26059,461,867,95,30,8,0,0,0,29192
덴마크,202301,438,15,35,0,0,0,0,0,0,506
덴마크,202302,419,18,27,0,0,0,0,0,0,480
덴마크,202303,1157,58,39,2,0,0,0,0,0,1312
덴마크,202304,1166,41,36,2,0,0,0,0,0,1336
덴마크,202305,906,44,30,6,0,0,0,0,0,1027
덴마크,202306,810,40,38,2,3,0,0,0,0,937
덴마크,202307,1816,53,39,2,1,0,0,0,0,2003
덴마크,202308,913,31,46,7,2,0,0,0,0,1050
덴마크,202309,1136,49,46,9,1,0,0,0,0,1299
덴마크,202310,1541,75,85,11,2,0,0,0,0,1848
덴마크,202311,934,56,55,2,3,0,0,0,0,1137
덴마크,202312,533,19,31,2,1,0,0,0,0,629
덴마크,소계,11769,499,507,45,13,0,0,0,0,13564
그리스,202301,353,3,32,0,0,0,0,0,0,485
그리스,202302,322,6,13,0,0,0,0,0,0,445
그리스,202303,550,14,29,0,0,0,0,0,0,670
그리스,202304,611,28,59,0,2,0,0,0,0,921
그리스,202305,445,14,28,0,0,0,0,0,0,574
그리스,202306,401,14,43,0,0,0,0,0,0,556
그리스,202307,489,8,39,0,0,0,0,0,0,632
그리스,202308,544,16,48,0,0,0,0,0,0,815
그리스,202309,418,17,27,0,0,0,0,0,0,524
그리스,202310,618,12,68,0,1,0,0,0,0,974
그리스,202311,492,18,32,1,0,0,0,0,0,775
그리스,202312,337,10,22,0,0,0,0,0,0,468
그리스,소계,5580,160,440,1,3,0,0,0,0,7839
스위스,202301,509,20,12,0,0,0,0,0,1,544
스위스,202302,661,25,15,0,0,0,0,0,0,705
스위스,202303,1273,56,24,5,1,0,0,0,0,1598
스위스,202304,2338,107,53,3,0,0,0,0,0,2703
스위스,202305,1496,57,40,4,4,0,0,0,1,1679
스위스,202306,1142,43,72,3,4,0,0,0,0,1334
스위스,202307,3272,76,62,11,1,0,0,0,1,3481
스위스,202308,1538,71,39,6,3,0,0,0,1,1723
스위스,202309,1907,63,54,6,2,2,0,0,0,2084
스위스,202310,2006,88,82,6,1,1,0,0,1,2296
스위스,202311,1008,76,27,3,1,0,0,0,1,1187
스위스,202312,801,48,13,3,2,1,0,0,2,883
스위스,소계,17951,730,493,50,19,4,0,0,8,20217
노르웨이,202301,480,6,35,0,0,0,0,0,0,530
노르웨이,202302,428,21,35,2,1,0,0,0,0,500
노르웨이,202303,900,18,38,0,2,0,0,0,0,998
노르웨이,202304,840,27,52,0,0,0,0,0,0,998
노르웨이,202305,642,18,61,1,2,0,0,0,0,738
노르웨이,202306,1041,17,83,3,1,0,0,0,0,1160
노르웨이,202307,1787,52,70,6,5,0,0,0,0,1970
노르웨이,202308,623,19,57,1,0,0,0,0,0,728
노르웨이,202309,697,21,52,1,0,0,0,0,0,777
노르웨이,202310,875,27,99,1,3,1,0,0,0,1046
노르웨이,202311,597,23,93,0,0,0,0,0,0,757
노르웨이,202312,422,16,32,2,0,0,0,0,0,488
노르웨이,소계,9332,265,707,17,14,1,0,0,0,10690
스페인,202301,1145,46,28,5,0,0,0,0,1,1230
스페인,202302,1219,52,39,0,0,0,0,0,0,1315
스페인,202303,2164,79,53,2,0,0,0,0,0,2521
스페인,202304,2952,146,58,8,3,0,0,0,0,3296
스페인,202305,2206,83,86,13,2,1,0,0,0,2431
스페인,202306,2169,87,56,9,7,0,0,0,0,2364
스페인,202307,3272,166,90,9,10,0,0,0,0,3610
스페인,202308,4793,266,147,23,9,1,0,0,0,5404
스페인,202309,3144,178,101,18,14,3,0,0,0,3500
스페인,202310,3161,240,104,12,10,2,0,0,0,3721
스페인,202311,2854,223,88,6,8,0,0,0,0,3279
스페인,202312,1668,84,52,6,3,0,0,0,0,1837
스페인,소계,30747,1650,902,111,66,7,0,0,1,34508
루마니아,202301,318,6,22,0,0,0,0,0,0,409
루마니아,202302,367,6,11,0,0,0,0,0,0,485
루마니아,202303,721,16,18,2,0,0,0,0,0,995
루마니아,202304,926,17,34,4,0,0,0,0,0,1333
루마니아,202305,675,16,31,0,0,0,0,0,0,1011
루마니아,202306,549,16,39,1,3,0,0,0,0,858
루마니아,202307,630,8,33,3,0,0,0,0,0,902
루마니아,202308,675,20,28,5,4,1,0,0,0,936
루마니아,202309,947,40,47,2,2,0,0,0,0,1353
루마니아,202310,1204,12,44,6,3,0,0,0,0,1691
루마니아,202311,719,17,37,1,1,0,0,0,0,1110
루마니아,202312,376,7,24,3,0,0,0,0,0,702
루마니아,소계,8107,181,368,27,13,1,0,0,0,11785
벨기에,202301,578,23,13,0,0,0,0,0,0,614
벨기에,202302,663,21,10,0,0,0,0,0,0,717
벨기에,202303,1056,27,20,3,0,0,0,0,0,1184
벨기에,202304,1550,76,29,7,0,0,0,0,0,1793
벨기에,202305,1318,44,24,4,1,0,0,0,0,1466
벨기에,202306,995,36,43,7,2,0,0,0,0,1097
벨기에,202307,2630,61,24,12,1,1,0,0,0,2750
벨기에,202308,1306,44,18,9,1,1,0,0,0,1422
벨기에,202309,1688,45,27,8,2,2,0,0,0,1820
벨기에,202310,1633,51,45,4,3,0,0,0,0,1839
벨기에,202311,1114,71,32,1,5,0,0,0,0,1295
벨기에,202312,814,19,22,3,2,0,0,0,0,881
벨기에,소계,15345,518,307,58,17,4,0,0,0,16878
크로아티아,202301,106,5,8,0,0,0,0,0,0,170
크로아티아,202302,123,0,4,0,0,0,0,0,0,201
크로아티아,202303,189,6,9,1,0,0,0,0,0,333
크로아티아,202304,202,3,10,1,0,0,0,0,0,369
크로아티아,202305,181,4,13,0,0,0,0,0,0,300
크로아티아,202306,146,6,10,0,0,0,0,0,0,315
크로아티아,202307,221,5,7,0,0,0,0,0,0,332
크로아티아,202308,181,5,13,0,0,1,0,0,0,285
크로아티아,202309,248,5,18,3,0,0,0,0,0,402
크로아티아,202310,241,13,18,0,0,0,0,0,0,527
크로아티아,202311,200,3,11,1,0,0,0,0,0,407
크로아티아,202312,141,3,11,0,0,0,0,0,0,287
크로아티아,소계,2179,58,132,6,0,1,0,0,0,3928
오스트리아,202301,474,10,4,0,1,0,0,1,0,491
오스트리아,202302,597,25,11,0,0,0,0,0,0,635
오스트리아,202303,959,33,22,1,1,0,0,0,0,1155
오스트리아,202304,1143,102,18,3,0,0,0,0,0,1480
오스트리아,202305,909,39,27,2,2,0,0,0,0,1026
오스트리아,202306,782,37,28,6,3,0,0,0,0,878
오스트리아,202307,1649,36,30,6,2,0,0,0,0,1749
오스트리아,202308,1236,41,20,2,1,0,0,0,0,1324
오스트리아,202309,1182,50,40,3,1,0,0,0,1,1296
오스트리아,202310,1188,74,45,4,3,0,0,0,0,1368
오스트리아,202311,907,60,29,2,2,0,0,0,0,1023
오스트리아,202312,575,29,20,2,0,0,0,0,0,628
오스트리아,소계,11601,536,294,31,16,0,0,1,1,13053
포르투갈,202301,273,6,2,0,0,0,0,0,0,281
포르투갈,202302,287,19,7,1,0,0,0,0,0,314
포르투갈,202303,617,13,5,3,0,0,0,0,0,714
포르투갈,202304,865,40,15,7,0,0,0,1,0,1014
포르투갈,202305,605,21,20,2,0,0,0,0,0,700
포르투갈,202306,641,45,19,2,1,0,0,0,0,757
포르투갈,202307,1184,15,21,2,0,0,0,0,0,1274
포르투갈,202308,887,18,34,23,0,0,0,0,0,1000
포르투갈,202309,818,26,38,9,2,0,0,0,0,934
포르투갈,202310,919,45,42,17,2,1,0,0,0,1076
포르투갈,202311,697,33,32,3,2,0,0,0,0,843
포르투갈,202312,569,20,32,7,1,0,0,0,0,629
포르투갈,소계,8362,301,267,76,8,1,0,1,0,9536
아일랜드,202301,439,14,26,7,3,0,0,0,0,489
아일랜드,202302,393,12,13,1,0,0,0,1,0,423
아일랜드,202303,674,26,21,3,0,0,0,0,0,763
아일랜드,202304,817,60,30,7,3,0,0,2,0,1017
아일랜드,202305,720,33,33,1,1,0,0,0,0,830
아일랜드,202306,716,38,32,2,0,0,0,0,0,803
아일랜드,202307,946,31,23,9,1,0,0,0,0,1038
아일랜드,202308,676,21,39,16,8,3,0,0,0,787
아일랜드,202309,756,40,38,7,4,0,0,0,0,885
아일랜드,202310,857,40,42,6,5,2,0,0,0,1002
아일랜드,202311,593,36,21,14,4,1,0,0,0,716
아일랜드,202312,430,24,17,7,2,0,0,0,0,491
아일랜드,소계,8017,375,335,80,31,6,0,3,0,9244
핀란드,202301,628,9,9,0,0,0,0,0,0,649
핀란드,202302,722,13,6,1,0,0,0,0,0,743
핀란드,202303,916,18,9,0,0,0,0,0,0,956
핀란드,202304,1031,36,15,1,0,0,0,0,0,1104
핀란드,202305,1226,25,9,4,0,0,0,0,0,1276
핀란드,202306,1063,18,17,2,2,0,0,0,0,1114
핀란드,202307,1629,22,18,2,1,0,0,0,0,1683
핀란드,202308,947,17,9,1,3,0,0,0,0,983
핀란드,202309,985,17,13,1,0,0,0,0,0,1022
핀란드,202310,1143,29,28,3,2,0,0,0,0,1229
핀란드,202311,1032,31,19,1,2,0,0,0,0,1101
핀란드,202312,768,17,9,1,0,1,0,0,0,808
핀란드,소계,12090,252,161,17,10,1,0,0,0,12668
라트비아,202301,62,2,11,0,0,0,0,0,0,119
라트비아,202302,76,0,1,0,0,0,0,0,0,116
라트비아,202303,161,6,3,0,0,0,0,0,0,200
라트비아,202304,193,2,3,0,0,0,0,0,0,231
라트비아,202305,156,6,5,0,0,0,0,0,0,199
라트비아,202306,123,4,6,0,0,0,0,0,0,158
라트비아,202307,149,3,2,0,0,0,0,0,0,196
라트비아,202308,106,3,3,1,0,0,0,0,0,127
라트비아,202309,125,3,3,1,0,0,0,0,0,155
라트비아,202310,208,2,4,0,0,0,0,0,0,247
라트비아,202311,165,7,4,0,0,0,0,0,0,193
라트비아,202312,81,4,9,0,0,1,0,0,0,134
라트비아,소계,1605,42,54,2,0,1,0,0,0,2075
체코,202301,293,3,9,0,0,0,0,0,0,305
체코,202302,350,8,9,0,2,0,0,0,0,369
체코,202303,532,11,12,0,0,1,0,0,0,646
체코,202304,887,39,88,2,0,0,0,0,0,1035
체코,202305,654,16,25,5,1,0,0,0,0,708
체코,202306,695,33,27,1,1,0,0,0,0,818
체코,202307,936,18,35,5,2,0,0,0,0,1003
체코,202308,879,13,21,7,1,0,0,0,0,933
체코,202309,711,20,30,12,3,0,0,0,0,785
체코,202310,825,21,19,3,1,0,0,0,0,882
체코,202311,746,28,26,1,6,1,0,0,0,819
체코,202312,482,8,12,0,2,0,0,0,0,505
체코,소계,7990,218,313,36,19,2,0,0,0,8808
유고슬라비아,202301,17,0,0,0,0,0,0,0,0,17
유고슬라비아,202302,10,0,0,1,0,0,0,0,0,11
유고슬라비아,202303,34,0,1,0,0,0,0,0,0,35
유고슬라비아,202304,47,1,0,0,0,0,0,0,0,49
유고슬라비아,202305,44,0,2,0,0,0,0,0,0,47
유고슬라비아,202306,28,0,1,0,0,0,0,0,0,29
유고슬라비아,202307,86,1,1,0,0,0,0,0,0,88
유고슬라비아,202308,15,4,1,1,0,0,0,0,0,23
유고슬라비아,202309,49,0,1,0,0,0,0,0,0,64
유고슬라비아,202310,50,3,0,0,0,0,0,0,0,53
유고슬라비아,202311,37,0,3,0,0,0,0,0,0,40
유고슬라비아,202312,8,0,0,0,0,0,0,0,0,8
유고슬라비아,소계,425,9,10,2,0,0,0,0,0,464
헝가리,202301,342,1,3,0,0,0,0,0,0,347
헝가리,202302,321,7,2,0,0,0,0,0,0,339
헝가리,202303,592,7,4,1,0,0,0,0,0,625
헝가리,202304,760,17,9,0,0,0,0,0,0,823
헝가리,202305,618,8,10,2,0,0,0,0,0,661
헝가리,202306,498,12,1,0,0,0,0,0,0,533
헝가리,202307,796,17,11,3,0,0,0,0,0,845
헝가리,202308,786,16,26,2,0,0,0,0,0,840
헝가리,202309,558,17,16,6,0,0,0,0,0,632
헝가리,202310,849,11,44,3,2,0,0,0,0,927
헝가리,202311,433,12,16,1,4,0,0,0,0,476
헝가리,202312,344,8,7,2,1,0,0,0,0,365
헝가리,소계,6897,133,149,20,7,0,0,0,0,7413
리투아니아,202301,91,2,2,0,0,0,0,0,0,98
리투아니아,202302,123,1,4,0,0,0,0,0,0,132
리투아니아,202303,305,2,4,0,0,0,0,0,0,334
리투아니아,202304,297,5,15,0,0,0,0,0,0,343
리투아니아,202305,212,3,2,0,3,0,0,0,0,230
리투아니아,202306,211,3,7,0,2,0,0,0,0,242
리투아니아,202307,220,8,6,4,0,0,0,0,0,271
리투아니아,202308,234,6,2,0,0,0,0,0,0,247
리투아니아,202309,305,11,9,0,1,0,0,0,0,334
리투아니아,202310,398,7,12,1,0,0,0,0,0,447
리투아니아,202311,234,24,14,0,0,0,0,0,0,292
리투아니아,202312,172,4,8,0,0,0,0,0,0,192
리투아니아,소계,2802,76,85,5,6,0,0,0,0,3162
슬로바크,202301,161,3,1,0,1,0,0,0,0,167
슬로바크,202302,128,1,19,1,0,0,0,0,0,150
슬로바크,202303,261,3,8,1,2,0,0,0,0,281
슬로바크,202304,286,6,15,2,0,0,0,0,0,315
슬로바크,202305,214,3,24,0,2,0,0,0,0,246
슬로바크,202306,281,11,20,2,0,0,0,0,0,315
슬로바크,202307,410,14,32,0,1,0,0,0,0,464
슬로바크,202308,247,7,11,7,0,0,0,0,0,282
슬로바크,202309,247,18,5,15,0,0,0,0,0,290
슬로바크,202310,354,8,21,0,0,0,0,0,0,385
슬로바크,202311,270,18,42,0,2,1,0,0,0,333
슬로바크,202312,171,6,3,0,0,0,0,0,0,181
슬로바크,소계,3030,98,201,28,8,1,0,0,0,3409
벨로루시,202301,71,0,0,0,0,0,0,0,0,72
벨로루시,202302,89,1,0,0,0,0,0,0,0,92
벨로루시,202303,84,2,0,0,0,0,0,0,0,99
벨로루시,202304,91,4,3,0,0,0,0,0,0,120
벨로루시,202305,116,1,2,3,0,0,0,0,0,145
벨로루시,202306,89,3,3,0,0,0,0,0,0,103
벨로루시,202307,93,5,4,1,0,0,0,0,0,110
벨로루시,202308,134,7,4,1,1,0,0,0,0,158
벨로루시,202309,108,8,2,4,0,0,0,0,0,132
벨로루시,202310,105,23,1,3,1,0,0,0,0,143
벨로루시,202311,84,12,5,3,0,0,0,0,0,135
벨로루시,202312,48,8,2,4,0,0,0,0,0,64
벨로루시,소계,1112,74,26,19,2,0,0,0,0,1373
슬로베니아,202301,57,3,1,0,0,0,0,0,0,61
슬로베니아,202302,54,8,1,0,0,0,0,0,0,63
슬로베니아,202303,88,2,0,0,0,0,0,0,0,98
슬로베니아,202304,191,3,1,0,0,0,0,0,0,203
슬로베니아,202305,109,6,1,1,0,0,0,0,0,123
슬로베니아,202306,132,2,5,0,0,0,0,0,0,140
슬로베니아,202307,568,5,1,0,0,0,0,0,0,587
슬로베니아,202308,141,2,1,1,0,0,0,0,0,155
슬로베니아,202309,150,8,8,6,1,0,0,0,0,174
슬로베니아,202310,191,8,6,0,0,0,0,0,0,214
슬로베니아,202311,124,1,3,0,0,0,0,0,0,133
슬로베니아,202312,56,1,1,0,0,0,0,0,0,58
슬로베니아,소계,1861,49,29,8,1,0,0,0,0,2009
에스토니아,202301,51,1,1,0,0,0,0,0,0,56
에스토니아,202302,41,0,3,0,0,0,0,0,0,49
에스토니아,202303,146,2,1,0,0,0,0,0,0,155
에스토니아,202304,205,1,3,0,0,0,0,0,0,225
에스토니아,202305,137,2,4,0,0,0,0,0,0,149
에스토니아,202306,99,4,3,0,0,0,0,0,0,113
에스토니아,202307,164,1,2,0,0,0,0,0,0,172
에스토니아,202308,141,3,4,0,2,0,0,0,0,153
에스토니아,202309,124,2,6,3,0,0,0,0,0,138
에스토니아,202310,161,4,4,0,0,0,0,0,0,172
에스토니아,202311,130,13,3,0,0,0,0,0,0,156
에스토니아,202312,81,2,2,0,1,0,0,0,0,87
에스토니아,소계,1480,35,36,3,3,0,0,0,0,1625
그루지아,202301,37,0,0,0,0,0,0,0,0,91
그루지아,202302,50,0,0,0,0,0,0,0,0,93
그루지아,202303,32,0,2,0,0,0,0,0,0,54
그루지아,202304,73,0,3,0,0,0,0,0,0,87
그루지아,202305,128,0,0,0,0,0,0,0,0,176
그루지아,202306,128,1,1,0,0,0,0,0,0,165
그루지아,202307,73,0,0,0,0,0,0,0,0,112
그루지아,202308,82,3,4,0,0,0,0,0,0,133
그루지아,202309,94,3,2,0,0,0,0,0,0,137
그루지아,202310,108,3,5,0,0,0,0,0,0,138
그루지아,202311,48,1,2,3,0,0,0,0,0,73
그루지아,202312,72,1,5,0,0,0,0,0,0,108
그루지아,소계,925,12,24,3,0,0,0,0,0,1367
룩셈부르크,202301,30,1,1,0,0,0,0,0,0,32
룩셈부르크,202302,49,4,2,0,0,0,0,0,0,56
룩셈부르크,202303,81,0,2,0,0,0,0,0,0,96
룩셈부르크,202304,177,5,1,0,0,0,0,0,0,201
룩셈부르크,202305,121,1,0,0,0,0,0,0,0,138
룩셈부르크,202306,36,5,0,0,0,0,0,0,0,43
룩셈부르크,202307,135,11,0,1,0,0,0,0,0,147
룩셈부르크,202308,348,7,3,0,0,0,0,0,0,368
룩셈부르크,202309,80,5,2,0,0,0,0,0,0,89
룩셈부르크,202310,78,9,3,0,0,0,0,0,0,98
룩셈부르크,202311,65,6,2,0,0,0,0,0,0,75
룩셈부르크,202312,93,1,0,1,0,0,0,0,0,95
룩셈부르크,소계,1293,55,16,2,0,0,0,0,0,1438
아이슬란드,202301,20,1,0,0,0,0,0,0,0,21
아이슬란드,202302,19,0,0,0,0,0,0,0,0,19
아이슬란드,202303,33,1,0,0,0,0,0,0,0,34
아이슬란드,202304,57,0,0,0,0,0,0,0,0,57
아이슬란드,202305,84,1,2,0,0,0,0,0,0,87
아이슬란드,202306,70,4,1,0,0,0,0,0,0,75
아이슬란드,202307,214,1,6,0,0,0,0,0,0,221
아이슬란드,202308,72,3,0,0,0,0,0,0,0,75
아이슬란드,202309,47,1,5,0,0,0,0,0,0,56
아이슬란드,202310,57,2,2,0,0,0,0,0,0,65
아이슬란드,202311,45,1,1,0,1,0,0,0,0,48
아이슬란드,202312,15,1,2,0,0,0,0,0,0,18
아이슬란드,소계,733,16,19,0,1,0,0,0,0,776
몰도바,202301,10,0,0,0,0,0,0,0,0,12
몰도바,202302,16,0,0,0,0,0,0,0,0,16
몰도바,202303,14,1,0,0,0,0,0,0,0,20
몰도바,202304,11,0,0,0,0,0,0,0,0,18
몰도바,202305,28,0,0,0,0,0,0,0,0,33
몰도바,202306,13,0,0,0,0,0,0,0,0,16
몰도바,202307,21,0,0,0,0,0,0,0,0,21
몰도바,202308,33,1,2,0,0,0,0,0,0,39
몰도바,202309,18,1,1,0,0,0,0,0,0,29
몰도바,202310,39,1,0,0,0,0,0,0,0,45
몰도바,202311,7,0,2,0,0,0,0,0,0,15
몰도바,202312,5,0,0,0,0,0,0,0,0,5
몰도바,소계,215,4,5,0,0,0,0,0,0,269
알바니아,202301,16,0,0,0,0,0,0,0,0,16
알바니아,202302,17,0,0,0,0,0,0,0,0,17
알바니아,202303,39,1,0,0,0,0,0,0,0,52
알바니아,202304,37,0,0,0,0,0,0,0,0,52
알바니아,202305,96,1,0,0,0,0,0,0,0,108
알바니아,202306,48,4,0,1,0,0,0,0,0,60
알바니아,202307,31,1,0,0,1,0,0,0,0,39
알바니아,202308,46,3,0,0,0,0,0,0,0,59
알바니아,202309,65,2,1,0,0,0,0,0,0,72
알바니아,202310,70,7,0,0,0,0,0,0,0,96
알바니아,202311,58,1,0,0,3,0,0,0,0,66
알바니아,202312,32,1,3,0,0,0,0,0,0,37
알바니아,소계,555,21,4,1,4,0,0,0,0,674
아르메니아,202301,9,0,0,0,0,0,0,0,0,9
아르메니아,202302,3,0,0,0,0,0,0,0,0,3
아르메니아,202303,12,0,0,0,0,0,0,0,0,12
아르메니아,202304,28,0,0,0,0,0,0,0,0,28
아르메니아,202305,32,0,0,0,0,0,0,0,0,32
아르메니아,202306,25,0,0,0,0,0,0,0,0,25
아르메니아,202307,37,1,0,1,0,0,0,0,0,39
아르메니아,202308,48,11,1,1,0,0,0,0,0,61
아르메니아,202309,30,0,2,3,0,0,0,0,0,35
아르메니아,202310,33,0,1,1,0,0,0,0,0,35
아르메니아,202311,22,0,0,0,0,0,0,0,0,22
아르메니아,202312,7,0,0,0,0,0,0,0,0,7
아르메니아,소계,286,12,4,6,0,0,0,0,0,308
아제르바이잔,202301,55,0,0,0,0,0,0,0,0,55
아제르바이잔,202302,145,0,0,1,0,0,0,0,0,146
아제르바이잔,202303,59,4,1,0,0,0,0,0,0,67
아제르바이잔,202304,84,9,1,0,0,0,0,0,0,97
아제르바이잔,202305,145,0,0,0,0,0,0,0,0,150
아제르바이잔,202306,116,0,1,0,0,0,0,0,0,120
아제르바이잔,202307,316,0,1,0,0,0,0,0,0,321
아제르바이잔,202308,257,0,1,0,0,0,0,0,0,261
아제르바이잔,202309,122,0,0,1,0,0,0,0,0,134
아제르바이잔,202310,149,9,2,0,0,0,0,0,0,161
아제르바이잔,202311,160,1,6,0,0,0,0,0,0,176
아제르바이잔,202312,101,0,0,0,0,0,0,0,0,105
아제르바이잔,소계,1709,23,13,2,0,0,0,0,0,1793
몰타,202301,17,1,0,0,0,0,0,0,0,18
몰타,202302,17,0,2,0,0,0,0,0,0,19
몰타,202303,48,2,0,0,0,0,0,0,0,57
몰타,202304,55,3,2,0,0,0,0,0,0,72
몰타,202305,34,6,0,0,0,0,0,0,0,40
몰타,202306,46,2,1,0,0,0,0,0,0,49
몰타,202307,104,3,1,1,0,0,0,0,0,110
몰타,202308,34,5,1,0,0,0,0,0,0,41
몰타,202309,27,2,0,2,0,0,0,0,0,31
몰타,202310,44,0,2,2,0,0,0,0,0,52
몰타,202311,23,8,2,0,0,0,0,0,0,33
몰타,202312,17,4,0,0,0,0,0,0,0,21
몰타,소계,466,36,11,5,0,0,0,0,0,543
보스니아-헤르체고비나,202301,10,0,0,0,0,0,0,0,0,10
보스니아-헤르체고비나,202302,10,0,0,0,0,0,0,0,0,10
보스니아-헤르체고비나,202303,14,0,0,0,0,0,0,0,0,33
보스니아-헤르체고비나,202304,9,0,0,0,0,0,0,0,0,46
보스니아-헤르체고비나,202305,12,0,0,0,0,0,0,0,0,20
보스니아-헤르체고비나,202306,11,0,0,0,0,0,0,0,0,16
보스니아-헤르체고비나,202307,10,0,0,0,0,0,0,0,0,15
보스니아-헤르체고비나,202308,11,0,0,0,0,0,0,0,0,12
보스니아-헤르체고비나,202309,9,0,0,0,0,0,0,0,0,12
보스니아-헤르체고비나,202310,13,2,0,0,0,0,0,0,0,21
보스니아-헤르체고비나,202311,14,0,0,0,0,0,0,0,0,20
보스니아-헤르체고비나,202312,9,0,3,0,0,0,0,0,0,14
보스니아-헤르체고비나,소계,132,2,3,0,0,0,0,0,0,229
리히텐슈타인,202301,4,0,0,0,0,0,0,0,0,4
리히텐슈타인,202302,3,0,0,0,0,0,0,0,0,3
리히텐슈타인,202303,3,0,0,0,0,0,0,0,0,3
리히텐슈타인,202304,10,3,0,0,0,0,0,0,0,13
리히텐슈타인,202305,2,0,0,0,0,0,0,0,0,3
리히텐슈타인,202306,4,1,0,0,0,0,0,0,0,5
리히텐슈타인,202307,74,0,2,0,0,0,0,0,0,76
리히텐슈타인,202308,6,0,0,0,0,0,0,0,0,6
리히텐슈타인,202309,5,0,0,0,0,0,0,0,0,5
리히텐슈타인,202310,11,1,0,0,0,0,0,0,0,12
리히텐슈타인,202311,1,0,1,0,0,0,0,0,0,2
리히텐슈타인,202312,2,1,0,0,1,0,0,0,0,4
리히텐슈타인,소계,125,6,3,0,1,0,0,0,0,136
산마리노,202301,1,0,0,0,0,0,0,0,0,1
산마리노,202305,4,0,0,0,0,0,0,0,0,4
산마리노,202306,0,0,0,0,0,0,0,0,0,0
산마리노,202307,14,0,0,0,0,0,0,0,0,14
산마리노,202308,1,0,0,0,0,0,0,0,0,1
산마리노,202309,1,0,0,0,0,0,0,0,0,1
산마리노,202310,2,0,0,0,0,0,0,0,0,2
산마리노,202311,3,0,0,0,0,0,0,0,0,3
산마리노,202312,0,0,0,0,0,0,0,0,0,0
산마리노,소계,26,0,0,0,0,0,0,0,0,26
마케도니아,202301,1,0,0,0,0,0,0,0,0,1
마케도니아,202302,4,0,0,0,0,0,0,0,0,4
마케도니아,202303,3,0,0,0,0,0,0,0,0,10
마케도니아,202304,0,0,0,0,0,0,0,0,0,14
마케도니아,202305,4,1,0,0,0,0,0,0,0,9
마케도니아,202306,2,0,0,0,0,0,0,0,0,10
마케도니아,202307,2,0,0,0,0,0,0,0,0,12
마케도니아,202308,1,1,0,0,0,0,0,0,0,4
마케도니아,202309,3,0,3,0,0,0,0,0,0,12
마케도니아,202310,5,2,0,0,0,0,0,0,0,25
마케도니아,202311,3,0,2,0,0,0,0,0,0,15
마케도니아,202312,3,0,0,0,0,0,0,0,0,3
마케도니아,소계,31,4,5,0,0,0,0,0,0,119
모나코,202302,0,0,0,0,0,0,0,0,0,0
모나코,202303,3,0,0,0,0,0,0,0,0,3
모나코,202304,6,0,0,0,0,0,0,0,0,6
모나코,202305,1,0,0,0,0,0,0,0,0,2
모나코,202307,3,0,0,0,0,0,0,0,0,3
모나코,202308,7,0,0,0,0,0,0,0,0,7
모나코,202309,1,0,0,0,0,0,0,0,0,1
모나코,202310,5,0,0,0,0,0,0,0,0,5
모나코,202311,2,0,0,0,0,0,0,0,0,2
모나코,202312,8,0,0,0,0,0,0,0,0,8
모나코,소계,36,0,0,0,0,0,0,0,0,37
안도라,202302,3,0,0,0,0,0,0,0,0,3
안도라,202303,4,0,0,0,0,0,0,0,0,4
안도라,202304,12,0,0,0,0,0,0,0,0,12
안도라,202305,5,0,0,0,0,0,0,0,0,5
안도라,202306,0,0,0,0,0,0,0,0,0,0
안도라,202307,3,0,0,0,0,0,0,0,0,3
안도라,202308,9,0,0,0,0,0,0,0,0,9
안도라,202309,7,0,0,0,0,0,0,0,0,7
안도라,202310,2,0,0,0,0,0,0,0,0,3
안도라,202311,0,0,0,0,0,0,0,0,0,0
안도라,202312,0,0,0,0,0,0,0,0,0,0
안도라,소계,45,0,0,0,0,0,0,0,0,46
바티칸,202304,1,0,0,0,0,0,0,0,0,1
바티칸,202308,0,0,0,0,0,0,0,0,0,0
바티칸,202310,1,0,0,0,0,0,0,0,0,1
바티칸,202311,0,0,0,0,0,0,0,0,0,0
바티칸,소계,2,0,0,0,0,0,0,0,0,2
영국외지민,202301,1,0,0,0,0,0,0,0,0,1
영국외지민,202302,2,0,0,0,0,0,0,0,0,2
영국외지민,202303,2,0,0,0,0,0,0,0,0,2
영국외지민,202304,3,0,0,0,0,0,0,0,0,3
영국외지민,202305,6,0,0,0,0,0,0,0,0,6
영국외지민,202306,6,0,0,0,0,0,0,0,0,6
영국외지민,202307,4,0,0,0,0,0,0,0,0,4
영국외지민,202308,3,0,0,0,0,0,0,0,0,3
영국외지민,202309,3,0,4,0,0,0,0,0,0,7
영국외지민,202310,5,0,2,0,0,0,0,0,0,7
영국외지민,202311,4,0,1,0,0,0,0,0,0,5
영국외지민,202312,3,0,1,0,0,0,0,0,0,4
영국외지민,소계,42,0,8,0,0,0,0,0,0,50
영국속령지시민,202301,0,0,0,0,0,0,0,0,0,0
영국속령지시민,202302,0,0,0,0,0,0,0,0,0,0
영국속령지시민,202303,0,0,0,0,0,0,0,0,0,0
영국속령지시민,202304,0,0,0,0,0,0,0,0,0,0
영국속령지시민,202305,0,0,0,0,0,0,0,0,0,0
영국속령지시민,202306,0,0,0,0,0,0,0,0,0,0
영국속령지시민,202307,0,0,0,0,0,0,0,0,0,0
영국속령지시민,202308,0,0,0,0,0,0,0,0,0,0
영국속령지시민,202309,0,0,0,0,0,0,0,0,0,0
영국속령지시민,202310,0,2,0,0,0,0,0,0,0,2
영국속령지시민,소계,0,2,0,0,0,0,0,0,0,2
코소보,202301,5,0,0,0,0,0,0,0,0,5
코소보,202302,4,0,0,0,0,0,0,0,0,4
코소보,202303,3,0,0,0,0,0,0,0,0,3
코소보,202304,5,0,0,0,0,0,0,0,0,5
코소보,202305,9,0,0,0,0,0,0,0,0,9
코소보,202306,9,0,1,0,0,0,0,0,0,10
코소보,202307,28,0,0,0,0,0,0,0,0,28
코소보,202308,8,0,0,0,0,0,0,0,0,9
코소보,202309,31,0,1,0,0,0,0,0,0,32
코소보,202310,5,0,2,0,0,0,0,0,0,7
코소보,202311,5,0,0,0,0,0,0,0,0,5
코소보,202312,6,0,0,0,0,0,0,0,0,6
코소보,소계,118,0,4,0,0,0,0,0,0,123
몬테네그로,202301,29,0,6,0,0,0,0,0,0,68
몬테네그로,202302,17,0,5,0,0,0,0,0,0,44
몬테네그로,202303,40,0,12,0,0,0,0,0,0,112
몬테네그로,202304,34,1,10,0,0,0,0,0,0,119
몬테네그로,202305,23,1,9,0,0,0,0,0,0,104
몬테네그로,202306,14,0,1,0,0,0,0,0,0,103
몬테네그로,202307,33,0,4,0,0,0,0,0,0,109
몬테네그로,202308,28,0,1,1,0,0,0,0,0,127
몬테네그로,202309,31,1,5,0,0,0,0,0,0,119
몬테네그로,202310,37,0,3,0,0,0,0,0,0,182
몬테네그로,202311,30,0,13,0,0,0,0,0,0,194
몬테네그로,202312,13,1,12,0,0,0,0,0,0,85
몬테네그로,소계,329,4,81,1,0,0,0,0,0,1366
세르비아,202301,64,2,3,0,0,0,0,0,0,71
세르비아,202302,93,0,2,0,0,0,0,0,0,99
세르비아,202303,227,3,1,0,0,0,0,0,0,303
세르비아,202304,241,15,9,0,0,0,0,0,0,366
세르비아,202305,222,4,3,0,0,0,0,0,0,306
세르비아,202306,144,1,6,0,0,0,0,0,0,216
세르비아,202307,162,5,6,0,0,0,0,0,0,237
세르비아,202308,145,3,2,1,0,0,0,0,0,205
세르비아,202309,207,12,7,1,1,0,0,0,0,277
세르비아,202310,237,8,10,0,0,0,0,0,0,327
세르비아,202311,129,8,9,2,1,0,0,0,0,195
세르비아,202312,71,1,4,1,0,0,0,0,0,83
세르비아,소계,1942,62,62,5,2,0,0,0,0,2685
구주,소계,735525,37498,26880,3278,1130,208,0,25,44,918059
오스트레일리아,202301,11884,319,341,33,16,3,0,1,2,12617
오스트레일리아,202302,7366,248,232,28,5,0,0,1,0,7899
오스트레일리아,202303,12423,315,336,54,10,0,0,1,0,14179
오스트레일리아,202304,18028,625,572,119,16,0,0,4,0,21277
오스트레일리아,202305,14055,412,411,111,10,0,0,0,4,15711
오스트레일리아,202306,15604,388,484,87,25,6,0,0,0,17094
오스트레일리아,202307,12611,407,383,143,13,4,0,0,1,14442
오스트레일리아,202308,11091,338,314,130,18,3,0,0,1,12298
오스트레일리아,202309,19259,531,821,179,44,11,0,0,1,21637
오스트레일리아,202310,16908,600,875,175,34,7,0,0,2,20025
오스트레일리아,202311,15453,597,673,137,31,8,0,0,2,18609
오스트레일리아,202312,21067,792,748,77,30,11,0,0,2,22816
오스트레일리아,소계,175749,5572,6190,1273,252,53,0,7,15,198604
뉴질랜드,202301,2443,75,35,17,1,0,0,5,0,2584
뉴질랜드,202302,1561,52,34,3,1,0,0,7,1,1665
뉴질랜드,202303,2430,59,47,6,4,0,0,4,0,2646
뉴질랜드,202304,3690,99,93,24,1,0,0,7,0,4202
뉴질랜드,202305,2930,69,76,11,2,0,0,0,1,3204
뉴질랜드,202306,3356,82,63,14,4,1,0,0,1,3613
뉴질랜드,202307,2842,103,71,23,8,0,0,0,0,3190
뉴질랜드,202308,2411,59,72,11,8,1,0,0,1,2647
뉴질랜드,202309,3838,95,85,17,8,0,0,0,1,4144
뉴질랜드,202310,3625,168,141,13,9,2,0,0,0,4151
뉴질랜드,202311,3132,128,78,33,8,2,0,0,1,3591
뉴질랜드,202312,3977,145,129,22,9,4,0,0,0,4319
뉴질랜드,소계,36235,1134,924,194,63,10,0,23,6,39956
키리바시,202301,0,0,0,0,0,0,0,0,0,2
키리바시,202302,2,0,1,0,0,0,0,0,0,5
키리바시,202303,2,0,2,0,0,0,0,0,0,8
키리바시,202304,1,0,0,0,0,0,0,0,0,3
키리바시,202305,14,0,2,0,0,0,0,0,0,19
키리바시,202306,2,0,1,0,0,0,0,0,0,12
키리바시,202307,17,0,0,0,0,0,0,0,0,22
키리바시,202308,4,0,1,0,0,0,0,0,0,33
키리바시,202309,5,0,1,0,0,0,0,0,0,13
키리바시,202310,14,0,1,0,0,0,0,0,0,26
키리바시,202311,0,0,0,0,0,0,0,0,0,3
키리바시,202312,2,0,2,0,0,0,0,0,0,14
키리바시,소계,63,0,11,0,0,0,0,0,0,160
피지,202301,26,1,0,0,0,0,0,0,0,27
피지,202302,14,0,1,0,0,0,0,0,0,15
피지,202303,23,0,9,0,0,0,0,0,0,40
피지,202304,39,2,2,0,0,0,0,0,0,49
피지,202305,84,0,13,0,0,0,0,0,0,97
피지,202306,36,1,1,0,0,0,0,0,0,50
피지,202307,77,0,2,0,0,0,0,0,0,87
피지,202308,70,0,5,0,0,0,0,0,0,94
피지,202309,65,0,2,0,0,0,0,0,0,80
피지,202310,82,0,0,0,0,0,0,0,0,113
피지,202311,59,1,0,0,0,0,0,0,0,65
피지,202312,48,1,1,0,0,0,0,0,0,60
피지,소계,623,6,36,0,0,0,0,0,0,777
투발루,202301,1,0,0,0,0,0,0,0,0,2
투발루,202302,0,0,0,0,0,0,0,0,0,2
투발루,202303,5,0,2,0,0,0,0,0,0,11
투발루,202304,3,0,1,0,0,0,0,0,0,4
투발루,202305,12,0,2,0,0,0,0,0,0,14
투발루,202306,1,0,2,0,0,0,0,0,0,7
투발루,202307,1,0,1,0,0,0,0,0,0,3
투발루,202308,2,0,1,0,0,0,0,0,0,9
투발루,202309,3,0,4,0,0,0,0,0,0,11
투발루,202310,2,0,2,0,0,0,0,0,0,4
투발루,202311,3,0,2,0,0,0,0,0,0,5
투발루,202312,0,0,0,0,0,0,0,0,0,5
투발루,소계,33,0,17,0,0,0,0,0,0,77
파푸아뉴기니,202301,2,0,0,0,0,0,0,0,0,2
파푸아뉴기니,202302,5,0,3,0,0,0,0,0,0,11
파푸아뉴기니,202303,9,0,1,0,0,0,0,0,0,10
파푸아뉴기니,202304,10,0,0,0,0,0,0,0,0,10
파푸아뉴기니,202305,50,0,5,0,0,0,0,0,0,55
파푸아뉴기니,202306,12,0,0,0,0,0,0,0,0,12
파푸아뉴기니,202307,21,0,2,0,0,0,0,0,0,23
파푸아뉴기니,202308,39,0,2,0,0,0,0,0,0,41
파푸아뉴기니,202309,19,0,0,0,0,0,0,0,0,21
파푸아뉴기니,202310,39,0,2,0,0,0,0,0,0,41
파푸아뉴기니,202311,13,0,3,0,0,0,0,0,0,18
파푸아뉴기니,202312,7,0,3,0,0,0,0,0,0,28
파푸아뉴기니,소계,226,0,21,0,0,0,0,0,0,272
사모아,202301,2,0,0,0,0,0,0,0,0,2
사모아,202302,2,0,1,0,0,0,0,0,0,4
사모아,202303,2,0,0,0,0,0,0,0,0,17
사모아,202304,8,0,0,0,0,0,0,0,0,8
사모아,202305,11,0,3,0,0,0,0,0,0,40
사모아,202306,1,1,0,0,0,0,0,0,0,27
사모아,202307,1,0,1,3,0,0,0,0,0,27
사모아,202308,10,0,0,0,0,0,0,0,0,50
사모아,202309,1,1,0,0,0,0,0,0,0,31
사모아,202310,12,0,0,0,0,0,0,0,0,43
사모아,202311,5,0,0,0,0,0,0,0,0,23
사모아,202312,4,0,0,0,0,0,0,0,0,6
사모아,소계,59,2,5,3,0,0,0,0,0,278
솔로몬군도,202301,2,0,0,0,0,0,0,0,0,2
솔로몬군도,202302,1,0,1,0,0,0,0,0,0,2
솔로몬군도,202303,5,0,0,0,0,0,0,0,0,6
솔로몬군도,202304,3,0,1,1,0,0,0,0,0,6
솔로몬군도,202305,15,0,1,0,0,0,0,0,0,18
솔로몬군도,202306,5,0,0,0,0,0,0,0,0,5
솔로몬군도,202307,6,0,0,0,0,0,0,0,0,6
솔로몬군도,202308,6,0,0,0,0,0,0,0,0,6
솔로몬군도,202309,11,0,1,0,0,0,0,0,0,14
솔로몬군도,202310,10,0,0,0,0,0,0,0,0,11
솔로몬군도,202311,7,0,0,0,0,0,0,0,0,7
솔로몬군도,202312,1,0,1,0,0,0,0,0,0,3
솔로몬군도,소계,72,0,5,1,0,0,0,0,0,86
통가,202301,1,0,0,0,0,0,0,0,0,1
통가,202302,0,0,2,0,0,0,0,0,0,2
통가,202303,2,0,0,0,0,0,0,0,0,3
통가,202304,17,0,1,0,0,0,0,0,0,18
통가,202305,14,1,9,0,0,0,0,0,0,30
통가,202306,5,0,9,0,0,0,0,0,0,14
통가,202307,6,0,0,0,0,0,0,0,0,6
통가,202308,11,0,0,0,0,0,0,0,0,11
통가,202309,5,0,1,0,0,0,0,0,0,6
통가,202310,13,0,1,0,0,0,0,0,0,14
통가,202311,7,0,0,0,0,0,0,0,0,7
통가,202312,3,0,0,0,0,0,0,0,0,3
통가,소계,84,1,23,0,0,0,0,0,0,115
팔라우,202302,5,0,1,0,0,0,0,0,0,6
팔라우,202303,4,0,0,0,0,0,0,0,0,4
팔라우,202304,7,0,0,0,0,0,0,0,0,7
팔라우,202305,14,0,2,0,0,0,0,0,0,16
팔라우,202306,20,0,0,0,0,0,0,0,0,20
팔라우,202307,12,0,0,0,0,0,0,0,0,12
팔라우,202308,10,0,2,0,0,0,0,0,0,13
팔라우,202309,14,0,0,0,0,0,0,0,0,14
팔라우,202310,14,0,0,0,0,0,0,0,0,14
팔라우,202311,10,0,0,0,0,0,0,0,0,10
팔라우,202312,9,0,1,0,0,0,0,0,0,10
팔라우,소계,119,0,6,0,0,0,0,0,0,126
미크로네시아,202301,3,0,0,0,0,0,0,0,0,3
미크로네시아,202302,1,0,0,0,0,0,0,0,0,1
미크로네시아,202303,12,0,0,0,0,0,0,0,0,12
미크로네시아,202304,15,0,1,0,0,0,0,0,0,16
미크로네시아,202305,10,0,0,0,0,0,0,0,0,10
미크로네시아,202306,5,0,0,0,0,0,0,0,0,5
미크로네시아,202307,13,0,1,0,0,0,0,0,0,14
미크로네시아,202308,9,0,0,0,0,0,0,0,0,10
미크로네시아,202309,11,0,0,0,0,0,0,0,0,11
미크로네시아,202310,14,0,1,0,0,0,0,0,0,15
미크로네시아,202311,16,0,0,0,0,0,0,0,0,17
미크로네시아,202312,6,0,0,0,0,0,0,0,0,7
미크로네시아,소계,115,0,3,0,0,0,0,0,0,121
마샬군도,202301,3,0,0,0,0,0,0,0,0,3
마샬군도,202302,2,0,0,0,0,0,0,0,0,2
마샬군도,202303,3,0,0,0,0,0,0,0,0,3
마샬군도,202304,14,0,0,0,0,0,0,0,0,14
마샬군도,202305,12,2,0,0,0,0,0,0,0,15
마샬군도,202306,11,0,1,0,0,0,0,0,0,12
마샬군도,202307,11,0,0,0,0,0,0,0,0,11
마샬군도,202308,14,0,0,0,0,0,0,0,0,14
마샬군도,202309,18,0,0,0,0,0,0,0,0,19
마샬군도,202310,9,0,1,0,0,0,0,0,0,10
마샬군도,202311,6,0,0,0,0,0,0,0,0,6
마샬군도,202312,8,1,0,0,0,0,0,0,0,10
마샬군도,소계,111,3,2,0,0,0,0,0,0,119
비누아투,202301,2,0,0,0,0,0,0,0,0,2
비누아투,202302,2,0,2,0,0,0,0,0,0,4
비누아투,202303,3,1,0,0,0,0,0,0,0,4
비누아투,202304,12,0,3,2,0,0,0,0,0,17
비누아투,202305,11,1,0,0,0,0,0,0,0,12
비누아투,202306,5,0,4,2,0,0,0,0,0,11
비누아투,202307,9,0,0,8,0,0,0,0,0,17
비누아투,202308,11,1,0,2,0,0,0,0,0,14
비누아투,202309,1,0,0,2,0,0,0,0,0,4
비누아투,202310,7,0,0,2,0,0,0,0,0,9
비누아투,202311,6,0,0,4,0,0,0,0,0,10
비누아투,202312,4,1,0,5,0,0,0,0,0,10
비누아투,소계,73,4,9,27,0,0,0,0,0,114
나우루,202301,0,0,0,0,0,0,0,0,0,0
나우루,202303,3,0,0,0,0,0,0,0,0,3
나우루,202305,17,0,1,0,0,0,0,0,0,18
나우루,202306,3,0,0,0,0,0,0,0,0,3
나우루,202308,3,0,0,0,0,0,0,0,0,3
나우루,202309,8,0,0,0,0,0,0,0,0,8
나우루,202310,6,0,0,1,0,0,0,0,0,7
나우루,202311,6,0,0,0,0,0,0,0,0,6
나우루,202312,3,0,0,0,0,0,0,0,0,3
나우루,소계,49,0,1,1,0,0,0,0,0,51
토켈라우,202309,0,0,0,0,0,0,0,0,0,2
토켈라우,소계,0,0,0,0,0,0,0,0,0,2
노폴크,202303,0,0,0,0,0,0,0,0,0,2
노폴크,202304,0,0,0,0,0,0,0,0,0,1
노폴크,202305,0,0,0,0,0,0,0,0,0,3
노폴크,소계,0,0,0,0,0,0,0,0,0,6
대양주,소계,213611,6722,7253,1499,315,63,0,30,21,240864
남아프리카공화국,202301,722,7,49,7,3,0,0,0,0,795
남아프리카공화국,202302,897,10,10,2,4,0,0,1,0,931
남아프리카공화국,202303,584,11,16,6,0,0,0,0,0,778
남아프리카공화국,202304,756,24,29,7,1,0,0,0,0,1072
남아프리카공화국,202305,680,6,26,6,4,0,0,0,1,983
남아프리카공화국,202306,708,9,27,1,5,0,0,0,0,992
남아프리카공화국,202307,1043,19,31,21,5,1,0,0,0,1405
남아프리카공화국,202308,1193,32,55,21,10,3,0,0,0,1520
남아프리카공화국,202309,761,22,41,21,1,0,0,0,0,1063
남아프리카공화국,202310,769,18,40,6,2,2,0,0,0,1293
남아프리카공화국,202311,567,15,18,9,0,0,0,0,0,875
남아프리카공화국,202312,802,24,36,2,1,1,0,0,0,939
남아프리카공화국,소계,9482,197,378,109,36,7,0,1,1,12646
나이지리아,202301,93,0,3,0,0,0,0,0,0,117
나이지리아,202302,112,0,1,0,0,0,0,0,0,119
나이지리아,202303,147,0,2,0,0,0,0,0,0,157
나이지리아,202304,125,1,0,0,0,0,0,0,0,141
나이지리아,202305,134,2,3,0,0,0,0,0,0,152
나이지리아,202306,115,1,2,0,0,0,0,0,0,143
나이지리아,202307,188,0,4,0,0,0,0,0,0,204
나이지리아,202308,196,1,4,0,2,0,0,0,0,214
나이지리아,202309,140,0,5,0,0,0,0,0,0,153
나이지리아,202310,141,1,3,0,0,2,0,0,0,164
나이지리아,202311,102,1,1,0,1,0,0,0,0,120
나이지리아,202312,100,0,1,0,2,0,0,0,0,112
나이지리아,소계,1593,7,29,0,5,2,0,0,0,1796
이집트,202301,281,1,1,0,0,0,0,0,0,299
이집트,202302,352,1,6,0,0,0,0,0,0,376
이집트,202303,357,0,2,0,0,0,0,0,0,406
이집트,202304,268,4,3,0,0,0,0,0,0,296
이집트,202305,430,1,6,0,0,0,0,0,0,495
이집트,202306,337,3,9,1,0,0,0,0,0,416
이집트,202307,447,0,9,0,0,0,0,0,0,500
이집트,202308,668,6,12,0,0,0,0,0,0,739
이집트,202309,501,1,14,1,0,0,0,0,0,550
이집트,202310,535,3,10,1,0,0,0,0,0,639
이집트,202311,440,1,6,0,3,0,0,0,0,490
이집트,202312,401,5,7,0,1,0,0,0,0,437
이집트,소계,5017,26,85,3,4,0,0,0,0,5643
가나,202301,72,0,0,0,0,0,0,0,0,76
가나,202302,81,1,1,0,0,0,0,0,0,88
가나,202303,113,0,4,0,0,0,0,0,0,122
가나,202304,118,2,3,0,0,0,0,0,0,130
가나,202305,117,1,4,0,0,0,0,0,0,134
가나,202306,102,0,1,0,0,0,0,0,0,110
가나,202307,152,0,1,0,0,0,0,0,0,163
가나,202308,145,0,3,0,0,0,0,0,0,172
가나,202309,146,0,15,0,0,0,0,0,0,180
가나,202310,169,0,5,0,0,0,0,0,0,210
가나,202311,83,1,2,1,0,0,0,0,0,112
가나,202312,83,0,2,0,1,0,0,0,0,101
가나,소계,1381,5,41,1,1,0,0,0,0,1598
리비아,202301,98,0,0,0,0,0,0,0,0,99
리비아,202302,137,1,0,0,0,0,0,0,0,138
리비아,202303,87,0,0,0,0,0,0,0,0,87
리비아,202304,140,0,0,0,0,0,0,0,0,141
리비아,202305,222,0,0,0,0,0,0,0,0,225
리비아,202306,92,0,0,0,0,0,0,0,0,94
리비아,202307,210,1,1,0,0,0,0,0,0,212
리비아,202308,190,0,3,0,0,0,0,0,0,193
리비아,202309,181,0,4,0,0,0,0,0,0,185
리비아,202310,180,0,2,0,0,0,0,0,0,182
리비아,202311,131,0,1,1,0,0,0,0,0,133
리비아,202312,117,0,0,0,0,0,0,0,0,117
리비아,소계,1785,2,11,1,0,0,0,0,0,1806
수단,202301,41,0,0,0,0,0,0,0,0,41
수단,202302,53,0,1,0,0,0,0,0,0,54
수단,202303,61,0,1,0,0,0,0,0,0,64
수단,202304,18,0,0,0,0,0,0,0,0,18
수단,202305,23,0,0,0,0,0,0,0,0,24
수단,202306,11,0,0,0,0,0,0,0,0,14
수단,202307,17,0,0,0,0,0,0,0,0,20
수단,202308,22,0,0,0,0,0,0,0,0,27
수단,202309,21,0,2,0,0,0,0,0,0,26
수단,202310,28,0,2,0,0,0,0,0,0,34
수단,202311,32,0,3,0,0,0,0,0,0,37
수단,202312,26,0,0,0,0,0,0,0,0,27
수단,소계,353,0,9,0,0,0,0,0,0,386
모로코,202301,164,0,4,0,0,0,0,0,0,168
모로코,202302,249,0,1,0,1,0,0,0,0,251
모로코,202303,218,0,6,0,0,0,0,0,0,234
모로코,202304,225,0,4,0,0,0,0,0,0,235
모로코,202305,329,2,9,0,0,0,0,0,0,371
모로코,202306,243,4,5,0,2,0,0,0,0,296
모로코,202307,322,8,2,1,1,0,0,0,0,373
모로코,202308,519,4,8,0,0,0,0,0,0,590
모로코,202309,309,4,7,0,0,0,0,0,0,344
모로코,202310,348,3,8,0,0,0,0,0,0,389
모로코,202311,305,5,4,0,1,0,0,0,0,332
모로코,202312,346,2,7,3,0,0,0,0,0,361
모로코,소계,3577,32,65,4,5,0,0,0,0,3944
케냐,202301,74,0,2,0,0,0,0,0,0,76
케냐,202302,82,0,3,0,0,0,0,0,0,85
케냐,202303,138,0,0,0,0,0,0,0,0,203
케냐,202304,123,1,4,0,0,0,0,0,0,222
케냐,202305,123,1,12,0,0,0,0,0,0,365
케냐,202306,137,0,0,1,0,0,0,0,0,366
케냐,202307,399,0,1,1,0,0,0,0,0,604
케냐,202308,232,0,1,0,0,0,0,0,0,485
케냐,202309,127,0,7,0,0,0,0,0,0,327
케냐,202310,164,0,8,0,0,0,0,0,0,500
케냐,202311,91,5,1,1,1,0,0,0,0,300
케냐,202312,71,0,4,2,1,0,0,0,0,92
케냐,소계,1761,7,43,5,2,0,0,0,0,3625
튀니지,202301,123,1,6,0,0,0,0,0,0,130
튀니지,202302,131,5,2,0,0,0,0,1,0,139
튀니지,202303,211,2,5,0,1,0,0,0,0,254
튀니지,202304,177,5,7,0,0,0,0,0,0,305
튀니지,202305,231,6,1,1,0,0,0,0,0,309
튀니지,202306,222,3,12,0,0,0,0,0,0,307
튀니지,202307,291,2,5,0,0,0,0,0,0,341
튀니지,202308,230,6,4,0,0,0,0,0,0,267
튀니지,202309,282,6,16,0,0,2,0,0,0,337
튀니지,202310,412,4,11,1,0,0,0,0,0,476
튀니지,202311,192,9,21,0,0,0,0,0,0,248
튀니지,202312,196,1,10,0,1,1,0,0,0,209
튀니지,소계,2698,50,100,2,2,3,0,1,0,3322
에티오피아,202301,546,0,1,0,0,0,0,0,0,552
에티오피아,202302,548,0,0,0,0,0,0,0,0,551
에티오피아,202303,610,0,1,0,0,0,0,0,0,614
에티오피아,202304,579,0,1,0,1,0,0,0,0,616
에티오피아,202305,608,0,0,0,0,0,0,0,0,618
에티오피아,202306,562,0,1,0,0,0,0,0,0,598
에티오피아,202307,711,0,4,4,1,0,0,0,0,731
에티오피아,202308,725,0,4,1,0,0,0,0,0,742
에티오피아,202309,712,1,9,1,1,0,0,0,0,733
에티오피아,202310,670,1,1,0,0,0,0,0,0,703
에티오피아,202311,965,1,1,0,1,0,0,0,0,987
에티오피아,202312,741,1,1,0,0,0,0,0,0,764
에티오피아,소계,7977,4,24,6,4,0,0,0,0,8209
알제리,202301,42,0,2,0,0,0,0,0,0,47
알제리,202302,54,0,0,0,0,0,0,0,0,54
알제리,202303,48,0,0,1,0,0,0,0,0,49
알제리,202304,58,1,1,0,0,0,0,0,0,62
알제리,202305,178,0,3,0,0,0,0,0,0,181
알제리,202306,61,0,11,0,0,0,0,0,0,76
알제리,202307,122,0,4,1,1,0,0,0,0,129
알제리,202308,111,1,8,0,0,0,0,0,0,122
알제리,202309,110,0,6,0,0,0,0,0,0,117
알제리,202310,94,1,6,0,0,0,0,0,0,101
알제리,202311,106,0,6,0,0,0,0,0,0,116
알제리,202312,81,1,4,0,0,0,0,0,0,87
알제리,소계,1065,4,51,2,1,0,0,0,0,1141
탄자니아,202301,32,0,0,0,0,0,0,0,0,32
탄자니아,202302,52,2,6,0,0,0,0,0,0,70
탄자니아,202303,35,0,0,0,0,0,0,0,0,50
탄자니아,202304,62,0,18,0,0,0,0,0,1,105
탄자니아,202305,63,0,0,0,0,0,0,0,0,82
탄자니아,202306,63,0,4,1,0,1,0,0,1,80
탄자니아,202307,124,0,3,0,0,0,0,0,0,146
탄자니아,202308,163,0,3,0,0,0,0,0,1,177
탄자니아,202309,127,0,1,0,0,0,0,0,0,136
탄자니아,202310,114,2,0,0,1,0,0,0,0,153
탄자니아,202311,78,0,0,0,0,0,0,0,1,119
탄자니아,202312,34,0,0,0,1,0,0,0,2,55
탄자니아,소계,947,4,35,1,2,1,0,0,6,1205
앙골라,202301,11,0,0,0,0,0,0,0,0,11
앙골라,202302,7,0,0,0,0,0,0,0,0,7
앙골라,202303,16,0,0,0,0,0,0,0,0,17
앙골라,202304,63,0,0,0,0,0,0,0,0,63
앙골라,202305,37,0,0,0,0,0,0,0,0,39
앙골라,202306,2,0,0,0,0,0,0,0,0,5
앙골라,202307,90,0,0,0,0,0,0,0,0,95
앙골라,202308,20,0,0,1,0,0,0,0,0,22
앙골라,202309,73,9,1,0,0,0,0,0,0,86
앙골라,202310,14,0,0,0,0,0,0,0,0,16
앙골라,202311,10,0,0,0,0,0,0,0,0,10
앙골라,202312,4,0,0,0,0,0,0,0,0,4
앙골라,소계,347,9,1,1,0,0,0,0,0,375
카메룬,202301,30,1,0,0,0,0,0,0,0,31
카메룬,202302,36,0,0,0,0,0,0,0,0,36
카메룬,202303,56,0,1,0,0,0,0,0,0,59
카메룬,202304,19,1,0,0,0,0,0,0,0,23
카메룬,202305,44,0,1,0,0,0,0,0,0,51
카메룬,202306,34,1,0,0,1,0,0,0,0,42
카메룬,202307,83,1,0,0,0,0,0,0,0,92
카메룬,202308,89,1,1,0,0,0,0,0,0,97
카메룬,202309,63,1,2,0,0,0,0,0,0,72
카메룬,202310,73,0,1,0,0,1,0,0,0,92
카메룬,202311,38,0,2,0,0,0,0,0,0,46
카메룬,202312,27,1,0,0,0,0,0,0,0,28
카메룬,소계,592,7,8,0,1,1,0,0,0,669
우간다,202301,34,0,0,0,0,0,0,0,0,34
우간다,202302,28,0,0,0,0,0,0,0,0,28
우간다,202303,31,2,0,0,0,0,0,0,0,39
우간다,202304,30,1,0,1,0,0,0,0,0,46
우간다,202305,76,0,0,0,0,0,0,0,0,81
우간다,202306,43,0,0,1,0,0,0,0,0,47
우간다,202307,92,3,0,0,0,0,0,0,0,96
우간다,202308,133,0,0,0,0,0,0,0,0,134
우간다,202309,70,0,3,0,0,0,0,0,0,77
우간다,202310,70,0,1,0,0,0,0,0,0,81
우간다,202311,48,0,2,6,0,0,0,0,0,59
우간다,202312,20,0,1,0,0,0,0,0,0,21
우간다,소계,675,6,7,8,0,0,0,0,0,743
모리셔스,202301,25,0,0,1,0,0,0,0,0,26
모리셔스,202302,23,2,0,0,0,0,0,0,0,25
모리셔스,202303,36,0,1,0,0,0,0,0,0,124
모리셔스,202304,55,1,0,1,0,0,0,0,0,192
모리셔스,202305,32,1,5,0,0,0,0,0,0,225
모리셔스,202306,51,0,1,7,0,0,0,0,0,195
모리셔스,202307,99,1,1,0,0,0,0,0,0,213
모리셔스,202308,38,1,2,0,0,0,0,0,0,140
모리셔스,202309,66,1,1,1,2,0,0,0,0,150
모리셔스,202310,52,3,4,1,0,0,0,0,0,213
모리셔스,202311,47,5,0,0,0,0,0,0,0,124
모리셔스,202312,34,0,2,0,0,0,0,0,0,41
모리셔스,소계,558,15,17,11,2,0,0,0,0,1668
짐바브웨,202301,24,0,1,0,0,0,0,0,0,25
짐바브웨,202302,22,0,2,0,0,0,0,0,0,24
짐바브웨,202303,17,0,0,0,0,0,0,0,0,94
짐바브웨,202304,20,0,2,0,0,0,0,0,0,153
짐바브웨,202305,42,0,1,0,0,0,0,0,0,164
짐바브웨,202306,28,0,0,0,0,0,0,0,0,128
짐바브웨,202307,60,0,1,0,0,0,0,0,0,176
짐바브웨,202308,61,0,0,0,0,0,0,0,0,145
짐바브웨,202309,18,0,2,0,0,0,0,0,0,125
짐바브웨,202310,32,0,2,0,0,0,0,0,0,299
짐바브웨,202311,28,0,0,1,0,0,0,0,0,233
짐바브웨,202312,15,0,0,0,0,0,0,0,0,15
짐바브웨,소계,367,0,11,1,0,0,0,0,0,1581
코트디부아르,202301,10,0,0,0,0,0,0,0,0,10
코트디부아르,202302,25,1,0,0,0,0,0,0,0,26
코트디부아르,202303,20,0,0,0,0,0,0,0,0,20
코트디부아르,202304,18,1,0,0,0,0,0,0,0,19
코트디부아르,202305,87,0,0,0,0,0,0,0,0,87
코트디부아르,202306,41,0,0,0,0,0,0,0,0,41
코트디부아르,202307,87,0,1,0,0,0,0,0,0,88
코트디부아르,202308,70,1,1,0,0,0,0,0,0,72
코트디부아르,202309,52,0,0,0,0,0,0,0,0,54
코트디부아르,202310,33,0,0,0,0,0,0,0,0,33
코트디부아르,202311,25,0,0,0,0,0,0,0,0,25
코트디부아르,202312,11,0,0,0,0,0,0,0,0,12
코트디부아르,소계,479,3,2,0,0,0,0,0,0,487
콩고,202301,3,0,0,0,0,0,0,0,0,3
콩고,202302,1,0,0,0,0,0,0,0,0,1
콩고,202303,2,0,0,0,0,0,0,0,0,2
콩고,202304,5,0,0,0,0,0,0,0,0,5
콩고,202305,12,0,0,0,0,0,0,0,0,12
콩고,202306,5,0,0,0,0,0,0,0,0,5
콩고,202307,21,0,0,0,0,0,0,0,0,21
콩고,202308,9,0,0,0,0,0,0,0,0,9
콩고,202309,7,0,0,0,0,0,0,0,0,7
콩고,202310,1,0,0,0,0,0,0,0,0,1
콩고,202311,4,0,0,0,0,0,0,0,0,4
콩고,202312,0,0,0,0,0,0,0,0,0,0
콩고,소계,70,0,0,0,0,0,0,0,0,70
세네갈,202301,11,0,0,0,0,0,0,0,0,11
세네갈,202302,17,0,1,0,0,0,0,0,0,18
세네갈,202303,19,1,0,0,0,0,0,0,0,20
세네갈,202304,17,0,0,0,0,0,0,0,0,17
세네갈,202305,66,0,1,0,0,0,0,0,0,67
세네갈,202306,22,2,0,0,0,0,0,0,0,24
세네갈,202307,45,0,0,0,0,0,0,0,0,45
세네갈,202308,35,1,2,0,0,0,0,0,0,38
세네갈,202309,37,1,3,0,0,0,0,0,0,41
세네갈,202310,112,0,13,0,2,0,0,0,0,127
세네갈,202311,43,1,1,0,0,0,0,0,0,45
세네갈,202312,11,0,0,0,0,0,0,0,0,11
세네갈,소계,435,6,21,0,2,0,0,0,0,464
베냉,202301,1,0,0,0,0,0,0,0,0,1
베냉,202302,3,0,0,0,0,0,0,0,0,3
베냉,202303,2,0,0,0,0,0,0,0,0,2
베냉,202304,7,0,0,0,0,0,0,0,0,7
베냉,202305,9,0,0,0,0,0,0,0,0,9
베냉,202306,6,0,0,0,0,0,0,0,0,6
베냉,202307,22,0,0,0,0,0,0,0,0,22
베냉,202308,8,0,0,0,0,0,0,0,0,8
베냉,202309,8,0,0,0,0,0,0,0,0,8
베냉,202310,8,0,0,0,0,0,0,0,0,8
베냉,202311,2,0,0,0,0,0,0,0,0,2
베냉,202312,6,0,0,0,0,0,0,0,0,6
베냉,소계,82,0,0,0,0,0,0,0,0,82
기니,202301,4,0,0,0,0,0,0,0,0,4
기니,202302,12,0,0,0,0,0,0,0,0,12
기니,202303,16,0,0,0,0,0,0,0,0,16
기니,202304,6,0,0,0,0,0,0,0,0,6
기니,202305,10,0,0,0,0,0,0,0,0,10
기니,202306,9,0,0,0,0,0,0,0,0,9
기니,202307,21,0,0,0,0,0,0,0,0,21
기니,202308,11,0,0,0,1,0,0,0,0,12
기니,202309,18,0,0,0,0,0,0,0,0,18
기니,202310,9,0,0,0,0,0,0,0,0,9
기니,202311,10,0,0,0,0,0,0,0,0,10
기니,202312,5,0,0,0,0,0,0,0,0,5
기니,소계,131,0,0,0,1,0,0,0,0,132
가봉,202301,10,0,0,0,0,0,0,0,0,10
가봉,202302,6,0,0,0,0,0,0,0,0,6
가봉,202303,9,1,0,0,0,0,0,0,0,10
가봉,202304,13,0,0,1,0,0,0,0,0,14
가봉,202305,22,0,0,0,0,0,0,0,0,22
가봉,202306,15,0,0,0,0,0,0,0,0,15
가봉,202307,18,0,0,0,0,0,0,0,0,18
가봉,202308,11,0,0,0,0,0,0,0,0,11
가봉,202309,15,0,1,0,0,0,0,0,0,16
가봉,202310,5,0,0,0,0,0,0,0,0,5
가봉,202311,16,0,0,0,0,0,0,0,0,16
가봉,202312,7,0,0,0,0,0,0,0,0,7
가봉,소계,147,1,1,1,0,0,0,0,0,150
콩고민주공화국,202301,10,0,0,0,0,0,0,0,0,10
콩고민주공화국,202302,19,0,0,0,0,0,0,0,0,19
콩고민주공화국,202303,25,0,0,0,0,0,0,0,0,25
콩고민주공화국,202304,30,0,0,0,0,0,0,0,0,30
콩고민주공화국,202305,36,0,1,0,0,0,0,0,0,37
콩고민주공화국,202306,45,0,1,1,0,0,0,0,0,47
콩고민주공화국,202307,65,0,1,0,0,0,0,0,0,66
콩고민주공화국,202308,38,0,1,0,0,0,0,0,0,39
콩고민주공화국,202309,54,0,2,1,0,0,0,0,0,57
콩고민주공화국,202310,146,0,1,0,0,0,0,0,0,147
콩고민주공화국,202311,23,0,0,0,0,0,0,0,0,23
콩고민주공화국,202312,23,0,1,0,0,0,0,0,0,24
콩고민주공화국,소계,514,0,8,2,0,0,0,0,0,524
라이베리아,202301,10,0,1,0,0,0,0,0,0,11
라이베리아,202302,16,0,0,0,0,0,0,0,0,16
라이베리아,202303,12,0,0,0,0,0,0,0,0,12
라이베리아,202304,17,0,0,0,0,0,0,0,0,17
라이베리아,202305,7,0,0,0,0,0,0,0,0,7
라이베리아,202306,12,0,0,0,0,0,0,0,0,12
라이베리아,202307,31,0,0,0,0,0,0,0,0,33
라이베리아,202308,29,1,0,0,0,0,0,0,0,35
라이베리아,202309,13,0,0,0,0,0,0,0,0,13
라이베리아,202310,5,0,0,0,0,0,0,0,0,5
라이베리아,202311,6,0,0,0,0,0,0,0,0,6
라이베리아,202312,4,0,0,0,0,0,0,0,0,4
라이베리아,소계,162,1,1,0,0,0,0,0,0,171
카보베르데,202301,0,0,0,0,0,0,0,0,0,0
카보베르데,202302,1,0,0,0,0,0,0,0,0,2
카보베르데,202303,0,0,1,0,0,0,0,0,0,2
카보베르데,202304,2,0,0,0,0,0,0,0,0,6
카보베르데,202305,1,0,0,0,0,0,0,0,0,7
카보베르데,202306,1,0,0,0,0,0,0,0,0,4
카보베르데,202307,14,0,0,0,0,0,0,0,0,19
카보베르데,202308,1,0,0,0,0,0,0,0,0,2
카보베르데,202309,0,0,2,0,0,0,0,0,0,5
카보베르데,202310,1,1,0,0,0,0,0,0,0,2
카보베르데,202311,3,0,0,0,0,0,0,0,0,5
카보베르데,202312,2,0,0,0,0,0,0,0,0,4
카보베르데,소계,26,1,3,0,0,0,0,0,0,58
잠비아,202301,11,0,0,0,0,0,0,0,0,11
잠비아,202302,11,0,0,0,0,0,0,0,0,11
잠비아,202303,17,0,0,0,0,0,0,0,0,18
잠비아,202304,45,0,0,0,0,0,0,0,0,46
잠비아,202305,38,0,0,0,0,0,0,0,0,43
잠비아,202306,20,0,0,0,0,0,0,0,0,23
잠비아,202307,30,0,0,0,0,0,0,0,0,35
잠비아,202308,36,0,0,0,0,0,0,0,0,37
잠비아,202309,47,0,0,0,0,0,0,0,0,50
잠비아,202310,18,0,0,0,0,0,0,0,0,23
잠비아,202311,7,0,1,0,0,0,0,0,0,10
잠비아,202312,8,0,0,0,0,0,0,0,0,8
잠비아,소계,288,0,1,0,0,0,0,0,0,315
말리,202301,13,0,0,0,0,0,0,0,0,13
말리,202302,4,0,0,0,0,0,0,0,0,4
말리,202303,8,0,0,0,0,0,0,0,0,8
말리,202304,11,0,0,0,0,0,0,0,0,11
말리,202305,14,0,0,0,0,0,0,0,0,14
말리,202306,6,1,0,0,0,0,0,0,0,7
말리,202307,16,0,0,0,0,0,0,0,0,16
말리,202308,11,0,0,0,0,0,0,0,0,11
말리,202309,13,0,0,0,0,0,0,0,0,13
말리,202310,15,0,0,0,0,0,0,0,0,15
말리,202311,5,0,0,0,0,0,0,0,0,5
말리,202312,4,1,0,0,0,0,0,0,0,5
말리,소계,120,2,0,0,0,0,0,0,0,122
세이셸,202301,2,0,0,0,0,0,0,0,0,2
세이셸,202302,10,0,0,0,0,0,0,0,0,10
세이셸,202303,6,0,0,0,0,0,0,0,0,6
세이셸,202304,2,0,0,0,0,0,0,0,0,6
세이셸,202305,8,0,0,0,0,0,0,0,0,10
세이셸,202306,7,0,3,0,0,0,0,0,0,10
세이셸,202307,3,0,0,0,0,0,0,0,0,3
세이셸,202308,13,0,0,0,0,0,0,0,0,13
세이셸,202309,13,0,0,0,0,0,0,0,0,13
세이셸,202310,16,0,0,0,0,0,0,0,0,16
세이셸,202311,1,0,0,0,0,0,0,0,0,1
세이셸,202312,3,0,0,0,0,0,0,0,0,3
세이셸,소계,84,0,3,0,0,0,0,0,0,93
마다가스카르,202301,4,0,0,0,0,0,0,0,0,4
마다가스카르,202302,11,0,0,0,0,0,0,0,0,11
마다가스카르,202303,9,0,0,0,0,0,0,0,0,53
마다가스카르,202304,12,0,0,0,0,0,0,0,0,12
마다가스카르,202305,12,0,0,0,0,0,0,0,0,204
마다가스카르,202306,38,0,2,0,0,0,0,0,0,223
마다가스카르,202307,41,0,0,0,0,0,0,0,0,200
마다가스카르,202308,39,1,0,0,0,0,0,0,0,287
마다가스카르,202309,48,0,0,0,0,0,0,0,0,189
마다가스카르,202310,26,3,2,0,0,0,0,0,0,268
마다가스카르,202311,12,0,0,0,0,0,0,0,0,149
마다가스카르,202312,4,0,0,0,0,0,0,0,0,4
마다가스카르,소계,256,4,4,0,0,0,0,0,0,1604
스와질란드,202301,1,0,0,0,0,0,0,0,0,1
스와질란드,202302,1,0,0,0,0,0,0,0,0,1
스와질란드,202303,4,0,0,0,0,0,0,0,0,6
스와질란드,202304,9,0,0,0,0,0,0,0,0,13
스와질란드,202305,5,0,0,0,0,0,0,0,0,8
스와질란드,202306,4,0,0,0,0,0,0,0,0,7
스와질란드,202307,12,0,0,3,0,0,0,0,0,15
스와질란드,202308,21,0,0,0,0,0,0,0,0,21
스와질란드,202309,2,0,3,0,0,0,0,0,0,5
스와질란드,202310,13,0,0,1,0,0,0,0,0,14
스와질란드,202311,7,0,0,0,0,0,0,0,0,7
스와질란드,202312,6,0,0,0,0,0,0,0,0,6
스와질란드,소계,85,0,3,4,0,0,0,0,0,104
시에라리온,202301,3,0,0,0,0,0,0,0,0,3
시에라리온,202302,3,0,0,0,0,0,0,0,0,3
시에라리온,202303,1,0,0,0,0,0,0,0,0,2
시에라리온,202304,16,0,0,0,0,0,0,0,0,16
시에라리온,202305,6,0,0,0,0,0,0,0,0,6
시에라리온,202306,2,0,0,0,0,0,0,0,0,2
시에라리온,202307,9,0,0,0,0,0,0,0,0,9
시에라리온,202308,13,0,0,0,0,0,0,0,0,13
시에라리온,202309,6,0,2,0,0,0,0,0,0,8
시에라리온,202310,1,0,0,0,0,0,0,0,0,1
시에라리온,202311,7,0,0,0,0,0,0,0,0,7
시에라리온,202312,2,0,0,0,0,0,0,0,0,2
시에라리온,소계,69,0,2,0,0,0,0,0,0,72
토고,202301,8,0,0,0,0,0,0,0,0,8
토고,202302,2,0,0,0,0,0,0,0,0,2
토고,202303,4,0,0,0,0,0,0,0,0,4
토고,202304,4,0,0,0,0,0,0,0,0,4
토고,202305,5,0,0,0,0,0,0,0,0,5
토고,202306,5,0,0,0,1,0,0,0,0,6
토고,202307,17,0,0,0,0,0,0,0,0,17
토고,202308,6,0,0,0,0,0,0,0,0,6
토고,202309,6,0,1,0,0,0,0,0,0,8
토고,202310,7,0,0,0,0,0,0,0,0,7
토고,202311,3,0,0,0,0,0,0,0,0,3
토고,202312,1,0,0,0,0,0,0,0,0,1
토고,소계,68,0,1,0,1,0,0,0,0,71
르완다,202301,27,0,0,0,2,0,0,0,0,29
르완다,202302,30,0,0,0,0,0,0,0,0,30
르완다,202303,44,0,0,0,0,0,0,0,0,44
르완다,202304,23,0,0,0,0,0,0,0,0,23
르완다,202305,23,0,0,0,0,0,0,0,0,23
르완다,202306,43,2,1,2,0,0,0,0,0,54
르완다,202307,58,0,0,0,0,0,0,0,0,65
르완다,202308,102,0,3,0,0,0,0,0,0,120
르완다,202309,115,0,1,0,0,0,0,0,0,125
르완다,202310,55,0,1,0,0,0,0,0,0,70
르완다,202311,19,0,0,0,0,0,0,0,0,25
르완다,202312,27,0,0,0,0,0,0,0,0,27
르완다,소계,566,2,6,2,2,0,0,0,0,635
나미비아,202301,1,0,0,0,0,0,0,0,0,1
나미비아,202302,0,0,0,0,0,0,0,0,0,0
나미비아,202303,6,0,0,0,0,0,0,0,0,9
나미비아,202304,7,0,0,0,0,0,0,0,0,11
나미비아,202305,5,0,0,0,0,0,0,0,0,10
나미비아,202306,8,0,0,0,0,0,0,0,0,9
나미비아,202307,46,0,0,0,0,0,0,0,0,46
나미비아,202308,4,0,0,0,0,0,0,0,0,4
나미비아,202309,10,0,2,1,0,0,0,0,0,17
나미비아,202310,15,0,0,1,0,0,0,0,0,22
나미비아,202311,7,0,1,0,0,0,0,0,0,15
나미비아,202312,2,0,0,0,0,0,0,0,0,2
나미비아,소계,111,0,3,2,0,0,0,0,0,146
모잠비크,202301,2,0,0,0,0,0,0,0,0,2
모잠비크,202302,8,0,0,0,0,0,0,0,0,8
모잠비크,202303,8,1,0,0,0,0,0,0,0,9
모잠비크,202304,28,1,0,0,0,0,0,0,0,29
모잠비크,202305,37,0,1,0,0,0,0,0,0,38
모잠비크,202306,33,0,0,0,0,0,0,0,0,33
모잠비크,202307,40,0,1,0,0,0,0,0,0,41
모잠비크,202308,8,1,0,0,0,0,0,0,0,9
모잠비크,202309,31,0,1,0,0,0,0,0,0,32
모잠비크,202310,17,0,0,0,0,0,0,0,0,17
모잠비크,202311,7,0,1,0,0,0,0,0,0,8
모잠비크,202312,1,0,0,0,0,0,0,0,0,1
모잠비크,소계,220,3,4,0,0,0,0,0,0,227
부르키나파소,202301,6,0,0,0,0,0,0,0,0,6
부르키나파소,202302,3,0,0,0,0,0,0,0,0,3
부르키나파소,202303,4,0,0,0,0,0,0,0,0,4
부르키나파소,202304,6,0,0,0,0,0,0,0,0,6
부르키나파소,202305,9,0,0,0,0,0,0,0,0,9
부르키나파소,202306,11,0,0,0,0,0,0,0,0,11
부르키나파소,202307,31,0,0,0,0,0,0,0,0,31
부르키나파소,202308,9,3,0,1,1,0,0,0,0,14
부르키나파소,202309,9,0,0,0,0,0,0,0,0,9
부르키나파소,202310,7,0,0,0,0,0,0,0,0,7
부르키나파소,202311,9,0,0,0,0,0,0,0,0,9
부르키나파소,202312,2,0,0,0,0,0,0,0,0,2
부르키나파소,소계,106,3,0,1,1,0,0,0,0,111
차드,202301,1,0,0,0,0,0,0,0,0,1
차드,202302,2,0,0,0,0,0,0,0,0,2
차드,202303,1,0,0,0,0,0,0,0,0,1
차드,202304,1,0,0,0,0,0,0,0,0,1
차드,202305,2,0,0,0,0,0,0,0,0,2
차드,202307,11,0,0,1,0,0,0,0,0,12
차드,202308,2,0,0,0,0,0,0,0,0,2
차드,202309,4,0,2,0,0,0,0,0,0,6
차드,202310,11,0,0,0,0,0,0,0,0,11
차드,202311,3,0,0,0,0,0,0,0,0,3
차드,202312,0,0,0,0,0,0,0,0,0,0
차드,소계,38,0,2,1,0,0,0,0,0,41
말라위,202301,10,0,0,0,0,0,0,0,0,10
말라위,202302,9,0,0,0,0,0,0,0,0,9
말라위,202303,8,0,0,0,0,0,0,0,0,9
말라위,202304,35,5,0,0,0,0,0,0,0,47
말라위,202305,9,0,0,0,0,0,0,0,0,11
말라위,202306,15,0,0,0,0,0,0,0,0,15
말라위,202307,20,0,0,0,0,0,0,0,0,20
말라위,202308,20,0,0,0,0,0,0,0,0,20
말라위,202309,15,0,0,0,0,0,0,0,0,15
말라위,202310,10,0,0,0,0,0,0,0,0,10
말라위,202311,6,0,0,0,0,0,0,0,0,6
말라위,202312,4,0,0,0,0,0,0,0,0,4
말라위,소계,161,5,0,0,0,0,0,0,0,176
보츠와나,202301,4,0,0,0,0,0,0,0,0,4
보츠와나,202302,6,0,0,0,0,0,0,0,0,6
보츠와나,202303,5,0,0,0,0,0,0,0,0,5
보츠와나,202304,18,3,0,0,0,0,0,0,0,21
보츠와나,202305,9,0,0,0,0,0,0,0,0,9
보츠와나,202306,19,1,0,0,0,0,0,0,0,20
보츠와나,202307,41,1,0,0,0,0,0,0,0,42
보츠와나,202308,19,1,1,0,0,0,0,0,0,21
보츠와나,202309,16,0,0,0,0,0,0,0,0,16
보츠와나,202310,10,0,0,0,0,0,0,0,0,12
보츠와나,202311,2,0,0,0,1,0,0,0,0,3
보츠와나,202312,12,0,0,0,0,0,0,0,0,12
보츠와나,소계,161,6,1,0,1,0,0,0,0,171
감비아,202301,8,0,0,0,0,0,0,0,0,8
감비아,202302,7,0,0,0,0,0,0,0,0,7
감비아,202303,10,0,0,0,0,0,0,0,0,14
감비아,202304,9,0,0,0,0,0,0,0,0,14
감비아,202305,10,0,0,0,0,0,0,0,0,13
감비아,202306,5,0,0,0,0,0,0,0,0,10
감비아,202307,25,2,0,0,0,0,0,0,0,32
감비아,202308,7,0,0,0,0,0,0,0,0,7
감비아,202309,16,0,0,0,0,0,0,0,0,18
감비아,202310,2,0,0,0,0,0,0,0,0,16
감비아,202311,2,0,0,0,0,0,0,0,0,4
감비아,202312,4,0,0,0,0,0,0,0,0,4
감비아,소계,105,2,0,0,0,0,0,0,0,147
레소토,202301,3,0,0,0,0,0,0,0,0,3
레소토,202302,3,0,0,0,0,0,0,0,0,3
레소토,202303,2,0,0,0,0,0,0,0,0,2
레소토,202304,2,0,0,0,0,0,0,0,0,2
레소토,202305,0,0,0,0,0,0,0,0,0,0
레소토,202306,4,0,1,0,0,0,0,0,0,5
레소토,202307,23,0,0,0,0,0,0,0,0,23
레소토,202308,16,0,1,0,0,0,0,0,0,17
레소토,202309,12,0,2,0,0,0,0,0,0,14
레소토,202310,2,0,0,0,0,0,0,0,0,2
레소토,202311,5,0,0,0,0,0,0,0,0,5
레소토,202312,1,0,0,0,0,0,0,0,0,1
레소토,소계,73,0,4,0,0,0,0,0,0,77
모리타니,202301,3,0,0,0,0,0,0,0,0,3
모리타니,202302,1,0,0,0,0,0,0,0,0,1
모리타니,202303,4,0,0,0,0,0,0,0,0,4
모리타니,202304,2,0,0,0,0,0,0,0,0,2
모리타니,202305,1,0,0,0,0,0,0,0,0,1
모리타니,202306,1,0,0,0,0,0,0,0,0,2
모리타니,202307,1,0,0,0,0,0,0,0,0,1
모리타니,202308,10,0,0,0,0,0,0,0,0,33
모리타니,202309,0,0,0,0,0,0,0,0,0,0
모리타니,202310,1,0,0,0,0,0,0,0,0,1
모리타니,202311,5,0,0,0,0,0,0,0,0,5
모리타니,202312,3,0,0,0,0,0,0,0,0,3
모리타니,소계,32,0,0,0,0,0,0,0,0,56
부룬디,202301,15,0,0,0,0,0,0,0,0,15
부룬디,202302,29,0,0,0,0,0,0,0,0,29
부룬디,202303,43,0,0,0,0,0,0,0,0,43
부룬디,202304,10,0,0,0,0,0,0,0,0,10
부룬디,202305,10,0,0,0,0,0,0,0,0,13
부룬디,202306,23,0,1,0,0,0,0,0,0,27
부룬디,202307,27,0,0,3,0,0,0,0,0,32
부룬디,202308,50,0,0,0,0,0,0,0,0,50
부룬디,202309,57,0,0,0,0,0,0,0,0,57
부룬디,202310,12,0,0,0,0,0,0,0,0,12
부룬디,202311,3,0,0,0,0,0,0,0,0,3
부룬디,202312,3,0,0,0,0,0,0,0,0,3
부룬디,소계,282,0,1,3,0,0,0,0,0,294
기니비사우,202301,0,0,0,0,0,0,0,0,0,0
기니비사우,202302,1,0,0,0,0,0,0,0,0,1
기니비사우,202303,1,0,0,0,0,0,0,0,0,1
기니비사우,202305,0,0,0,0,0,0,0,0,0,0
기니비사우,202306,0,0,0,0,0,0,0,0,0,0
기니비사우,202307,2,2,0,0,0,0,0,0,0,4
기니비사우,202308,10,0,0,0,0,0,0,0,0,10
기니비사우,202309,0,0,1,0,0,0,0,0,0,1
기니비사우,202310,0,0,0,0,0,0,0,0,0,0
기니비사우,202311,1,0,0,0,0,0,0,0,0,1
기니비사우,202312,2,0,0,0,0,0,0,0,0,2
기니비사우,소계,17,2,1,0,0,0,0,0,0,20
중앙아프리카공화국,202301,0,0,0,0,0,0,0,0,0,0
중앙아프리카공화국,202302,3,0,0,0,0,0,0,0,0,3
중앙아프리카공화국,202303,0,0,0,0,0,0,0,0,0,0
중앙아프리카공화국,202304,2,0,0,0,0,0,0,0,0,2
중앙아프리카공화국,202305,0,0,0,0,0,0,0,0,0,0
중앙아프리카공화국,202306,5,0,0,0,0,0,0,0,0,5
중앙아프리카공화국,202307,5,0,0,0,0,0,0,0,0,5
중앙아프리카공화국,202308,0,0,0,0,0,0,0,0,0,0
중앙아프리카공화국,202309,3,0,4,0,0,0,0,0,0,7
중앙아프리카공화국,202310,3,0,0,0,1,0,0,0,0,4
중앙아프리카공화국,202311,2,0,0,0,0,0,0,0,0,2
중앙아프리카공화국,202312,0,0,1,0,0,0,0,0,0,1
중앙아프리카공화국,소계,23,0,5,0,1,0,0,0,0,29
에리트레아,202301,1,0,0,0,0,0,0,0,0,1
에리트레아,202302,0,0,0,0,0,0,0,0,0,0
에리트레아,202303,4,0,0,0,0,0,0,0,0,4
에리트레아,202305,4,0,0,0,0,0,0,0,0,4
에리트레아,202306,1,0,0,0,0,0,0,0,0,1
에리트레아,202308,3,0,0,0,0,0,0,0,0,3
에리트레아,202309,3,0,0,0,0,0,0,0,0,3
에리트레아,202310,3,0,1,0,0,0,0,0,0,4
에리트레아,202311,5,0,0,0,0,0,0,0,0,5
에리트레아,202312,0,0,0,0,0,0,0,0,0,0
에리트레아,소계,24,0,1,0,0,0,0,0,0,25
상투메프린시페,202305,1,0,0,0,0,0,0,0,0,1
상투메프린시페,202306,2,0,0,0,0,0,0,0,0,2
상투메프린시페,202307,8,0,0,0,0,0,0,0,0,8
상투메프린시페,202308,0,0,0,0,0,0,0,0,0,0
상투메프린시페,202309,6,0,2,0,0,0,0,0,0,8
상투메프린시페,202310,0,0,0,0,0,0,0,0,0,0
상투메프린시페,소계,17,0,2,0,0,0,0,0,0,19
소말리아,202301,5,0,0,0,0,0,0,0,0,5
소말리아,202302,3,0,0,0,0,0,0,0,0,3
소말리아,202303,3,0,0,0,0,0,0,0,0,3
소말리아,202304,1,0,0,0,0,0,0,0,0,1
소말리아,202305,3,0,0,0,0,0,0,0,0,3
소말리아,202306,0,0,1,0,0,0,0,0,0,1
소말리아,202307,7,0,0,0,0,0,0,0,0,7
소말리아,202308,7,0,0,0,0,0,0,0,0,7
소말리아,202309,6,0,0,0,0,0,0,0,0,6
소말리아,202310,2,0,0,0,0,0,0,0,0,2
소말리아,202311,4,0,0,0,0,0,0,0,0,4
소말리아,202312,2,0,0,0,0,0,0,0,0,2
소말리아,소계,43,0,1,0,0,0,0,0,0,44
코모로,202302,0,0,0,0,0,0,0,0,0,0
코모로,202303,6,0,0,0,0,0,0,0,0,6
코모로,202304,2,0,0,0,0,0,0,0,0,2
코모로,202305,4,0,1,0,0,0,0,0,0,5
코모로,202306,3,0,0,0,0,0,0,0,0,3
코모로,202307,5,0,0,0,0,0,0,0,0,5
코모로,202308,14,0,0,0,0,0,0,0,0,14
코모로,202309,3,0,3,0,0,0,0,0,0,6
코모로,202310,3,0,1,0,0,0,0,0,0,4
코모로,202311,3,0,0,0,0,0,0,0,0,3
코모로,202312,1,0,0,0,0,0,0,0,0,1
코모로,소계,44,0,5,0,0,0,0,0,0,49
니제르,202301,1,0,0,0,0,0,0,0,0,1
니제르,202302,1,0,0,0,0,0,0,0,0,1
니제르,202303,1,0,0,0,0,0,0,0,0,1
니제르,202304,2,0,0,0,0,0,0,0,0,2
니제르,202305,4,0,0,0,0,0,0,0,0,4
니제르,202306,1,0,0,0,0,0,0,0,0,1
니제르,202307,5,0,0,0,0,0,0,0,0,5
니제르,202308,0,0,0,0,0,0,0,0,0,0
니제르,202309,1,0,0,0,0,0,0,0,0,1
니제르,202310,3,0,0,0,0,0,0,0,0,3
니제르,202311,1,0,0,0,0,0,0,0,0,1
니제르,소계,20,0,0,0,0,0,0,0,0,20
적도기니,202302,1,0,0,0,0,0,0,0,0,1
적도기니,202303,1,0,0,0,0,0,0,0,0,1
적도기니,202304,1,0,0,0,0,0,0,0,0,1
적도기니,202305,5,0,0,0,0,0,0,0,0,5
적도기니,202306,7,0,0,0,0,0,0,0,0,7
적도기니,202307,6,0,1,0,0,0,0,0,0,7
적도기니,202308,5,0,0,0,0,0,0,0,0,5
적도기니,202309,8,0,0,0,0,0,0,0,0,8
적도기니,202310,0,0,0,0,0,0,0,0,0,0
적도기니,202311,3,0,1,0,0,0,0,0,0,4
적도기니,202312,0,0,0,0,0,0,0,0,0,0
적도기니,소계,37,0,2,0,0,0,0,0,0,39
지부티,202301,0,0,0,0,0,0,0,0,0,0
지부티,202302,0,0,0,0,0,0,0,0,0,0
지부티,202303,1,0,0,0,0,0,0,0,0,1
지부티,202304,2,0,0,0,0,0,0,0,0,2
지부티,202306,0,0,0,0,0,0,0,0,0,0
지부티,202307,1,0,0,0,0,0,0,0,0,1
지부티,202308,1,0,0,0,0,0,0,0,0,1
지부티,202309,0,0,2,0,0,0,0,0,0,2
지부티,202310,3,0,0,0,0,0,0,0,0,3
지부티,202311,2,0,0,0,0,0,0,0,0,2
지부티,소계,10,0,2,0,0,0,0,0,0,12
남수단공화국,202301,1,0,0,0,0,0,0,0,0,1
남수단공화국,202302,5,0,0,0,0,0,0,0,0,5
남수단공화국,202304,1,0,0,0,0,0,0,0,0,1
남수단공화국,202305,2,0,0,0,0,0,0,0,0,2
남수단공화국,202306,1,0,0,0,0,0,0,0,0,1
남수단공화국,202307,8,0,0,0,0,0,0,0,0,8
남수단공화국,202308,5,0,0,0,0,0,0,0,0,5
남수단공화국,202309,10,0,0,0,0,0,0,0,0,10
남수단공화국,202310,2,0,0,0,0,0,0,0,0,2
남수단공화국,202311,3,0,0,0,0,0,0,0,0,3
남수단공화국,202312,1,0,0,0,0,0,0,0,0,1
남수단공화국,소계,39,0,0,0,0,0,0,0,0,39
아프리카주,소계,45320,416,1005,171,74,14,0,2,7,57253
교포,202301,2040,376,272,60,20,0,0,1,1,2789
교포,202302,1799,396,181,33,12,0,0,3,0,2455
교포,202303,2598,560,364,93,40,2,0,0,1,3710
교포,202304,2783,589,384,104,23,2,0,4,0,3922
교포,202305,2746,546,351,124,39,1,0,0,0,3867
교포,202306,2490,589,343,88,30,5,0,0,0,3601
교포,202307,1996,515,280,59,20,4,0,0,1,2909
교포,202308,2131,484,275,85,30,14,0,0,0,3066
교포,202309,2631,462,350,124,42,14,0,0,0,3662
교포,202310,2859,639,378,86,48,21,0,0,0,4088
교포,202311,2463,544,408,100,52,10,0,0,0,3619
교포,202312,2037,467,338,58,24,16,0,0,2,2975
교포,소계,28573,6167,3924,1014,380,89,0,8,5,40663
미상,202301,1,0,0,0,0,0,0,0,0,12
미상,202302,13,0,0,0,0,0,0,0,0,18
미상,202303,8,0,0,0,0,0,0,0,0,13
미상,202304,12,0,0,0,0,0,0,0,0,15
미상,202305,11,0,0,0,0,0,0,0,0,13
미상,202306,11,0,0,0,0,0,0,0,0,14
미상,202307,17,0,0,0,0,0,0,0,0,23
미상,202308,8,0,1,0,0,0,0,0,0,11
미상,202309,10,0,0,0,0,0,0,0,0,17
미상,202310,20,0,0,0,0,0,0,0,0,30
미상,202311,16,1,3,0,0,0,0,0,0,23
미상,202312,16,0,0,0,0,0,0,0,0,19
미상,소계,143,1,4,0,0,0,0,0,0,208
기타,소계,28716,6168,3928,1014,380,89,0,8,5,40871
전체,전체,8083521,799178,754524,518497,90734,11053,0,8633,5006,11031665
일본,202401,93615,31655,13674,540,452,385,0,0,67,143152
일본,202402,126603,36654,15479,680,609,572,0,0,41,183999
일본,202403,241881,54468,28120,1533,1288,1274,0,0,55,338742
일본,202404,152268,43919,21473,1590,954,724,0,0,28,229252
일본,202405,170224,45968,24871,1598,1269,1030,0,0,63,278423
일본,202406,172263,45353,23860,1466,973,857,0,0,32,258431
일본,202407,164688,45765,21295,1863,991,825,0,0,0,242953
일본,202408,223045,53451,29090,3475,1680,1712,0,0,1,323465
일본,202409,218777,47544,27805,2530,1455,1423,0,0,0,310652
일본,202410,224784,52871,32079,2235,1351,1231,0,0,0,323266
일본,202411,232142,54572,32674,2106,1213,1182,0,0,1,341198
일본,202412,170071,45070,25231,1494,1272,1113,0,0,263,250546
일본,소계,2190361,557290,295651,21110,13507,12328,0,0,551,3224079
중국,202401,148377,14031,5104,56129,468,343,0,0,5,280035
중국,202402,211522,17429,8685,60977,1148,399,0,0,5,343719
중국,202403,194655,16516,6993,64969,1068,479,0,4,3,391347
중국,202404,211154,17410,7050,63983,977,402,0,0,4,411331
중국,202405,204791,17368,7048,72869,1214,248,0,0,22,395222
중국,202406,213219,18539,6918,74813,1051,512,0,0,6,397325
중국,202407,259938,19988,11364,95698,1002,1544,0,396,37,459069
중국,202408,278581,20888,13845,102392,1934,1625,0,363,62,505559
중국,202409,228995,16949,9936,80411,1458,1472,0,0,8,422809
중국,202410,218501,18854,9391,68352,1115,951,0,0,183,392230
중국,202411,172385,17638,7698,48428,853,795,0,0,52,297840
중국,202412,177730,17645,6942,53477,585,411,0,1,39,306787
중국,소계,2519848,213255,100974,842498,12873,9181,0,764,426,4603273
대만,202401,54497,8845,18191,5104,4833,1867,0,0,0,93589
대만,202402,51353,8196,21317,7033,5596,2926,0,0,0,96704
대만,202403,55121,8982,28464,9560,7763,2285,0,4,0,115578
대만,202404,58771,9321,26436,10384,6419,2381,0,0,0,117606
대만,202405,58503,8702,29850,11815,5974,1273,0,0,0,116956
대만,202406,69017,10433,33070,13766,7945,2846,0,0,0,144255
대만,202407,64385,12625,35858,14217,7848,3845,0,0,0,142721
대만,202408,65366,12205,36370,14898,6873,4691,0,0,0,148735
대만,202409,60896,9755,32055,13629,5460,2931,0,0,0,126130
대만,202410,64383,11670,35785,13229,5877,1890,0,0,1,133433
대만,202411,57861,11041,34874,10191,4795,394,0,0,0,119505
대만,202412,62300,11323,29593,9430,4084,662,0,0,590,118696
대만,소계,722453,123098,361863,133256,73467,27991,0,4,591,1473908
필리핀,202401,15656,39,1636,254,9,21,0,0,0,26908
필리핀,202402,14335,40,1352,315,14,13,0,0,8,25867
필리핀,202403,30664,41,2242,1007,30,199,0,352,0,54881
필리핀,202404,28419,65,2039,698,5,16,0,122,0,50645
필리핀,202405,22982,69,2561,254,12,242,0,0,0,44686
필리핀,202406,24620,56,2378,274,1,99,0,0,14,44891
필리핀,202407,15811,65,1916,324,9,33,0,0,0,34632
필리핀,202408,16103,48,2074,351,31,41,0,0,0,35225
필리핀,202409,19167,55,2179,378,34,40,0,0,0,40278
필리핀,202410,33856,39,2754,1020,32,116,0,0,0,58724
필리핀,202411,31573,61,2501,456,71,29,0,0,0,50599
필리핀,202412,32580,67,2188,893,53,29,0,683,4,49424
필리핀,소계,285766,645,25820,6224,301,878,0,1157,26,516760
홍콩,202401,23496,259,781,1063,9,2,0,0,0,25755
홍콩,202402,32185,260,1050,1585,8,1,0,0,0,35458
홍콩,202403,42493,349,2410,3269,29,5,0,1,0,49235
홍콩,202404,36686,362,2265,2651,15,4,0,0,0,42654
홍콩,202405,39152,378,2455,3104,15,7,0,0,0,45790
홍콩,202406,46121,387,3606,3703,28,3,0,0,0,54449
홍콩,202407,50499,491,3818,3071,15,5,0,1,1,58305
홍콩,202408,53539,429,3530,3743,20,10,0,0,0,61864
홍콩,202409,33560,314,2547,3288,7,9,0,0,0,40033
홍콩,202410,43821,345,3754,4072,8,4,0,0,0,52439
홍콩,202411,39242,326,4530,2299,12,3,0,0,0,46766
홍콩,202412,49418,448,5338,2974,8,4,0,0,0,58670
홍콩,소계,490212,4348,36084,34822,174,57,0,2,1,571418
태국,202401,17558,68,2585,20,110,41,0,0,2,20516
태국,202402,19082,100,2769,23,159,44,0,0,0,22347
태국,202403,26809,118,5726,30,394,111,0,0,5,33518
태국,202404,36670,123,5029,102,487,253,0,0,0,43074
태국,202405,22709,83,5000,30,243,81,0,0,0,28723
태국,202406,15371,55,4006,44,274,71,0,0,0,20150
태국,202407,14480,146,2850,9,200,106,0,0,0,18056
태국,202408,14015,76,2108,34,197,64,0,0,0,16775
태국,202409,15525,109,2745,41,240,37,0,0,0,18868
태국,202410,33301,140,5938,80,333,13,0,0,0,40167
태국,202411,23673,107,4693,53,168,5,0,0,0,28920
태국,202412,27442,134,4709,64,246,12,0,0,13,32742
태국,소계,266635,1259,48158,530,3051,838,0,0,20,323856
말레이시아,202401,14623,103,1288,595,12,5,0,0,0,16913
말레이시아,202402,25935,77,2214,1057,5,1,0,0,0,29516
말레이시아,202403,21294,142,2517,931,20,17,0,0,0,25294
말레이시아,202404,26559,148,3725,981,14,14,0,0,0,31993
말레이시아,202405,24336,138,1510,752,21,6,0,0,0,27380
말레이시아,202406,14114,124,633,527,16,5,0,0,0,16138
말레이시아,202407,10778,117,479,537,7,8,0,0,0,12275
말레이시아,202408,11564,98,458,382,12,4,0,0,0,12913
말레이시아,202409,26356,140,1341,1081,23,4,0,0,0,29347
말레이시아,202410,33381,149,1896,1003,23,0,0,0,0,37050
말레이시아,202411,27800,152,1542,667,17,3,0,0,0,30623
말레이시아,202412,28686,193,1329,870,23,4,0,0,4,31394
말레이시아,소계,265426,1581,18932,9383,193,71,0,0,4,300836
싱가포르,202401,11941,175,598,1169,10,1,0,0,0,14036
싱가포르,202402,12877,121,630,1584,7,2,0,0,0,15282
싱가포르,202403,32181,228,2220,4027,38,0,0,0,0,38849
싱가포르,202404,27175,315,1834,2809,10,3,0,0,0,32481
싱가포르,202405,31545,278,2190,2979,28,2,0,0,0,37306
싱가포르,202406,28644,211,2158,2854,13,4,0,0,0,34134
싱가포르,202407,11517,178,692,1583,9,2,0,0,0,14068
싱가포르,202408,14608,174,618,1711,5,2,0,0,0,17295
싱가포르,202409,21826,184,1541,2321,12,2,0,0,0,26006
싱가포르,202410,34265,258,2529,2955,25,5,0,0,0,40841
싱가포르,202411,37429,345,2571,3112,11,2,0,0,0,43582
싱가포르,202412,53561,528,3547,3702,12,4,0,3,2,61548
싱가포르,소계,317569,2995,21128,30806,180,29,0,3,2,375428
인도네시아,202401,12330,91,1031,401,8,2,0,0,0,19274
인도네시아,202402,12795,63,928,355,4,3,0,0,0,19466
인도네시아,202403,13445,60,1164,292,10,6,0,0,0,26105
인도네시아,202404,24720,147,1743,381,8,9,0,0,0,38924
인도네시아,202405,17338,93,2179,425,12,3,0,0,0,31739
인도네시아,202406,15763,84,1599,448,14,2,0,0,0,29137
인도네시아,202407,12458,84,1297,317,10,9,0,0,0,22818
인도네시아,202408,12186,55,1441,343,10,13,0,0,0,24303
인도네시아,202409,13886,62,1223,324,19,6,0,0,0,27238
인도네시아,202410,21411,87,1557,363,6,3,0,0,0,34338
인도네시아,202411,18675,83,1195,342,15,0,0,0,0,29100
인도네시아,202412,24522,168,1290,524,2,4,0,0,0,33743
인도네시아,소계,199529,1077,16647,4515,118,60,0,0,0,336185
인도,202401,4899,46,228,52,5,1,0,0,0,9842
인도,202402,5103,45,291,56,5,0,0,0,0,9447
인도,202403,7706,93,461,83,22,1,0,0,0,16443
인도,202404,8579,170,540,86,8,0,0,0,0,17698
인도,202405,8783,107,491,109,17,0,0,0,0,18216
인도,202406,7832,110,401,118,3,1,0,0,0,17693
인도,202407,6115,108,583,136,15,3,0,0,0,14336
인도,202408,7558,82,549,141,23,4,0,0,0,15734
인도,202409,7838,86,527,135,10,3,0,0,0,17071
인도,202410,7818,99,475,144,6,7,0,0,0,16591
인도,202411,6792,107,496,111,13,2,0,0,0,12927
인도,202412,5403,79,435,111,12,2,0,0,1,10670
인도,소계,84426,1132,5477,1282,139,24,0,0,1,176668
베트남,202401,16586,25,3907,180,32,2,0,0,156,21397
베트남,202402,30996,31,7148,143,295,473,0,0,198,39674
베트남,202403,37772,31,9505,421,216,51,0,0,72,48721
베트남,202404,42308,34,8752,486,155,243,0,0,0,53338
베트남,202405,30075,74,7553,310,27,52,0,0,86,38778
베트남,202406,35868,42,9480,603,36,287,0,0,94,47323
베트남,202407,35184,64,9051,180,53,118,0,0,0,45282
베트남,202408,36853,52,8977,194,66,309,0,0,0,47019
베트남,202409,33353,37,9330,261,84,738,0,0,1,44680
베트남,202410,36463,48,10249,891,74,69,0,0,1,48535
베트남,202411,30395,38,8725,342,223,21,0,0,13,40504
베트남,202412,27825,55,7289,292,191,62,0,0,0,36169
베트남,소계,393678,531,99966,4303,1452,2425,0,0,621,511420
미얀마,202401,2219,3,420,17,0,0,0,0,0,5151
미얀마,202402,3324,7,419,14,5,1,0,0,0,5507
미얀마,202403,2720,3,374,25,1,2,0,0,1,5787
미얀마,202404,2013,8,361,13,1,0,0,0,0,5353
미얀마,202405,2611,7,566,17,1,2,0,0,0,6448
미얀마,202406,2173,10,439,13,4,0,0,0,0,6269
미얀마,202407,2149,5,509,5,4,2,0,0,0,6168
미얀마,202408,3375,25,539,8,5,7,0,0,0,8049
미얀마,202409,2414,13,478,13,14,4,0,0,0,7513
미얀마,202410,1794,7,496,8,1,2,0,0,0,6967
미얀마,202411,2018,8,536,29,3,0,0,0,0,6540
미얀마,202412,2107,5,496,21,3,1,0,0,0,6582
미얀마,소계,28917,101,5633,183,42,21,0,0,1,76334
몽골,202401,11048,52,830,241,5,5,0,0,1,12465
몽골,202402,8939,56,838,178,3,5,0,0,0,10036
몽골,202403,9611,27,744,179,5,2,0,0,1,10606
몽골,202404,8536,49,625,199,3,10,0,0,0,9456
몽골,202405,9049,28,1223,334,1,59,0,0,2,10768
몽골,202406,10727,24,930,540,74,158,0,0,16,12578
몽골,202407,10224,36,974,578,98,363,0,0,2,12415
몽골,202408,10217,74,1104,522,520,484,0,0,14,12964
몽골,202409,11896,31,1316,291,337,499,0,0,9,14415
몽골,202410,10462,33,1145,278,385,57,0,0,0,12472
몽골,202411,9578,34,700,238,794,14,0,0,0,11398
몽골,202412,10952,60,819,283,108,14,0,0,0,12329
몽골,소계,121239,504,11248,3861,2333,1670,0,0,45,141902
스리랑카,202401,1918,0,81,2,0,3,0,0,0,2301
스리랑카,202402,1962,3,53,2,0,0,0,0,0,2313
스리랑카,202403,1918,0,77,3,4,0,0,0,0,2435
스리랑카,202404,1494,3,118,2,0,2,0,0,0,1971
스리랑카,202405,2205,3,195,4,15,2,0,0,0,2753
스리랑카,202406,1507,2,98,1,20,0,0,0,0,1977
스리랑카,202407,1860,0,114,5,27,3,0,0,0,2375
스리랑카,202408,2330,2,224,3,45,0,0,0,0,2942
스리랑카,202409,2029,3,224,4,14,5,0,0,0,2786
스리랑카,202410,1422,2,120,5,9,1,0,0,0,2007
스리랑카,202411,1432,4,94,2,38,1,0,0,0,1984
스리랑카,202412,1296,2,193,1,30,0,0,0,0,1822
스리랑카,소계,21373,24,1591,34,202,17,0,0,0,27666
파키스탄,202401,1083,1,62,3,4,1,0,0,0,1212
파키스탄,202402,1470,5,68,1,10,6,0,0,0,1613
파키스탄,202403,1100,5,54,1,1,0,0,0,0,1241
파키스탄,202404,1039,14,53,3,3,4,0,0,0,1177
파키스탄,202405,1154,11,45,2,4,5,0,0,0,1259
파키스탄,202406,1122,10,36,0,2,10,0,0,0,1236
파키스탄,202407,1337,9,42,7,2,1,0,0,0,1472
파키스탄,202408,1623,18,50,1,14,6,0,0,0,1759
파키스탄,202409,1405,11,59,10,14,3,0,0,0,1603
파키스탄,202410,1045,6,33,1,1,5,0,0,0,1134
파키스탄,202411,1006,3,38,2,5,3,0,0,0,1139
파키스탄,202412,911,7,37,1,3,1,0,0,0,997
파키스탄,소계,14295,100,577,32,63,45,0,0,0,15842
방글라데시,202401,1505,2,25,0,0,1,0,0,1,1655
방글라데시,202402,2168,15,32,3,7,2,0,0,0,2311
방글라데시,202403,1822,5,44,8,3,0,0,0,0,2017
방글라데시,202404,1471,2,18,9,2,8,0,0,0,1608
방글라데시,202405,1804,8,43,6,8,1,0,0,0,1975
방글라데시,202406,1238,8,24,1,3,1,0,0,0,1420
방글라데시,202407,1915,40,53,2,3,4,0,0,0,2174
방글라데시,202408,2561,106,163,5,7,15,0,0,0,3008
방글라데시,202409,2219,56,159,3,1,1,0,0,0,2592
방글라데시,202410,1386,78,86,4,5,1,0,0,0,1766
방글라데시,202411,1416,64,71,2,11,2,0,0,0,1735
방글라데시,202412,1168,139,99,2,5,1,0,0,0,1698
방글라데시,소계,20673,523,817,45,55,37,0,0,1,23959
마카오,202401,1329,8,79,146,0,0,0,0,0,1590
마카오,202402,2845,18,165,225,0,0,0,0,0,3411
마카오,202403,3013,19,288,235,0,1,0,0,0,3680
마카오,202404,2462,17,118,149,2,0,0,0,0,2797
마카오,202405,2505,34,161,147,2,0,0,0,0,2917
마카오,202406,2625,31,217,220,1,3,0,0,0,3186
마카오,202407,4967,27,465,270,1,0,0,0,0,5750
마카오,202408,5526,39,509,402,1,3,0,0,0,6532
마카오,202409,2305,17,201,267,2,3,0,0,0,2816
마카오,202410,2895,23,167,204,1,1,0,0,0,3297
마카오,202411,3204,19,191,190,0,0,0,0,0,3610
마카오,202412,4871,48,454,358,1,0,0,0,0,5752
마카오,소계,38547,300,3015,2813,11,11,0,0,0,45338
네팔,202401,3234,6,19,1,4,0,0,0,0,3711
네팔,202402,3105,4,16,3,5,2,0,0,0,3531
네팔,202403,3320,14,14,64,1,0,0,0,2,3889
네팔,202404,1990,11,9,0,2,1,0,0,0,2572
네팔,202405,2260,5,14,1,3,0,0,0,0,2732
네팔,202406,2210,5,18,2,5,5,0,0,0,2680
네팔,202407,2412,1,21,1,1,3,0,0,0,2991
네팔,202408,4238,7,44,2,0,4,0,0,0,4841
네팔,202409,2940,10,19,4,0,6,0,0,0,3680
네팔,202410,2400,6,27,6,1,3,0,0,0,2905
네팔,202411,2985,9,29,4,3,0,0,0,0,3531
네팔,202412,2994,2,28,7,1,1,0,0,0,3444
네팔,소계,34088,80,258,95,26,25,0,0,2,40507
캄보디아,202401,3476,92,39,35,0,0,0,0,0,3642
캄보디아,202402,3822,24,18,10,0,0,0,0,0,3874
캄보디아,202403,4089,21,29,8,1,0,0,0,4,4156
캄보디아,202404,6138,4,73,7,2,0,0,0,0,6270
캄보디아,202405,5174,4,77,10,0,0,0,0,0,5304
캄보디아,202406,2665,12,61,16,3,4,0,0,0,2791
캄보디아,202407,3645,3,68,17,0,0,0,0,0,3735
캄보디아,202408,3085,19,73,11,0,0,0,0,0,3189
캄보디아,202409,2948,8,115,13,2,0,0,0,1,3171
캄보디아,202410,4308,43,169,13,0,0,0,0,0,4536
캄보디아,202411,3305,1,259,6,1,0,0,0,0,3573
캄보디아,202412,3616,6,183,33,5,0,0,0,0,3843
캄보디아,소계,46271,237,1164,179,14,4,0,0,5,48084
브루나이,202401,454,0,2,12,0,0,0,0,0,481
브루나이,202402,473,8,3,0,0,0,0,0,0,488
브루나이,202403,541,4,0,0,0,0,0,0,0,546
브루나이,202404,681,3,10,7,0,0,0,0,0,701
브루나이,202405,442,1,3,0,0,0,0,0,0,446
브루나이,202406,378,0,1,1,0,0,0,0,0,380
브루나이,202407,330,3,15,4,0,0,0,0,0,352
브루나이,202408,589,0,7,0,1,0,0,0,0,597
브루나이,202409,384,1,13,3,0,0,0,0,0,402
브루나이,202410,579,1,7,5,0,0,0,0,0,595
브루나이,202411,767,3,6,2,0,1,0,0,0,780
브루나이,202412,1377,1,43,8,0,0,0,0,0,1444
브루나이,소계,6995,25,110,42,1,1,0,0,0,7212
라오스,202401,739,0,47,7,0,51,0,0,47,892
라오스,202402,982,3,259,1,0,44,0,0,52,1341
라오스,202403,1877,4,33,2,0,8,0,0,2,1926
라오스,202404,3075,1,401,152,3,0,0,0,0,3632
라오스,202405,2129,0,36,1,0,0,0,0,0,2166
라오스,202406,985,0,29,1,2,1,0,0,0,1019
라오스,202407,1334,1,24,1,0,0,0,0,0,1360
라오스,202408,1281,2,26,2,1,1,0,0,0,1313
라오스,202409,1148,2,168,1,9,0,0,0,0,1328
라오스,202410,1440,1,176,2,1,0,0,0,1,1621
라오스,202411,1222,2,220,1,0,0,0,0,7,1452
라오스,202412,1309,31,77,5,2,0,0,0,93,1519
라오스,소계,17521,47,1496,176,18,105,0,0,202,19569
아프가니스탄,202401,22,0,0,0,0,0,0,0,0,22
아프가니스탄,202402,30,0,1,0,0,0,0,0,0,31
아프가니스탄,202403,26,2,2,0,0,0,0,0,0,30
아프가니스탄,202404,35,0,0,0,0,0,0,0,0,35
아프가니스탄,202405,33,0,1,0,0,0,0,0,0,34
아프가니스탄,202406,22,0,0,0,0,0,0,0,0,22
아프가니스탄,202407,27,0,1,0,0,0,0,0,0,28
아프가니스탄,202408,51,0,5,0,0,0,0,0,0,56
아프가니스탄,202409,35,0,0,0,0,0,0,0,0,35
아프가니스탄,202410,29,1,1,0,0,0,0,0,0,31
아프가니스탄,202411,16,0,0,0,0,0,0,0,0,16
아프가니스탄,202412,20,0,0,0,0,0,0,0,0,20
아프가니스탄,소계,346,3,11,0,0,0,0,0,0,360
몰디브,202401,7,0,0,0,0,0,0,0,0,8
몰디브,202402,7,0,1,0,0,0,0,0,0,8
몰디브,202403,5,0,0,0,0,0,0,0,0,5
몰디브,202404,24,0,0,4,0,0,0,0,0,28
몰디브,202405,11,0,2,0,0,0,0,0,0,13
몰디브,202406,9,0,0,0,0,0,0,0,0,9
몰디브,202407,71,0,2,0,0,0,0,0,0,73
몰디브,202408,14,0,14,0,0,0,0,0,0,28
몰디브,202409,29,0,3,1,0,0,0,0,0,33
몰디브,202410,31,0,1,1,0,0,0,0,0,33
몰디브,202411,17,0,3,0,0,0,0,0,0,31
몰디브,202412,27,0,5,0,0,0,0,0,0,32
몰디브,소계,252,0,31,6,0,0,0,0,0,301
티모르,202401,132,0,0,2,0,0,0,0,0,134
티모르,202402,149,0,0,0,0,0,0,0,0,149
티모르,202403,140,0,0,0,0,0,0,0,0,140
티모르,202404,171,0,1,0,0,0,0,0,0,172
티모르,202405,96,0,0,0,0,0,0,0,0,96
티모르,202406,102,0,0,0,0,0,0,0,0,102
티모르,202407,175,0,1,0,0,0,0,0,0,176
티모르,202408,183,0,1,0,0,0,0,0,0,184
티모르,202409,354,0,5,3,0,0,0,0,0,362
티모르,202410,88,1,5,0,0,0,0,0,0,94
티모르,202411,138,0,3,0,0,0,0,0,0,141
티모르,202412,90,0,1,4,0,0,0,0,0,95
티모르,소계,1818,1,17,9,0,0,0,0,0,1845
부탄,202401,26,0,0,1,0,0,0,0,0,27
부탄,202402,28,0,0,0,0,0,0,0,0,28
부탄,202403,49,0,2,0,0,0,0,0,0,53
부탄,202404,37,0,6,0,0,0,0,0,0,48
부탄,202405,55,0,25,0,0,0,0,0,0,83
부탄,202406,45,1,2,0,0,0,0,0,0,51
부탄,202407,25,0,3,0,0,0,0,0,0,28
부탄,202408,39,1,3,1,0,0,0,0,0,45
부탄,202409,65,0,5,0,0,0,0,0,0,71
부탄,202410,55,0,5,0,0,0,0,0,0,77
부탄,202411,59,2,16,1,0,0,0,0,0,90
부탄,202412,32,0,0,0,0,0,0,0,0,32
부탄,소계,515,4,67,3,0,0,0,0,0,633
영령인도양섬,202403,0,0,0,0,0,0,0,0,0,0
영령인도양섬,202404,0,0,0,0,0,0,0,0,0,0
영령인도양섬,202410,0,0,0,0,0,0,0,0,0,0
영령인도양섬,202411,0,0,0,0,0,0,0,0,0,0
영령인도양섬,소계,0,0,0,0,0,0,0,0,0,0
국제연합,202401,37,2,0,0,0,0,0,0,0,39
국제연합,202402,70,5,0,0,0,0,0,0,0,75
국제연합,202403,66,9,0,0,0,0,0,0,0,75
국제연합,202404,73,2,1,0,0,0,0,0,0,76
국제연합,202405,123,4,1,1,0,0,0,0,0,129
국제연합,202406,90,3,3,0,0,0,0,0,0,96
국제연합,202407,82,4,4,0,0,0,0,0,0,90
국제연합,202408,65,4,4,1,0,0,0,0,0,74
국제연합,202409,94,4,8,0,0,0,0,0,0,106
국제연합,202410,135,8,4,1,0,0,0,0,0,148
국제연합,202411,199,6,63,0,0,0,0,0,0,268
국제연합,202412,108,8,14,0,0,0,0,0,0,130
국제연합,소계,1142,59,102,3,0,0,0,0,0,1306
아시아주,소계,8089895,909219,1056837,1096210,108220,55818,0,1930,2499,12864689
우즈베키스탄,202401,4890,49,106,0,1,4,0,0,1,5059
우즈베키스탄,202402,5894,117,93,3,6,1,0,0,1,6121
우즈베키스탄,202403,4576,154,23,1,0,7,0,0,0,4766
우즈베키스탄,202404,3944,56,27,1,0,7,0,0,0,4048
우즈베키스탄,202405,3814,65,9,0,7,12,0,0,0,3910
우즈베키스탄,202406,3807,69,27,0,6,6,0,0,0,3929
우즈베키스탄,202407,4726,165,33,1,6,3,0,0,0,4936
우즈베키스탄,202408,5985,675,31,1,3,12,0,0,0,6738
우즈베키스탄,202409,6854,358,41,1,16,10,0,0,0,7293
우즈베키스탄,202410,4302,164,16,0,4,0,0,0,0,4501
우즈베키스탄,202411,4321,69,20,1,0,1,0,0,0,4414
우즈베키스탄,202412,3729,22,26,0,3,1,0,0,0,3786
우즈베키스탄,소계,56842,1963,452,9,52,64,0,0,2,59501
터키,202401,1960,62,32,2,1,2,0,0,0,2186
터키,202402,1929,43,27,7,2,1,0,0,0,2116
터키,202403,2797,95,75,8,3,2,0,1,0,3289
터키,202404,5677,385,110,9,5,3,0,0,0,6541
터키,202405,3397,164,78,4,7,7,0,0,0,3862
터키,202406,4098,249,62,22,11,7,0,0,0,4716
터키,202407,3817,125,88,31,5,10,0,0,0,4248
터키,202408,4014,78,92,46,5,2,0,0,0,4489
터키,202409,3644,108,70,54,7,1,0,0,0,4147
터키,202410,3849,210,80,21,12,0,0,0,0,4545
터키,202411,3016,139,66,7,6,2,0,0,0,3321
터키,202412,2262,72,30,15,3,1,0,0,0,2567
터키,소계,40460,1730,810,226,67,38,0,1,0,46027
이스라엘,202401,423,14,9,0,1,5,0,0,0,455
이스라엘,202402,354,16,7,0,3,0,0,0,0,386
이스라엘,202403,949,30,29,1,2,0,0,0,0,1072
이스라엘,202404,1451,55,36,15,2,1,0,0,0,1647
이스라엘,202405,1357,63,46,7,6,1,0,0,0,1564
이스라엘,202406,826,24,24,2,0,7,0,0,0,918
이스라엘,202407,1005,19,38,18,23,1,0,0,1,1129
이스라엘,202408,1101,28,43,9,3,3,0,0,2,1242
이스라엘,202409,1476,36,47,10,12,3,0,0,0,1632
이스라엘,202410,2386,41,98,49,0,0,0,0,0,2811
이스라엘,202411,1098,37,58,8,2,2,0,0,0,1363
이스라엘,202412,496,28,28,8,3,0,0,0,3,570
이스라엘,소계,12922,391,463,127,57,23,0,0,6,14789
이란,202401,166,4,1,0,0,0,0,0,0,180
이란,202402,199,3,6,0,0,0,0,0,0,212
이란,202403,417,8,40,34,0,0,0,0,0,499
이란,202404,251,11,16,0,8,0,0,0,0,289
이란,202405,313,2,18,1,4,0,0,0,0,344
이란,202406,315,3,5,2,0,2,0,0,0,328
이란,202407,302,5,10,0,2,0,0,0,0,320
이란,202408,683,8,7,2,2,2,0,0,0,704
이란,202409,419,3,9,0,1,0,0,0,0,435
이란,202410,259,8,8,0,0,1,0,0,0,279
이란,202411,266,1,17,0,0,0,0,0,0,287
이란,202412,168,12,10,0,0,0,0,0,0,191
이란,소계,3758,68,147,39,17,5,0,0,0,4068
카자흐스탄,202401,3784,51,13,2,3,0,0,13,1,3907
카자흐스탄,202402,3634,81,42,4,0,3,0,0,0,3812
카자흐스탄,202403,5181,178,44,1,0,0,0,0,0,5450
카자흐스탄,202404,4185,143,42,3,1,0,0,0,0,4409
카자흐스탄,202405,4117,86,16,5,0,0,0,0,0,4558
카자흐스탄,202406,4128,134,37,4,0,0,0,0,0,4338
카자흐스탄,202407,4946,116,34,2,1,3,0,0,0,5134
카자흐스탄,202408,5843,181,46,13,5,1,0,0,0,6120
카자흐스탄,202409,4648,137,30,10,2,0,0,0,0,4832
카자흐스탄,202410,4823,133,22,4,1,0,0,0,0,5008
카자흐스탄,202411,3960,98,46,3,2,0,0,0,0,4116
카자흐스탄,202412,3089,79,24,3,1,3,0,0,0,3209
카자흐스탄,소계,52338,1417,396,54,16,10,0,13,1,54893
요르단,202401,118,0,0,1,0,0,0,0,0,125
요르단,202402,125,0,2,0,0,0,0,0,0,132
요르단,202403,123,0,3,1,0,0,0,0,0,139
요르단,202404,150,3,4,0,0,0,0,0,0,170
요르단,202405,238,1,4,0,0,0,0,0,0,251
요르단,202406,181,0,0,0,0,0,0,0,0,187
요르단,202407,227,0,6,0,0,0,0,0,0,254
요르단,202408,261,0,4,1,1,0,0,0,0,286
요르단,202409,275,1,1,0,0,0,0,0,0,291
요르단,202410,237,0,9,2,0,0,0,0,0,255
요르단,202411,214,0,2,0,0,0,0,0,0,240
요르단,202412,149,0,6,0,0,0,0,0,0,163
요르단,소계,2298,5,41,5,1,0,0,0,0,2493
사우디아라비아,202401,1061,37,3,0,0,0,0,0,0,1102
사우디아라비아,202402,1193,23,5,0,0,0,0,0,0,1223
사우디아라비아,202403,579,36,7,0,0,0,0,0,0,623
사우디아라비아,202404,2243,44,58,2,0,0,0,0,0,2349
사우디아라비아,202405,1838,31,16,2,1,0,0,0,0,1891
사우디아라비아,202406,3679,72,18,24,0,2,0,0,0,3806
사우디아라비아,202407,3171,86,40,16,0,6,0,0,0,3332
사우디아라비아,202408,1467,26,30,2,0,0,0,0,0,1538
사우디아라비아,202409,1545,39,13,2,0,0,0,0,0,1607
사우디아라비아,202410,1684,39,45,0,0,0,0,0,0,1772
사우디아라비아,202411,2356,47,42,6,1,0,0,0,0,2468
사우디아라비아,202412,914,11,4,7,0,0,0,0,0,940
사우디아라비아,소계,21730,491,281,61,2,8,0,0,0,22651
이라크,202401,139,0,1,0,0,1,0,0,0,142
이라크,202402,229,0,0,0,0,0,0,0,0,230
이라크,202403,161,1,0,0,0,0,0,0,0,163
이라크,202404,187,1,3,0,0,0,0,0,0,193
이라크,202405,168,2,0,0,0,0,0,0,0,170
이라크,202406,191,1,1,0,0,0,0,0,0,193
이라크,202407,246,2,0,0,0,0,0,0,0,248
이라크,202408,239,1,3,0,0,0,0,0,0,245
이라크,202409,173,1,1,0,0,0,0,0,0,175
이라크,202410,298,0,6,0,0,0,0,0,0,304
이라크,202411,195,1,2,0,0,0,0,0,0,201
이라크,202412,128,1,1,0,0,0,0,0,0,130
이라크,소계,2354,11,18,0,0,1,0,0,0,2394
키르기스스탄,202401,610,0,5,0,1,0,0,0,0,622
키르기스스탄,202402,810,12,6,0,0,2,0,0,0,839
키르기스스탄,202403,714,25,2,0,2,4,0,0,0,801
키르기스스탄,202404,747,17,5,0,0,0,0,0,0,816
키르기스스탄,202405,791,10,5,0,1,1,0,0,0,832
키르기스스탄,202406,801,27,2,0,0,3,0,0,0,838
키르기스스탄,202407,854,16,0,0,1,0,0,0,0,872
키르기스스탄,202408,1219,66,3,1,1,1,0,0,0,1291
키르기스스탄,202409,1248,62,5,0,1,1,0,0,0,1317
키르기스스탄,202410,890,29,9,0,1,1,0,0,0,942
키르기스스탄,202411,755,18,9,1,0,1,0,0,0,792
키르기스스탄,202412,691,18,5,0,5,2,0,0,0,729
키르기스스탄,소계,10130,300,56,2,13,16,0,0,0,10691
시리아,202401,169,0,5,0,0,0,0,0,0,177
시리아,202402,191,1,3,0,0,0,0,0,0,203
시리아,202403,183,1,6,0,0,0,0,0,0,243
시리아,202404,168,0,3,0,0,0,0,0,0,236
시리아,202405,182,0,3,0,0,0,0,0,0,204
시리아,202406,165,4,0,0,0,0,0,0,0,182
시리아,202407,165,1,0,0,0,0,0,0,0,169
시리아,202408,194,1,5,0,0,0,0,0,0,217
시리아,202409,198,0,38,0,0,0,0,0,0,263
시리아,202410,230,0,3,0,0,0,0,0,0,233
시리아,202411,126,0,10,0,0,0,0,0,0,169
시리아,202412,118,0,3,0,0,1,0,0,0,123
시리아,소계,2089,8,79,0,0,1,0,0,0,2419
레바논,202401,50,1,0,0,0,0,0,0,0,52
레바논,202402,53,2,2,0,0,0,0,0,0,64
레바논,202403,63,2,1,1,1,0,0,0,0,68
레바논,202404,114,3,1,0,0,0,0,0,0,126
레바논,202405,118,4,2,0,0,0,0,0,0,143
레바논,202406,89,2,1,0,1,0,0,0,0,99
레바논,202407,83,1,1,1,0,0,0,0,0,93
레바논,202408,66,2,1,1,0,0,0,0,0,90
레바논,202409,89,1,1,0,0,0,0,0,0,112
레바논,202410,96,2,3,0,0,0,0,0,0,115
레바논,202411,69,5,7,0,0,0,0,0,0,86
레바논,202412,66,1,4,0,0,0,0,0,0,94
레바논,소계,956,26,24,3,2,0,0,0,0,1142
아랍에미리트연합,202401,460,17,3,0,0,0,0,0,0,488
아랍에미리트연합,202402,531,9,14,0,0,0,0,0,0,559
아랍에미리트연합,202403,237,5,2,0,0,0,0,0,0,247
아랍에미리트연합,202404,932,28,5,3,0,0,0,0,0,968
아랍에미리트연합,202405,848,8,3,0,4,2,0,0,0,1013
아랍에미리트연합,202406,725,12,5,0,0,1,0,0,0,746
아랍에미리트연합,202407,1053,14,6,0,0,0,0,0,0,1079
아랍에미리트연합,202408,663,3,0,1,0,1,0,0,0,672
아랍에미리트연합,202409,587,13,7,0,0,0,0,0,0,609
아랍에미리트연합,202410,800,12,11,1,0,1,0,0,0,828
아랍에미리트연합,202411,742,11,3,0,2,0,0,0,0,769
아랍에미리트연합,202412,932,19,12,0,0,0,0,0,0,968
아랍에미리트연합,소계,8510,151,71,5,6,5,0,0,0,8946
쿠웨이트,202401,348,12,2,0,0,0,0,0,0,364
쿠웨이트,202402,218,9,0,0,0,0,0,0,0,228
쿠웨이트,202403,70,3,0,0,0,0,0,0,0,73
쿠웨이트,202404,431,4,4,0,0,0,0,0,0,441
쿠웨이트,202405,288,10,2,0,0,0,0,0,0,300
쿠웨이트,202406,499,15,7,0,0,0,0,0,0,522
쿠웨이트,202407,383,9,1,2,0,0,0,0,0,395
쿠웨이트,202408,744,3,0,7,2,0,0,0,0,757
쿠웨이트,202409,316,0,0,0,1,0,0,0,0,317
쿠웨이트,202410,438,13,1,0,0,0,0,0,0,452
쿠웨이트,202411,297,7,7,0,0,0,0,0,0,311
쿠웨이트,202412,200,0,2,0,0,0,0,0,0,206
쿠웨이트,소계,4232,85,26,9,3,0,0,0,0,4366
예멘공화국,202401,50,0,0,0,1,0,0,0,0,51
예멘공화국,202402,84,2,0,0,1,0,0,0,0,87
예멘공화국,202403,34,0,0,0,0,0,0,0,0,34
예멘공화국,202404,80,0,2,1,0,0,0,0,0,83
예멘공화국,202405,60,0,0,0,0,0,0,0,0,60
예멘공화국,202406,59,0,1,0,0,0,0,0,0,60
예멘공화국,202407,94,1,4,0,0,0,0,0,0,99
예멘공화국,202408,99,0,2,1,0,0,0,0,0,102
예멘공화국,202409,96,0,0,2,0,0,0,0,0,98
예멘공화국,202410,83,2,2,4,0,0,0,0,0,91
예멘공화국,202411,73,2,4,0,1,0,0,0,0,80
예멘공화국,202412,43,0,3,1,0,0,0,0,0,47
예멘공화국,소계,855,7,18,9,3,0,0,0,0,892
오만,202401,68,1,0,0,0,0,0,0,0,71
오만,202402,56,0,1,0,0,0,0,0,0,57
오만,202403,29,0,2,1,0,0,0,0,0,32
오만,202404,142,1,2,0,0,0,0,0,0,145
오만,202405,126,0,3,0,0,0,0,0,0,130
오만,202406,192,1,1,0,0,0,0,0,0,196
오만,202407,226,10,0,0,0,0,0,0,0,239
오만,202408,181,5,3,0,0,0,0,0,0,191
오만,202409,190,0,5,4,0,1,0,0,0,202
오만,202410,177,1,5,0,0,0,0,0,0,184
오만,202411,153,9,3,0,0,0,0,0,0,165
오만,202412,109,0,3,0,0,0,0,0,0,112
오만,소계,1649,28,28,5,0,1,0,0,0,1724
타지키스탄,202401,437,2,2,0,0,0,0,0,0,441
타지키스탄,202402,530,11,1,0,1,0,0,0,0,543
타지키스탄,202403,475,5,0,0,2,0,0,0,0,483
타지키스탄,202404,472,0,0,0,1,0,0,0,0,478
타지키스탄,202405,438,2,0,0,0,0,0,0,0,442
타지키스탄,202406,424,4,3,2,1,0,0,0,0,434
타지키스탄,202407,486,1,1,0,0,0,0,0,0,488
타지키스탄,202408,503,7,0,1,2,0,0,0,0,513
타지키스탄,202409,544,3,1,0,5,0,0,0,0,554
타지키스탄,202410,834,3,4,0,4,0,0,0,0,849
타지키스탄,202411,466,0,1,0,6,0,0,0,0,473
타지키스탄,202412,394,15,5,1,2,0,0,0,0,422
타지키스탄,소계,6003,53,18,4,24,0,0,0,0,6120
바레인,202401,39,0,0,0,0,0,0,0,0,39
바레인,202402,38,1,3,0,0,0,0,0,0,42
바레인,202403,24,0,1,0,0,0,0,0,0,25
바레인,202404,100,4,5,3,0,0,0,0,0,112
바레인,202405,105,2,3,0,0,0,0,0,0,110
바레인,202406,58,0,0,0,0,0,0,0,0,59
바레인,202407,51,12,0,0,0,0,0,0,0,64
바레인,202408,53,3,0,0,0,0,0,0,0,56
바레인,202409,86,0,0,0,0,0,0,0,0,86
바레인,202410,187,9,0,1,0,0,0,0,0,200
바레인,202411,48,2,2,0,0,0,0,0,0,52
바레인,202412,40,2,1,0,0,0,0,0,0,43
바레인,소계,829,35,15,4,0,0,0,0,0,888
투르크메니스탄,202401,45,0,4,0,0,0,0,0,0,52
투르크메니스탄,202402,55,2,1,1,0,0,0,0,0,61
투르크메니스탄,202403,63,5,4,1,1,0,0,0,0,74
투르크메니스탄,202404,87,3,0,3,1,0,0,0,0,96
투르크메니스탄,202405,66,3,2,0,0,0,0,0,0,76
투르크메니스탄,202406,72,4,0,1,0,0,0,0,0,79
투르크메니스탄,202407,82,2,3,0,0,0,0,0,0,89
투르크메니스탄,202408,120,8,2,2,0,0,0,0,0,138
투르크메니스탄,202409,96,0,6,2,0,0,0,0,0,111
투르크메니스탄,202410,60,4,5,0,0,0,0,0,0,70
투르크메니스탄,202411,77,4,0,0,0,0,0,0,0,81
투르크메니스탄,202412,62,4,1,0,0,0,0,0,0,68
투르크메니스탄,소계,885,39,28,10,2,0,0,0,0,995
팔레스타인,202401,8,0,2,0,0,0,0,0,0,10
팔레스타인,202402,8,0,0,0,0,0,0,0,0,8
팔레스타인,202403,8,0,0,0,0,0,0,0,0,8
팔레스타인,202404,18,1,0,0,0,0,0,0,0,19
팔레스타인,202405,18,0,0,1,0,0,0,0,0,19
팔레스타인,202406,7,0,1,0,0,0,0,0,0,8
팔레스타인,202407,27,0,0,0,0,0,0,0,0,27
팔레스타인,202408,22,0,0,0,0,0,0,0,0,22
팔레스타인,202409,54,1,0,0,0,0,0,0,0,55
팔레스타인,202410,40,0,0,0,0,0,0,0,0,40
팔레스타인,202411,24,0,0,0,0,0,0,0,0,24
팔레스타인,202412,18,0,0,0,0,0,0,0,0,18
팔레스타인,소계,252,2,3,1,0,0,0,0,0,258
키프로스,202401,45,3,4,1,0,0,0,0,0,61
키프로스,202402,24,4,5,0,0,0,0,0,0,41
키프로스,202403,93,4,4,3,0,0,0,0,0,122
키프로스,202404,121,6,11,0,0,0,0,0,0,149
키프로스,202405,73,0,7,1,0,0,0,0,0,87
키프로스,202406,68,1,3,0,0,2,0,0,0,82
키프로스,202407,66,1,7,0,0,0,0,0,0,81
키프로스,202408,105,3,13,4,0,0,0,0,0,149
키프로스,202409,100,9,5,2,0,0,0,0,0,127
키프로스,202410,102,6,5,2,0,0,0,0,0,129
키프로스,202411,80,2,5,1,0,0,0,0,0,96
키프로스,202412,50,3,3,0,0,0,0,0,0,57
키프로스,소계,927,42,72,14,0,2,0,0,0,1181
카타르,202401,84,7,5,0,0,0,0,0,0,96
카타르,202402,78,3,4,0,0,0,0,0,0,85
카타르,202403,30,3,1,0,0,0,0,0,0,34
카타르,202404,368,13,3,0,0,0,0,0,0,384
카타르,202405,175,12,5,0,0,0,0,0,0,192
카타르,202406,264,5,8,0,0,0,0,0,0,277
카타르,202407,245,16,7,0,0,0,0,0,0,275
카타르,202408,209,2,5,0,0,0,0,0,0,216
카타르,202409,164,0,5,0,0,0,0,0,0,169
카타르,202410,233,10,8,0,0,0,0,0,0,253
카타르,202411,154,21,15,2,0,0,0,0,0,192
카타르,202412,195,14,1,1,0,0,0,0,0,211
카타르,소계,2199,106,67,3,0,0,0,0,0,2384
중동,소계,232218,6958,3113,590,265,174,0,14,9,248822
미국,202401,55862,2408,1687,210,245,79,0,1,4,61754
미국,202402,55233,2267,1666,387,269,83,0,1,4,62607
미국,202403,102564,4109,3249,528,505,146,0,7,12,119955
미국,202404,100190,5585,3685,577,410,112,0,5,4,122728
미국,202405,106527,5032,3652,487,568,133,0,0,8,122694
미국,202406,130306,7522,5221,758,476,221,0,0,2,151721
미국,202407,102642,5261,4099,878,444,197,0,0,2,120874
미국,202408,88272,3851,3019,752,360,135,0,0,2,102057
미국,202409,97764,3459,3449,739,392,156,0,0,12,109695
미국,202410,121202,5093,4667,762,505,147,0,0,6,141152
미국,202411,97602,4394,3651,494,423,100,0,0,7,108982
미국,202412,86088,4394,2935,369,482,137,0,5,19,95889
미국,소계,1144252,53375,40980,6941,5079,1646,0,19,82,1320108
캐나다,202401,12456,452,329,67,20,14,0,0,6,13400
캐나다,202402,12404,359,322,102,31,22,0,0,5,13679
캐나다,202403,19854,591,537,160,73,38,0,4,0,23062
캐나다,202404,20442,751,707,198,63,22,0,0,0,24852
캐나다,202405,21355,763,795,257,62,24,0,0,1,24823
캐나다,202406,17830,623,615,220,29,42,0,0,5,20378
캐나다,202407,21151,601,816,274,63,29,0,0,1,23899
캐나다,202408,19801,591,582,312,43,43,0,0,0,22742
캐나다,202409,20645,522,643,282,67,41,0,0,0,22871
캐나다,202410,24055,791,935,309,75,29,0,0,2,28986
캐나다,202411,17016,637,697,176,43,26,0,0,0,18965
캐나다,202412,15235,567,546,156,50,27,0,0,8,16675
캐나다,소계,222244,7248,7524,2513,619,357,0,4,28,254332
브라질,202401,1506,86,102,11,4,0,0,0,0,1855
브라질,202402,1297,74,148,3,2,0,0,0,0,1664
브라질,202403,2390,157,124,12,0,4,0,0,0,3014
브라질,202404,2647,213,218,18,3,3,0,0,0,3524
브라질,202405,2427,128,133,22,8,3,0,0,0,3025
브라질,202406,1935,77,118,20,3,2,0,0,1,2441
브라질,202407,2193,129,110,20,3,4,0,0,0,2696
브라질,202408,1894,84,169,27,10,8,0,0,0,2438
브라질,202409,2197,142,127,18,5,5,0,0,0,2759
브라질,202410,3434,203,151,17,1,4,0,0,0,4174
브라질,202411,2466,164,242,18,11,0,0,0,0,3107
브라질,202412,2162,145,175,13,7,2,0,0,0,2595
브라질,소계,26548,1602,1817,199,57,35,0,0,1,33292
멕시코,202401,1097,47,37,5,6,1,0,0,1,1228
멕시코,202402,1164,31,55,3,3,3,0,0,0,1319
멕시코,202403,2419,96,77,15,11,3,0,0,0,3066
멕시코,202404,2029,179,88,2,12,2,0,0,0,2927
멕시코,202405,1957,113,64,4,12,2,0,0,0,2443
멕시코,202406,1895,123,87,10,6,4,0,0,0,2549
멕시코,202407,2516,221,144,6,4,2,0,0,0,3901
멕시코,202408,6939,150,143,21,10,11,0,0,0,8176
멕시코,202409,7657,144,190,20,7,8,0,0,0,8333
멕시코,202410,9234,162,256,17,9,6,0,0,0,10446
멕시코,202411,7380,178,196,8,12,2,0,0,0,8013
멕시코,202412,5130,162,134,3,3,0,0,0,0,5487
멕시코,소계,49417,1606,1471,114,95,44,0,0,1,57888
칠레,202401,366,16,8,0,0,0,0,0,0,398
칠레,202402,453,50,26,2,0,0,0,0,0,561
칠레,202403,474,31,19,2,0,2,0,0,0,595
칠레,202404,576,60,25,4,2,1,0,0,0,782
칠레,202405,581,64,22,2,3,2,0,0,0,762
칠레,202406,367,15,8,6,1,1,0,0,0,457
칠레,202407,350,23,23,2,0,1,0,0,0,450
칠레,202408,449,31,28,3,0,5,0,0,0,556
칠레,202409,609,55,55,6,5,1,0,0,0,776
칠레,202410,619,36,35,11,0,0,0,0,0,779
칠레,202411,529,48,32,0,1,0,0,0,0,644
칠레,202412,220,25,21,0,2,0,0,0,0,275
칠레,소계,5593,454,302,38,14,13,0,0,0,7035
아르헨티나,202401,359,36,13,2,0,2,0,0,0,430
아르헨티나,202402,328,17,11,7,0,3,0,0,0,376
아르헨티나,202403,551,18,24,5,0,0,0,0,0,700
아르헨티나,202404,603,60,15,1,1,0,0,0,0,839
아르헨티나,202405,554,28,23,7,0,0,0,0,0,701
아르헨티나,202406,336,24,19,1,1,0,0,0,0,482
아르헨티나,202407,399,20,17,3,1,1,0,0,0,552
아르헨티나,202408,400,19,11,4,1,0,0,0,0,578
아르헨티나,202409,621,29,20,3,0,1,0,0,0,773
아르헨티나,202410,650,38,32,2,1,0,0,0,0,897
아르헨티나,202411,391,34,34,3,3,2,0,0,0,517
아르헨티나,202412,327,12,14,2,0,1,0,0,0,391
아르헨티나,소계,5519,335,233,40,8,10,0,0,0,7236
콜롬비아,202401,312,11,15,5,1,0,0,0,0,358
콜롬비아,202402,370,4,19,4,0,0,0,0,0,421
콜롬비아,202403,680,17,30,3,1,0,0,0,0,913
콜롬비아,202404,766,52,42,1,2,2,0,0,0,1092
콜롬비아,202405,875,40,22,1,3,0,0,0,0,1143
콜롬비아,202406,697,19,33,7,0,0,0,0,0,897
콜롬비아,202407,746,20,32,15,1,0,0,0,0,942
콜롬비아,202408,724,12,30,4,4,1,0,0,0,912
콜롬비아,202409,1035,25,32,8,2,1,0,0,0,1263
콜롬비아,202410,1239,83,82,9,2,0,0,0,0,1614
콜롬비아,202411,922,47,23,3,0,0,0,0,0,1092
콜롬비아,202412,618,23,24,1,0,0,0,0,1,727
콜롬비아,소계,8984,353,384,61,16,4,0,0,1,11374
페루,202401,234,8,9,1,0,0,0,0,0,256
페루,202402,257,12,15,5,0,0,0,0,0,301
페루,202403,387,9,15,0,0,0,0,0,0,562
페루,202404,423,9,17,4,1,3,0,0,0,617
페루,202405,361,17,10,1,1,0,0,0,0,481
페루,202406,366,18,24,2,1,0,0,0,0,522
페루,202407,363,7,13,4,0,0,0,0,0,466
페루,202408,391,11,13,9,0,0,0,0,0,503
페루,202409,452,18,7,0,0,10,0,0,0,585
페루,202410,453,13,24,4,0,0,0,0,0,581
페루,202411,354,10,24,1,0,0,0,0,0,407
페루,202412,302,8,11,1,1,0,0,0,0,342
페루,소계,4343,140,182,32,4,13,0,0,0,5623
베네수엘라,202401,90,0,5,3,0,0,0,0,0,99
베네수엘라,202402,95,1,2,0,1,0,0,0,0,106
베네수엘라,202403,155,4,2,1,0,0,0,0,0,197
베네수엘라,202404,160,6,4,1,0,0,0,0,0,196
베네수엘라,202405,146,5,2,8,1,0,0,0,0,176
베네수엘라,202406,117,3,0,2,0,0,0,0,0,138
베네수엘라,202407,124,5,1,3,0,0,0,0,0,154
베네수엘라,202408,144,3,4,3,0,0,0,0,0,176
베네수엘라,202409,174,7,13,0,1,0,0,0,0,208
베네수엘라,202410,186,13,7,1,0,0,0,0,0,229
베네수엘라,202411,126,3,10,0,0,0,0,0,0,147
베네수엘라,202412,92,1,3,2,1,0,0,0,0,103
베네수엘라,소계,1609,51,53,24,4,0,0,0,0,1929
에콰도르,202401,84,3,2,0,0,0,0,0,0,89
에콰도르,202402,132,2,9,2,0,0,0,0,0,148
에콰도르,202403,204,7,4,0,1,0,0,0,0,233
에콰도르,202404,273,6,30,5,0,0,0,0,0,334
에콰도르,202405,218,12,5,4,0,0,0,0,0,246
에콰도르,202406,173,3,4,1,0,0,0,0,0,185
에콰도르,202407,275,3,12,2,0,0,0,0,0,302
에콰도르,202408,232,6,7,1,0,1,0,0,0,262
에콰도르,202409,337,3,4,0,0,0,0,0,0,350
에콰도르,202410,417,12,10,3,0,0,0,0,0,463
에콰도르,202411,212,4,10,0,0,0,0,0,0,227
에콰도르,202412,117,3,2,1,0,0,0,0,0,124
에콰도르,소계,2674,64,99,19,1,1,0,0,0,2963
엘살바도르,202401,35,4,3,0,0,0,0,0,0,42
엘살바도르,202402,41,4,4,0,0,0,0,0,0,49
엘살바도르,202403,62,4,5,0,1,0,0,0,0,87
엘살바도르,202404,72,3,0,0,0,0,0,0,0,108
엘살바도르,202405,58,2,4,0,0,0,0,0,0,70
엘살바도르,202406,66,3,4,0,0,0,0,0,0,83
엘살바도르,202407,94,2,9,0,0,0,0,0,0,113
엘살바도르,202408,128,5,6,0,0,0,0,0,0,155
엘살바도르,202409,119,1,1,0,0,0,0,0,0,132
엘살바도르,202410,64,1,3,0,0,0,0,0,0,86
엘살바도르,202411,53,2,3,0,0,0,0,0,0,58
엘살바도르,202412,50,0,6,0,0,0,0,0,0,56
엘살바도르,소계,842,31,48,0,1,0,0,0,0,1039
코스타리카,202401,70,7,2,0,0,0,0,0,0,86
코스타리카,202402,76,10,7,1,0,0,0,0,0,102
코스타리카,202403,168,12,7,0,0,0,0,0,0,231
코스타리카,202404,231,56,3,2,0,0,0,0,0,333
코스타리카,202405,145,12,5,1,0,1,0,0,0,187
코스타리카,202406,76,9,7,1,0,0,0,0,0,102
코스타리카,202407,108,2,10,1,0,0,0,0,0,125
코스타리카,202408,123,2,2,0,0,0,0,0,0,141
코스타리카,202409,225,4,13,1,0,0,0,0,0,250
코스타리카,202410,255,4,7,3,2,0,0,0,0,319
코스타리카,202411,199,32,14,2,0,0,0,0,0,256
코스타리카,202412,94,4,4,0,0,0,0,0,0,109
코스타리카,소계,1770,154,81,12,2,1,0,0,0,2241
파라과이,202401,45,3,3,1,1,2,0,0,0,55
파라과이,202402,35,3,1,2,0,0,0,0,0,41
파라과이,202403,31,1,2,0,0,0,0,0,0,35
파라과이,202404,91,0,2,0,0,0,0,0,0,93
파라과이,202405,63,1,5,0,0,0,0,0,0,71
파라과이,202406,77,1,7,0,0,0,0,0,0,85
파라과이,202407,86,0,5,0,0,0,0,0,0,91
파라과이,202408,59,1,4,0,1,0,0,0,0,69
파라과이,202409,53,0,3,0,0,1,0,0,0,57
파라과이,202410,134,3,8,0,0,1,0,0,0,147
파라과이,202411,49,0,1,0,2,0,0,0,0,52
파라과이,202412,39,2,5,0,2,0,0,0,0,50
파라과이,소계,762,15,46,3,6,4,0,0,0,846
과테말라,202401,36,1,6,1,1,1,0,0,0,58
과테말라,202402,45,3,1,0,0,0,0,0,0,58
과테말라,202403,90,3,3,0,1,0,0,0,0,125
과테말라,202404,106,4,3,1,1,0,0,0,0,175
과테말라,202405,89,11,7,0,0,0,0,0,0,139
과테말라,202406,123,6,0,0,0,0,0,0,0,181
과테말라,202407,86,2,2,0,0,0,0,0,0,140
과테말라,202408,92,2,6,0,0,0,0,0,0,126
과테말라,202409,143,2,4,1,0,0,0,0,0,169
과테말라,202410,185,9,6,2,0,0,0,0,0,249
과테말라,202411,146,3,10,0,2,0,0,0,0,176
과테말라,202412,72,9,1,0,0,0,0,0,0,84
과테말라,소계,1213,55,49,5,5,1,0,0,0,1680
파나마,202401,51,0,3,0,1,0,0,0,0,61
파나마,202402,61,2,4,0,1,0,0,0,0,75
파나마,202403,84,1,11,0,0,0,0,0,0,133
파나마,202404,93,13,9,0,0,0,0,0,0,144
파나마,202405,66,5,15,0,0,0,0,0,0,95
파나마,202406,76,5,2,2,0,0,0,0,0,102
파나마,202407,111,0,1,0,0,0,0,0,0,149
파나마,202408,60,3,3,0,1,0,0,0,0,83
파나마,202409,94,3,4,2,0,0,0,0,0,107
파나마,202410,145,6,1,0,0,0,0,0,0,204
파나마,202411,109,8,10,0,0,0,0,0,0,159
파나마,202412,30,8,5,0,0,0,0,0,0,48
파나마,소계,980,54,68,4,3,0,0,0,0,1360
영령버진아일랜드,202405,0,0,0,0,0,0,0,0,0,0
영령버진아일랜드,소계,0,0,0,0,0,0,0,0,0,0
쿠바,202401,5,0,0,0,0,0,0,0,0,5
쿠바,202402,15,0,1,0,0,0,0,0,0,16
쿠바,202403,7,0,0,0,0,0,0,0,0,7
쿠바,202404,9,0,0,0,0,0,0,0,0,9
쿠바,202405,12,0,0,0,0,0,0,0,0,12
쿠바,202406,21,0,0,0,0,0,0,0,0,69
쿠바,202407,6,0,0,0,0,0,0,0,0,6
쿠바,202408,48,0,1,0,0,0,0,0,0,49
쿠바,202409,8,1,0,0,0,0,0,0,0,11
쿠바,202410,51,0,1,0,0,0,0,0,0,56
쿠바,202411,8,0,0,0,0,0,0,0,0,11
쿠바,202412,7,1,0,0,0,0,0,0,0,8
쿠바,소계,197,2,3,0,0,0,0,0,0,259
볼리비아,202401,45,0,0,4,0,0,0,0,0,49
볼리비아,202402,19,0,1,0,0,0,0,0,0,21
볼리비아,202403,23,1,0,0,0,0,0,0,0,25
볼리비아,202404,46,0,0,0,0,0,0,0,0,56
볼리비아,202405,28,1,1,1,0,0,0,0,0,31
볼리비아,202406,51,3,0,0,0,1,0,0,0,55
볼리비아,202407,16,1,5,0,0,0,0,0,0,22
볼리비아,202408,62,1,0,2,0,0,0,0,0,67
볼리비아,202409,93,0,0,0,0,0,0,0,0,94
볼리비아,202410,36,0,2,2,0,0,0,0,0,42
볼리비아,202411,41,2,0,0,0,0,0,0,0,43
볼리비아,202412,31,0,0,1,0,0,0,0,0,33
볼리비아,소계,491,9,9,10,0,1,0,0,0,538
도미니카공화국,202401,73,4,2,0,0,0,0,0,0,79
도미니카공화국,202402,88,0,2,0,1,0,0,0,0,95
도미니카공화국,202403,131,5,5,0,0,0,0,0,0,189
도미니카공화국,202404,121,12,5,0,1,0,0,0,0,201
도미니카공화국,202405,101,2,0,0,0,0,0,0,0,123
도미니카공화국,202406,104,2,13,0,0,0,0,0,0,143
도미니카공화국,202407,82,7,5,0,1,0,0,0,0,104
도미니카공화국,202408,127,6,5,0,0,0,0,0,0,215
도미니카공화국,202409,142,2,3,0,1,2,0,0,0,157
도미니카공화국,202410,161,3,6,0,0,0,0,0,0,190
도미니카공화국,202411,95,3,10,0,0,0,0,0,0,114
도미니카공화국,202412,68,2,1,0,0,2,0,0,0,73
도미니카공화국,소계,1293,48,57,0,4,4,0,0,0,1683
온두라스,202401,17,0,0,0,0,0,0,0,0,26
온두라스,202402,31,0,0,0,0,0,0,0,0,42
온두라스,202403,30,0,5,0,0,0,0,0,0,198
온두라스,202404,70,1,0,0,0,0,0,0,0,213
온두라스,202405,49,2,3,1,0,0,0,0,0,125
온두라스,202406,52,0,13,0,0,0,0,0,0,133
온두라스,202407,71,2,1,0,0,1,0,0,0,128
온두라스,202408,79,1,0,3,0,0,0,0,0,138
온두라스,202409,96,2,7,0,0,0,0,0,0,193
온두라스,202410,83,3,6,0,0,0,0,0,0,174
온두라스,202411,79,3,3,2,0,0,0,0,0,110
온두라스,202412,37,2,0,0,0,0,0,0,0,57
온두라스,소계,694,16,38,6,0,1,0,0,0,1537
자메이카,202401,46,1,0,0,1,0,0,0,0,48
자메이카,202402,40,1,1,1,1,0,0,0,0,46
자메이카,202403,56,8,2,0,1,0,0,0,0,203
자메이카,202404,49,2,2,2,0,0,0,0,0,172
자메이카,202405,53,2,0,0,0,0,0,0,0,110
자메이카,202406,57,1,1,0,0,0,0,0,0,121
자메이카,202407,101,1,2,0,0,0,0,0,0,137
자메이카,202408,86,0,7,0,0,1,0,0,0,140
자메이카,202409,78,2,7,1,1,0,0,0,0,122
자메이카,202410,84,0,5,0,0,0,0,0,0,158
자메이카,202411,77,3,8,0,0,0,0,0,0,95
자메이카,202412,43,1,1,2,0,0,0,0,0,52
자메이카,소계,770,22,36,6,4,1,0,0,0,1404
우루과이,202401,26,0,0,0,0,0,0,0,0,35
우루과이,202402,35,0,0,0,0,0,0,0,0,42
우루과이,202403,93,2,0,0,0,0,0,0,0,128
우루과이,202404,66,18,4,0,0,0,0,0,0,116
우루과이,202405,69,1,0,0,0,0,0,0,0,94
우루과이,202406,31,8,2,0,0,0,0,0,0,64
우루과이,202407,28,199,1,1,0,0,0,0,0,254
우루과이,202408,40,0,2,0,0,0,0,0,0,59
우루과이,202409,31,0,0,0,0,0,0,0,0,53
우루과이,202410,74,4,2,0,0,0,0,0,0,100
우루과이,202411,34,2,0,1,0,0,0,0,0,45
우루과이,202412,34,2,1,0,0,0,0,0,0,51
우루과이,소계,561,236,12,2,0,0,0,0,0,1041
트리니다드토바고,202401,17,1,0,0,0,0,0,0,0,18
트리니다드토바고,202402,8,1,1,0,0,0,0,0,0,10
트리니다드토바고,202403,24,2,3,0,0,0,0,0,0,71
트리니다드토바고,202404,33,1,0,0,0,0,0,0,0,60
트리니다드토바고,202405,33,1,0,1,1,0,0,0,0,47
트리니다드토바고,202406,30,1,2,0,0,0,0,0,0,45
트리니다드토바고,202407,37,2,0,0,0,0,0,0,0,43
트리니다드토바고,202408,47,1,0,0,0,0,0,0,0,63
트리니다드토바고,202409,47,2,2,0,0,0,0,0,0,61
트리니다드토바고,202410,48,2,2,0,0,0,0,0,0,78
트리니다드토바고,202411,61,3,5,0,0,0,0,0,0,69
트리니다드토바고,202412,12,0,4,0,0,0,0,0,0,18
트리니다드토바고,소계,397,17,19,1,1,0,0,0,0,583
벨리즈,202401,1,0,0,0,0,0,0,0,0,1
벨리즈,202402,8,0,0,0,0,0,0,0,0,8
벨리즈,202403,4,0,0,0,0,0,0,0,0,11
벨리즈,202404,3,0,0,0,0,0,0,0,0,5
벨리즈,202405,1,0,0,0,0,0,0,0,0,1
벨리즈,202406,10,0,0,0,0,0,0,0,0,10
벨리즈,202407,9,0,0,1,0,0,0,0,0,10
벨리즈,202408,6,0,0,0,0,0,0,0,0,6
벨리즈,202409,4,0,0,0,0,0,0,0,0,4
벨리즈,202410,5,0,0,0,0,0,0,0,0,5
벨리즈,202411,5,1,2,0,0,0,0,0,0,8
벨리즈,202412,3,0,0,0,0,0,0,0,0,3
벨리즈,소계,59,1,2,1,0,0,0,0,0,72
니카라과,202401,5,0,0,0,0,0,0,0,0,5
니카라과,202402,12,1,2,0,0,0,0,0,0,17
니카라과,202403,19,0,3,0,0,0,0,0,0,87
니카라과,202404,31,0,1,1,0,0,0,0,0,52
니카라과,202405,21,1,0,0,0,0,0,0,0,40
니카라과,202406,15,0,0,0,0,0,0,0,0,34
니카라과,202407,16,0,0,0,0,0,0,0,0,56
니카라과,202408,26,0,1,0,0,0,0,0,0,72
니카라과,202409,37,1,0,0,0,0,0,0,0,40
니카라과,202410,29,0,3,0,0,0,0,0,0,38
니카라과,202411,16,0,4,0,0,0,0,0,0,23
니카라과,202412,8,0,1,0,0,0,0,0,0,9
니카라과,소계,235,3,15,1,0,0,0,0,0,473
수리남,202401,0,1,0,0,0,0,0,0,0,1
수리남,202402,7,0,0,0,0,0,0,0,0,9
수리남,202403,7,0,0,0,0,0,0,0,0,9
수리남,202404,7,0,0,1,0,0,0,0,0,10
수리남,202405,6,0,0,0,0,0,0,0,0,6
수리남,202406,5,0,0,0,0,0,0,0,0,7
수리남,202407,10,0,0,0,0,0,0,0,0,11
수리남,202408,4,0,0,0,0,0,0,0,0,4
수리남,202409,8,4,1,1,0,0,0,0,0,14
수리남,202410,9,0,1,0,0,0,0,0,0,16
수리남,202411,2,0,0,0,0,0,0,0,0,2
수리남,202412,5,0,1,1,0,0,0,0,0,7
수리남,소계,70,5,3,3,0,0,0,0,0,96
바하마,202401,0,0,0,1,0,0,0,0,0,3
바하마,202402,3,0,0,0,0,0,0,0,0,3
바하마,202403,5,0,0,0,0,0,0,0,0,6
바하마,202404,5,0,0,0,0,0,0,0,0,7
바하마,202405,5,0,0,0,0,0,0,0,0,6
바하마,202406,4,0,0,0,0,0,0,0,0,4
바하마,202407,15,0,0,1,0,0,0,0,0,17
바하마,202408,9,2,2,1,0,0,0,0,0,15
바하마,202409,20,0,3,2,0,0,0,0,0,25
바하마,202410,26,0,2,0,0,0,0,0,0,32
바하마,202411,13,0,3,0,0,0,0,0,0,17
바하마,202412,10,4,0,0,0,0,0,0,0,14
바하마,소계,115,6,10,5,0,0,0,0,0,149
도미니카연방,202401,15,0,1,0,1,0,0,0,0,17
도미니카연방,202402,15,0,1,0,0,0,0,0,0,16
도미니카연방,202403,52,0,1,1,1,0,0,0,0,57
도미니카연방,202404,41,0,3,0,0,0,0,0,0,50
도미니카연방,202405,50,0,1,0,0,0,0,0,0,58
도미니카연방,202406,33,0,0,0,0,0,0,0,0,33
도미니카연방,202407,49,2,0,0,1,0,0,0,0,52
도미니카연방,202408,54,4,0,2,0,0,0,0,0,60
도미니카연방,202409,54,0,5,1,0,0,0,0,0,61
도미니카연방,202410,60,0,1,0,0,0,0,0,0,61
도미니카연방,202411,41,2,2,3,1,0,0,0,0,49
도미니카연방,202412,37,4,3,0,0,0,0,0,0,44
도미니카연방,소계,501,12,18,7,4,0,0,0,0,558
바베이도스,202401,0,0,0,0,0,0,0,0,0,0
바베이도스,202402,5,1,0,0,0,0,0,0,0,6
바베이도스,202403,6,0,0,0,0,0,0,0,0,12
바베이도스,202404,2,0,0,0,0,0,0,0,0,8
바베이도스,202405,5,0,0,0,1,0,0,0,0,9
바베이도스,202406,12,0,0,0,0,0,0,0,0,13
바베이도스,202407,9,0,0,0,0,0,0,0,0,13
바베이도스,202408,11,0,0,1,0,0,0,0,0,15
바베이도스,202409,17,1,0,0,0,0,0,0,0,19
바베이도스,202410,6,0,0,0,0,0,0,0,0,13
바베이도스,202411,7,0,5,0,0,0,0,0,0,12
바베이도스,202412,12,0,0,0,0,0,0,0,0,12
바베이도스,소계,92,2,5,1,1,0,0,0,0,132
아이티,202401,2,0,0,0,0,0,0,0,0,3
아이티,202402,6,0,0,0,0,1,0,0,0,8
아이티,202403,3,0,0,0,0,0,0,0,0,11
아이티,202404,8,0,0,0,0,0,0,0,0,8
아이티,202405,6,0,0,0,0,0,0,0,0,6
아이티,202406,10,2,0,0,0,0,0,0,0,12
아이티,202407,7,0,0,0,0,0,0,0,0,7
아이티,202408,14,3,0,0,0,0,0,0,0,17
아이티,202409,13,0,0,0,0,0,0,0,0,14
아이티,202410,16,0,0,0,0,0,0,0,0,16
아이티,202411,4,1,0,0,0,0,0,0,0,5
아이티,202412,6,0,0,0,0,0,0,0,0,6
아이티,소계,95,6,0,0,0,1,0,0,0,113
그레나다,202401,9,0,0,0,0,0,0,0,0,13
그레나다,202402,11,0,0,0,0,0,0,0,0,12
그레나다,202403,16,1,0,1,0,0,0,0,0,30
그레나다,202404,19,0,1,0,0,0,0,0,0,20
그레나다,202405,19,2,0,0,0,0,0,0,0,27
그레나다,202406,27,1,0,0,0,0,0,0,0,44
그레나다,202407,20,1,0,0,0,0,0,0,0,41
그레나다,202408,23,3,0,0,0,0,0,0,0,37
그레나다,202409,12,0,0,0,0,0,0,0,0,14
그레나다,202410,25,0,2,0,0,0,0,0,0,44
그레나다,202411,12,0,2,0,0,0,0,0,0,20
그레나다,202412,14,0,2,0,0,0,0,0,0,16
그레나다,소계,207,8,7,1,0,0,0,0,0,318
세인트루시아,202401,5,0,0,0,0,0,0,0,0,5
세인트루시아,202402,4,0,1,0,0,0,0,0,0,8
세인트루시아,202403,11,0,1,0,0,0,0,0,0,39
세인트루시아,202404,8,0,0,0,0,0,0,0,0,32
세인트루시아,202405,11,0,1,0,0,0,0,0,0,34
세인트루시아,202406,7,0,0,0,0,0,0,0,0,25
세인트루시아,202407,10,0,1,0,0,0,0,0,0,24
세인트루시아,202408,5,1,1,0,0,0,0,0,0,21
세인트루시아,202409,14,0,0,0,0,0,0,0,0,19
세인트루시아,202410,18,0,0,0,0,0,0,0,0,42
세인트루시아,202411,6,1,6,0,0,0,0,0,0,26
세인트루시아,202412,10,0,1,0,0,0,0,0,0,11
세인트루시아,소계,109,2,12,0,0,0,0,0,0,286
앤티가바부다,202401,6,0,0,0,0,0,0,0,0,6
앤티가바부다,202402,4,0,0,0,0,0,0,0,0,4
앤티가바부다,202403,12,0,0,0,0,0,0,0,0,12
앤티가바부다,202404,5,1,0,1,0,0,0,0,0,11
앤티가바부다,202405,8,0,0,1,0,0,0,0,0,13
앤티가바부다,202406,9,0,0,0,0,0,0,0,0,15
앤티가바부다,202407,17,0,0,0,0,0,0,0,0,22
앤티가바부다,202408,13,0,0,1,0,0,0,0,0,14
앤티가바부다,202409,8,0,1,0,0,0,0,0,0,9
앤티가바부다,202410,20,1,1,0,0,0,0,0,0,22
앤티가바부다,202411,10,1,2,0,0,0,0,0,0,13
앤티가바부다,202412,2,0,0,0,0,0,0,0,0,2
앤티가바부다,소계,114,3,4,3,0,0,0,0,0,143
가이아나,202401,10,1,0,0,0,0,0,0,0,11
가이아나,202402,5,0,0,0,0,0,0,0,0,7
가이아나,202403,7,0,1,0,0,0,0,0,0,24
가이아나,202404,4,0,0,0,0,0,0,0,0,38
가이아나,202405,4,0,1,0,0,0,0,0,0,23
가이아나,202406,11,0,0,0,0,0,0,0,0,31
가이아나,202407,4,0,0,0,0,0,0,0,0,16
가이아나,202408,21,0,0,0,0,0,0,0,0,33
가이아나,202409,25,0,0,0,0,0,0,0,0,32
가이아나,202410,10,0,1,0,0,0,0,0,0,35
가이아나,202411,2,0,2,0,0,0,0,0,0,7
가이아나,202412,7,0,0,0,0,0,0,0,0,7
가이아나,소계,110,1,5,0,0,0,0,0,0,264
세인트빈센트그레나딘,202401,1,0,0,0,2,0,0,0,0,3
세인트빈센트그레나딘,202402,1,0,0,0,0,0,0,0,0,1
세인트빈센트그레나딘,202403,4,0,2,0,0,0,0,0,0,70
세인트빈센트그레나딘,202404,3,0,0,0,0,0,0,0,0,18
세인트빈센트그레나딘,202405,4,0,0,0,0,0,0,0,0,9
세인트빈센트그레나딘,202406,1,0,0,0,0,0,0,0,0,17
세인트빈센트그레나딘,202407,2,0,1,0,0,0,0,0,0,11
세인트빈센트그레나딘,202408,3,0,2,0,0,0,0,0,0,26
세인트빈센트그레나딘,202409,5,0,0,0,0,0,0,0,0,16
세인트빈센트그레나딘,202410,3,0,0,0,0,0,0,0,0,22
세인트빈센트그레나딘,202411,4,0,0,0,0,0,0,0,0,4
세인트빈센트그레나딘,202412,1,0,0,0,0,0,0,0,0,1
세인트빈센트그레나딘,소계,32,0,5,0,2,0,0,0,0,198
세인트크리스토퍼네비스,202401,46,3,0,1,0,0,0,0,0,50
세인트크리스토퍼네비스,202402,32,0,1,1,0,0,0,0,0,34
세인트크리스토퍼네비스,202403,59,2,2,3,0,0,0,0,0,66
세인트크리스토퍼네비스,202404,69,8,1,1,0,0,0,0,0,79
세인트크리스토퍼네비스,202405,44,1,1,1,0,0,0,0,0,47
세인트크리스토퍼네비스,202406,49,1,6,7,1,0,0,0,0,64
세인트크리스토퍼네비스,202407,64,2,0,6,0,0,0,0,0,72
세인트크리스토퍼네비스,202408,60,3,2,1,0,0,0,0,0,66
세인트크리스토퍼네비스,202409,54,0,1,1,0,0,0,0,0,56
세인트크리스토퍼네비스,202410,67,3,2,2,0,0,0,0,0,74
세인트크리스토퍼네비스,202411,48,1,4,3,0,0,0,0,0,56
세인트크리스토퍼네비스,202412,48,6,0,0,0,0,0,0,0,54
세인트크리스토퍼네비스,소계,640,30,20,27,1,0,0,0,0,718
미주,소계,1483532,65966,53617,10079,5931,2137,0,23,113,1719511
러시아(연방),202401,5268,1363,513,27,4,1,0,0,0,11508
러시아(연방),202402,5116,908,429,34,14,8,0,0,0,10560
러시아(연방),202403,8973,2290,615,90,15,4,0,0,0,16707
러시아(연방),202404,10787,2239,712,93,5,8,0,0,0,19294
러시아(연방),202405,9083,1809,777,88,8,10,0,0,0,17310
러시아(연방),202406,8559,1509,872,108,17,52,0,0,0,15753
러시아(연방),202407,13070,2102,1080,212,16,26,0,0,0,20899
러시아(연방),202408,10961,1967,1064,260,32,10,0,0,1,18692
러시아(연방),202409,10302,2389,1027,216,17,36,0,0,0,18242
러시아(연방),202410,11099,2798,903,205,43,7,0,0,0,20870
러시아(연방),202411,7701,1720,726,105,65,4,0,0,0,14876
러시아(연방),202412,5913,1245,682,57,36,2,0,0,0,12487
러시아(연방),소계,106832,22339,9400,1495,272,168,0,0,1,197198
독일,202401,5939,280,152,17,11,5,0,0,0,6484
독일,202402,6490,284,246,27,10,9,0,0,0,7210
독일,202403,14275,582,398,61,23,14,0,0,0,18571
독일,202404,13951,921,472,87,27,12,0,0,0,21296
독일,202405,13317,638,458,83,45,8,0,0,3,15189
독일,202406,8717,430,324,104,10,8,0,0,0,10066
독일,202407,9507,387,364,111,11,14,0,0,1,10617
독일,202408,12859,486,462,146,25,11,0,0,0,14477
독일,202409,15169,606,479,184,25,18,0,0,0,16795
독일,202410,15697,617,533,102,19,13,0,0,0,17690
독일,202411,9409,552,366,40,31,10,0,0,0,10618
독일,202412,7435,315,243,26,29,8,0,0,6,8172
독일,소계,132765,6098,4497,988,266,130,0,0,10,157185
영국,202401,5931,270,311,80,15,12,0,2,0,6750
영국,202402,5919,303,242,107,23,13,0,0,0,6905
영국,202403,12002,480,468,209,84,16,0,0,0,15993
영국,202404,11561,868,601,197,26,10,0,0,3,19068
영국,202405,10612,574,438,177,34,6,0,0,1,13562
영국,202406,9178,468,460,161,14,19,0,0,0,11417
영국,202407,9088,492,450,163,18,22,0,0,0,11169
영국,202408,10725,508,576,196,50,23,0,0,0,13458
영국,202409,10925,504,524,254,22,9,0,0,0,13383
영국,202410,12905,684,713,199,13,11,0,0,2,16646
영국,202411,9108,589,568,159,16,8,0,0,0,10924
영국,202412,7207,353,382,121,12,9,0,0,3,8218
영국,소계,115161,6093,5733,2023,327,158,0,2,9,147493
프랑스,202401,5792,289,167,12,31,2,0,1,0,6380
프랑스,202402,7638,332,214,22,24,9,0,0,0,8329
프랑스,202403,10448,458,312,47,14,12,0,0,0,12182
프랑스,202404,19619,813,467,69,27,2,0,0,0,21993
프랑스,202405,15291,760,501,82,29,13,0,0,0,17330
프랑스,202406,9880,522,284,50,22,7,0,0,0,10989
프랑스,202407,12820,450,398,105,22,27,0,0,0,13994
프랑스,202408,16688,630,525,134,86,11,0,0,1,18450
프랑스,202409,12949,457,425,112,33,7,0,0,0,14137
프랑스,202410,17228,667,451,94,21,3,0,0,0,19038
프랑스,202411,11187,664,427,59,29,6,0,0,0,12628
프랑스,202412,8163,384,298,43,37,4,0,0,5,9058
프랑스,소계,147703,6426,4469,829,375,103,0,1,6,164508
네덜란드,202401,2011,74,294,7,17,0,0,0,0,2456
네덜란드,202402,2040,64,322,7,0,2,0,0,0,2597
네덜란드,202403,3185,104,356,28,4,2,0,0,0,3950
네덜란드,202404,5485,238,450,28,29,0,0,0,0,6566
네덜란드,202405,4734,157,527,24,8,1,0,0,0,5609
네덜란드,202406,2932,99,482,46,28,2,0,0,0,3664
네덜란드,202407,4804,136,453,48,7,0,0,0,0,5600
네덜란드,202408,4875,183,575,81,13,8,0,0,0,5884
네덜란드,202409,4348,129,565,59,14,0,0,0,0,5191
네덜란드,202410,4846,126,571,55,71,1,0,0,0,5917
네덜란드,202411,3563,135,550,20,23,3,0,0,0,4364
네덜란드,202412,2576,92,451,12,57,2,0,0,0,3240
네덜란드,소계,45399,1537,5596,415,271,21,0,0,0,55038
우크라이나,202401,543,8,51,4,0,0,0,0,0,1588
우크라이나,202402,495,4,71,2,0,1,0,0,0,1729
우크라이나,202403,676,10,53,8,0,0,0,0,0,2070
우크라이나,202404,629,14,59,7,0,2,0,0,0,1911
우크라이나,202405,574,6,68,8,0,0,0,0,0,1948
우크라이나,202406,629,7,57,16,0,0,0,0,0,1874
우크라이나,202407,584,9,79,11,1,4,0,0,0,1705
우크라이나,202408,748,11,73,24,0,0,0,0,0,1860
우크라이나,202409,763,8,77,19,0,0,0,0,0,2085
우크라이나,202410,816,9,60,5,0,0,0,0,0,2207
우크라이나,202411,636,5,76,8,4,0,0,0,0,1828
우크라이나,202412,499,4,68,8,3,0,0,0,0,1609
우크라이나,소계,7592,95,792,120,8,7,0,0,0,22414
이탈리아,202401,2231,151,81,4,6,2,0,0,0,2573
이탈리아,202402,2031,109,61,13,6,1,0,0,0,2312
이탈리아,202403,4435,245,151,21,5,6,0,0,0,5789
이탈리아,202404,5311,308,201,33,11,3,0,1,0,6581
이탈리아,202405,4146,261,196,39,20,4,0,0,0,5563
이탈리아,202406,3726,212,178,30,12,3,0,0,0,4980
이탈리아,202407,3914,168,211,25,12,2,0,0,0,4626
이탈리아,202408,8217,229,283,87,32,3,0,0,0,9306
이탈리아,202409,4808,227,186,37,11,3,0,0,0,5703
이탈리아,202410,5688,267,203,34,7,2,0,0,0,6790
이탈리아,202411,4599,235,231,34,20,2,0,0,0,5403
이탈리아,202412,3345,156,145,15,7,1,0,0,2,3797
이탈리아,소계,52451,2568,2127,372,149,32,0,1,2,63423
불가리아,202401,151,2,5,0,0,0,0,0,0,269
불가리아,202402,153,1,7,1,0,0,0,0,0,267
불가리아,202403,580,11,92,1,0,0,0,0,0,987
불가리아,202404,509,25,37,1,0,0,0,0,0,804
불가리아,202405,330,9,9,2,0,0,0,0,0,512
불가리아,202406,248,8,16,1,0,0,0,0,0,463
불가리아,202407,256,11,17,0,0,1,0,0,0,415
불가리아,202408,320,8,16,3,1,1,0,0,0,540
불가리아,202409,440,17,57,5,4,0,0,0,0,682
불가리아,202410,442,5,58,7,0,0,0,0,0,759
불가리아,202411,257,2,14,0,0,1,0,0,0,441
불가리아,202412,166,9,19,0,0,0,0,0,0,355
불가리아,소계,3852,108,347,21,5,3,0,0,0,6494
스웨덴,202401,902,42,36,1,0,0,0,0,0,1068
스웨덴,202402,764,43,45,3,1,0,0,0,0,905
스웨덴,202403,1640,55,60,5,3,3,0,0,0,1887
스웨덴,202404,1806,120,84,5,3,2,0,0,0,2208
스웨덴,202405,1465,84,47,5,4,2,0,0,0,1716
스웨덴,202406,2024,59,73,11,1,1,0,0,0,2312
스웨덴,202407,1602,65,70,27,0,2,0,0,0,1844
스웨덴,202408,1230,61,55,15,5,8,0,0,0,1444
스웨덴,202409,1721,58,46,25,1,0,0,0,0,1955
스웨덴,202410,2042,111,74,14,3,0,0,0,0,2381
스웨덴,202411,1432,86,62,5,1,2,0,0,0,1650
스웨덴,202412,1286,81,63,1,1,0,0,0,0,1467
스웨덴,소계,17914,865,715,117,23,20,0,0,0,20837
폴란드,202401,1552,18,47,1,0,1,0,1,0,1725
폴란드,202402,1653,97,82,7,3,1,0,0,0,1981
폴란드,202403,2994,43,96,8,3,6,0,0,0,3371
폴란드,202404,4681,71,167,9,2,6,0,0,0,5212
폴란드,202405,4006,83,198,24,5,1,0,0,0,4591
폴란드,202406,2944,57,203,4,1,1,0,0,0,3403
폴란드,202407,3077,56,169,14,2,5,0,0,0,3505
폴란드,202408,3871,90,176,22,6,3,0,0,0,4360
폴란드,202409,4463,127,300,37,2,5,0,0,0,5130
폴란드,202410,3870,72,285,24,2,1,0,0,0,4623
폴란드,202411,3236,68,231,7,8,0,0,0,0,3700
폴란드,202412,1546,50,158,2,3,0,0,0,0,1938
폴란드,소계,37893,832,2112,159,37,30,0,1,0,43539
덴마크,202401,621,26,44,1,1,0,0,0,0,746
덴마크,202402,487,39,51,5,0,0,0,0,0,615
덴마크,202403,1461,42,75,8,1,1,0,0,0,1712
덴마크,202404,1213,57,67,12,0,0,0,0,0,1555
덴마크,202405,1150,50,60,11,1,2,0,0,0,1354
덴마크,202406,823,39,71,4,0,1,0,0,0,1039
덴마크,202407,1452,40,64,9,1,2,0,0,0,1670
덴마크,202408,1162,31,61,8,5,1,0,0,0,1345
덴마크,202409,1289,36,66,11,0,0,0,0,0,1501
덴마크,202410,1676,60,99,10,2,0,0,0,0,2055
덴마크,202411,1030,71,98,4,2,1,0,0,0,1286
덴마크,202412,729,33,38,5,0,0,0,0,0,852
덴마크,소계,13093,524,794,88,13,8,0,0,0,15730
그리스,202401,368,11,63,1,0,0,0,0,0,584
그리스,202402,336,12,43,0,0,0,0,0,0,590
그리스,202403,788,25,58,2,3,1,0,0,0,1096
그리스,202404,795,42,63,3,1,0,0,0,8,1254
그리스,202405,700,19,101,2,2,0,0,0,0,1071
그리스,202406,463,22,55,4,0,0,0,0,0,768
그리스,202407,510,16,91,4,1,2,0,0,0,869
그리스,202408,587,40,145,7,4,0,0,0,0,1056
그리스,202409,597,14,103,1,0,2,0,0,0,931
그리스,202410,616,38,80,1,1,1,0,0,0,965
그리스,202411,704,24,80,0,3,0,0,0,0,1023
그리스,202412,375,9,32,3,0,0,0,0,1,614
그리스,소계,6839,272,914,28,15,6,0,0,9,10821
스위스,202401,925,42,16,2,0,0,0,0,0,992
스위스,202402,895,39,22,3,0,0,0,0,0,998
스위스,202403,2097,76,48,8,1,3,0,0,0,2653
스위스,202404,2395,179,90,10,2,2,0,0,0,3026
스위스,202405,2164,102,64,13,6,2,0,0,0,2459
스위스,202406,1564,70,72,9,1,2,0,0,0,1797
스위스,202407,2438,87,102,16,7,3,0,0,0,2717
스위스,202408,2090,109,55,13,3,3,0,0,0,2350
스위스,202409,2576,78,51,15,1,1,0,0,0,2767
스위스,202410,2892,123,106,9,3,3,0,0,0,3306
스위스,202411,1398,93,78,8,1,1,0,0,0,1613
스위스,202412,1054,47,27,2,1,1,0,0,0,1141
스위스,소계,22488,1045,731,108,26,21,0,0,0,25819
노르웨이,202401,572,11,65,2,0,1,0,0,0,664
노르웨이,202402,487,19,49,0,0,0,0,0,0,578
노르웨이,202403,1219,27,101,6,2,1,0,0,0,1431
노르웨이,202404,803,33,74,5,0,2,0,0,0,1034
노르웨이,202405,694,33,73,2,0,0,0,0,0,857
노르웨이,202406,1130,59,58,3,0,0,0,0,0,1264
노르웨이,202407,1313,70,129,13,3,0,0,0,0,1608
노르웨이,202408,709,20,56,6,1,0,0,0,0,826
노르웨이,202409,999,19,77,4,1,2,0,0,0,1150
노르웨이,202410,912,31,81,1,0,2,0,0,0,1116
노르웨이,202411,736,28,126,6,0,0,0,0,0,918
노르웨이,202412,644,21,61,1,0,0,0,0,0,746
노르웨이,소계,10218,371,950,49,7,8,0,0,0,12192
스페인,202401,1515,65,46,9,5,0,0,0,1,1690
스페인,202402,1566,85,57,11,2,2,0,0,0,1766
스페인,202403,4040,243,109,30,3,5,0,0,2,4751
스페인,202404,3132,239,129,21,9,3,0,0,0,3725
스페인,202405,3069,163,118,30,26,1,0,0,0,3541
스페인,202406,2992,158,90,36,2,2,0,0,0,3359
스페인,202407,3762,129,148,33,7,4,0,0,0,4222
스페인,202408,6173,213,235,72,9,3,0,0,0,7110
스페인,202409,4400,239,148,33,3,3,0,0,0,4912
스페인,202410,4725,236,177,40,9,4,0,0,0,5364
스페인,202411,3713,221,138,14,2,3,0,0,0,4143
스페인,202412,2263,73,49,13,2,0,0,0,1,2448
스페인,소계,41350,2064,1444,342,79,30,0,0,4,47031
루마니아,202401,380,10,49,0,0,0,0,0,0,650
루마니아,202402,410,11,35,0,0,0,0,0,0,713
루마니아,202403,1164,36,40,1,0,2,0,0,1,1811
루마니아,202404,1378,64,71,8,0,2,0,0,0,2122
루마니아,202405,1027,22,55,3,2,1,0,0,0,1619
루마니아,202406,686,19,33,6,4,0,0,0,0,1177
루마니아,202407,723,32,41,1,4,2,0,0,0,1145
루마니아,202408,897,35,50,1,0,1,0,0,0,1360
루마니아,202409,1150,25,68,3,0,0,0,0,0,1556
루마니아,202410,1177,25,136,3,3,0,0,0,0,1961
루마니아,202411,717,22,52,2,5,0,0,0,0,1076
루마니아,202412,502,27,44,2,0,0,0,0,0,827
루마니아,소계,10211,328,674,30,18,8,0,0,1,16017
벨기에,202401,635,27,25,1,2,0,0,0,0,694
벨기에,202402,789,30,23,6,3,1,0,0,0,875
벨기에,202403,1453,46,39,3,1,2,0,0,0,1612
벨기에,202404,2088,91,77,3,0,0,0,0,0,2440
벨기에,202405,1661,57,77,5,4,2,0,0,0,1874
벨기에,202406,1233,36,37,12,0,0,0,0,0,1373
벨기에,202407,1816,46,59,2,2,0,0,0,0,1973
벨기에,202408,1551,61,46,19,6,2,0,0,0,1754
벨기에,202409,2039,62,51,24,3,0,0,0,0,2213
벨기에,202410,2102,81,55,9,6,1,0,0,0,2332
벨기에,202411,1305,64,73,5,5,1,0,0,0,1482
벨기에,202412,886,39,51,9,2,1,0,0,0,1004
벨기에,소계,17558,640,613,98,34,10,0,0,0,19626
크로아티아,202401,191,6,16,0,0,0,0,0,0,390
크로아티아,202402,119,4,29,2,2,0,0,0,0,325
크로아티아,202403,362,8,29,2,0,0,0,0,0,698
크로아티아,202404,325,11,13,2,1,0,0,0,0,646
크로아티아,202405,307,5,15,1,0,0,0,0,0,552
크로아티아,202406,225,10,8,2,0,0,0,0,0,441
크로아티아,202407,218,5,19,0,1,0,0,0,0,455
크로아티아,202408,262,3,32,0,0,1,0,0,0,494
크로아티아,202409,319,5,34,1,0,0,0,0,0,613
크로아티아,202410,373,4,21,5,0,0,0,0,0,687
크로아티아,202411,238,8,11,0,0,0,0,0,0,439
크로아티아,202412,152,5,14,0,0,0,0,0,0,372
크로아티아,소계,3091,74,241,15,4,1,0,0,0,6112
오스트리아,202401,738,74,18,1,1,1,0,0,0,836
오스트리아,202402,700,32,28,1,0,0,0,0,0,775
오스트리아,202403,1239,45,69,11,1,0,0,0,0,1642
오스트리아,202404,1312,86,36,6,1,1,0,0,3,1729
오스트리아,202405,1229,55,41,21,2,2,0,0,0,1398
오스트리아,202406,869,45,21,7,1,0,0,0,0,974
오스트리아,202407,1366,46,44,14,2,0,0,0,0,1514
오스트리아,202408,1430,52,45,10,0,1,0,0,0,1579
오스트리아,202409,1512,52,46,6,4,0,0,0,0,1646
오스트리아,202410,1370,80,57,10,3,1,0,0,0,1613
오스트리아,202411,1032,57,46,6,4,1,0,0,0,1156
오스트리아,202412,705,43,41,3,0,1,0,0,0,798
오스트리아,소계,13502,667,492,96,19,8,0,0,3,15660
포르투갈,202401,449,13,12,4,0,0,0,0,0,491
포르투갈,202402,513,10,40,11,3,0,0,0,0,581
포르투갈,202403,1183,39,34,22,1,1,0,0,0,1379
포르투갈,202404,1313,59,40,16,2,0,0,0,0,1581
포르투갈,202405,1055,28,41,17,10,0,0,0,0,1235
포르투갈,202406,892,27,54,23,1,0,0,0,0,1068
포르투갈,202407,848,16,46,28,1,0,0,0,0,991
포르투갈,202408,1229,27,81,41,1,2,0,0,0,1524
포르투갈,202409,1154,27,41,24,1,0,0,0,0,1294
포르투갈,202410,1331,38,46,14,1,0,0,0,0,1542
포르투갈,202411,1155,40,38,10,1,0,0,0,0,1256
포르투갈,202412,855,25,71,14,0,0,0,0,0,977
포르투갈,소계,11977,349,544,224,22,3,0,0,0,13919
아일랜드,202401,493,23,34,9,2,0,0,0,0,575
아일랜드,202402,517,26,22,3,0,0,0,0,0,584
아일랜드,202403,1112,47,38,9,5,2,0,0,0,1279
아일랜드,202404,927,62,38,5,2,0,0,0,0,1276
아일랜드,202405,1002,61,40,54,2,3,0,0,0,1252
아일랜드,202406,916,41,34,10,3,1,0,0,0,1065
아일랜드,202407,765,48,50,20,1,1,0,0,1,965
아일랜드,202408,866,33,31,14,7,1,0,0,0,1008
아일랜드,202409,1038,80,44,29,4,0,0,0,0,1239
아일랜드,202410,1210,50,45,14,5,1,0,0,0,1449
아일랜드,202411,857,50,37,7,2,0,0,0,0,994
아일랜드,202412,563,27,23,4,2,1,0,0,0,631
아일랜드,소계,10266,548,436,178,35,10,0,0,1,12317
핀란드,202401,828,7,15,1,0,0,0,0,0,867
핀란드,202402,870,22,14,0,1,1,0,0,0,927
핀란드,202403,1233,25,22,3,2,2,0,0,0,1309
핀란드,202404,1276,34,27,0,2,5,0,0,0,1399
핀란드,202405,1254,41,22,7,2,3,0,0,0,1357
핀란드,202406,1235,22,28,9,1,1,0,0,0,1322
핀란드,202407,929,12,27,4,1,1,0,0,0,992
핀란드,202408,899,19,21,7,0,0,0,0,0,964
핀란드,202409,1122,21,22,3,2,0,0,0,0,1194
핀란드,202410,1370,29,26,12,0,0,0,0,0,1475
핀란드,202411,1071,41,20,0,4,0,0,0,1,1155
핀란드,202412,885,20,18,4,0,1,0,0,0,934
핀란드,소계,12972,293,262,50,15,14,0,0,1,13895
라트비아,202401,170,3,5,0,0,0,0,0,0,209
라트비아,202402,132,6,11,1,0,0,0,0,0,200
라트비아,202403,233,2,8,3,0,0,0,0,0,302
라트비아,202404,243,5,13,1,0,2,0,0,0,327
라트비아,202405,153,1,6,1,0,0,0,0,0,205
라트비아,202406,147,5,8,0,0,0,0,0,0,215
라트비아,202407,121,4,12,0,0,0,0,0,0,175
라트비아,202408,156,2,6,1,0,0,0,0,0,225
라트비아,202409,231,7,18,2,0,0,0,0,0,326
라트비아,202410,267,6,24,2,1,0,0,0,0,373
라트비아,202411,171,9,10,0,0,0,0,0,0,235
라트비아,202412,131,6,3,0,1,0,0,0,0,192
라트비아,소계,2155,56,124,11,2,2,0,0,0,2984
체코,202401,787,8,20,1,2,1,0,0,0,822
체코,202402,511,4,18,0,1,0,0,0,0,540
체코,202403,1028,16,39,2,1,2,0,0,0,1105
체코,202404,1023,53,47,6,4,0,0,0,0,1176
체코,202405,767,19,47,4,2,0,0,0,0,850
체코,202406,768,18,19,3,0,3,0,0,0,817
체코,202407,833,29,52,10,2,0,0,0,0,949
체코,202408,802,8,50,4,3,1,0,0,0,887
체코,202409,839,34,31,7,2,1,0,0,0,917
체코,202410,1132,37,45,3,1,0,0,0,0,1266
체코,202411,708,29,44,3,2,1,0,0,0,796
체코,202412,526,9,14,0,4,0,0,0,0,556
체코,소계,9724,264,426,43,24,9,0,0,0,10681
유고슬라비아,202401,39,0,0,0,0,0,0,0,0,39
유고슬라비아,202402,31,1,2,0,0,0,0,0,0,34
유고슬라비아,202403,46,1,1,1,0,0,0,0,0,49
유고슬라비아,202404,65,2,0,0,0,0,0,0,0,68
유고슬라비아,202405,70,2,3,1,0,0,0,0,0,77
유고슬라비아,202406,35,1,0,0,0,0,0,0,0,36
유고슬라비아,202407,27,1,1,0,0,0,0,0,0,29
유고슬라비아,202408,40,0,3,0,0,0,0,0,0,43
유고슬라비아,202409,101,0,2,0,0,0,0,0,0,103
유고슬라비아,202410,51,1,0,1,0,0,0,0,0,53
유고슬라비아,202411,63,2,4,0,0,0,0,0,0,69
유고슬라비아,202412,29,0,2,0,1,0,0,0,0,33
유고슬라비아,소계,597,11,18,3,1,0,0,0,0,633
헝가리,202401,401,13,2,0,0,0,0,0,0,422
헝가리,202402,334,5,27,0,5,0,0,0,0,385
헝가리,202403,753,22,13,2,0,0,0,0,0,878
헝가리,202404,905,50,19,5,1,1,0,0,0,1066
헝가리,202405,846,17,17,4,0,2,0,0,0,932
헝가리,202406,576,5,38,7,3,0,0,0,0,677
헝가리,202407,632,4,21,1,0,0,0,0,0,674
헝가리,202408,706,24,20,5,0,1,0,0,0,793
헝가리,202409,707,18,19,9,1,1,0,0,0,774
헝가리,202410,1008,18,37,8,1,0,0,0,0,1147
헝가리,202411,503,12,71,5,1,1,0,0,0,607
헝가리,202412,430,7,34,8,0,0,0,0,0,488
헝가리,소계,7801,195,318,54,12,6,0,0,0,8843
리투아니아,202401,155,1,6,0,0,0,0,0,0,176
리투아니아,202402,195,1,11,1,1,0,0,0,0,216
리투아니아,202403,498,2,9,3,0,0,0,0,0,536
리투아니아,202404,443,19,25,0,0,0,0,0,0,505
리투아니아,202405,404,15,17,0,0,1,0,0,0,481
리투아니아,202406,308,5,12,1,0,1,0,0,0,352
리투아니아,202407,258,1,13,2,0,1,0,0,0,313
리투아니아,202408,322,2,17,7,0,0,0,0,0,382
리투아니아,202409,385,5,15,6,0,0,0,0,0,434
리투아니아,202410,500,7,26,5,0,0,0,0,0,581
리투아니아,202411,368,10,8,1,2,0,0,0,0,412
리투아니아,202412,201,8,14,1,2,0,0,0,0,234
리투아니아,소계,4037,76,173,27,5,3,0,0,0,4622
슬로바크,202401,259,2,3,1,0,0,0,0,0,272
슬로바크,202402,171,3,12,0,0,1,0,0,0,192
슬로바크,202403,322,6,28,2,1,1,0,0,0,374
슬로바크,202404,428,8,29,0,2,1,0,0,0,491
슬로바크,202405,406,44,43,1,3,0,0,0,0,512
슬로바크,202406,330,7,38,3,0,1,0,0,0,387
슬로바크,202407,345,5,62,1,1,0,0,0,0,424
슬로바크,202408,439,11,29,1,0,0,0,0,0,497
슬로바크,202409,446,27,39,1,2,1,0,0,0,526
슬로바크,202410,427,9,39,7,0,0,0,0,0,496
슬로바크,202411,255,11,23,3,1,1,0,0,0,302
슬로바크,202412,283,5,5,0,2,0,0,0,0,295
슬로바크,소계,4111,138,350,20,12,6,0,0,0,4768
벨로루시,202401,79,15,5,1,0,0,0,0,0,111
벨로루시,202402,67,5,1,2,0,0,0,0,0,82
벨로루시,202403,148,20,3,7,0,0,0,0,0,206
벨로루시,202404,132,14,6,5,0,0,0,0,0,181
벨로루시,202405,93,22,5,5,0,1,0,0,0,158
벨로루시,202406,107,15,5,3,0,0,0,0,0,140
벨로루시,202407,105,24,0,1,1,0,0,0,0,135
벨로루시,202408,148,16,5,6,0,0,0,0,0,179
벨로루시,202409,175,26,7,13,0,0,0,0,0,228
벨로루시,202410,157,20,2,9,0,0,0,0,0,226
벨로루시,202411,109,13,5,3,0,0,0,0,0,136
벨로루시,202412,84,17,2,4,0,0,0,0,0,114
벨로루시,소계,1404,207,46,59,1,1,0,0,0,1896
슬로베니아,202401,117,3,2,0,0,0,0,0,0,125
슬로베니아,202402,117,2,9,1,0,0,0,0,0,130
슬로베니아,202403,154,4,13,0,0,0,0,0,0,184
슬로베니아,202404,249,9,2,0,0,0,0,0,1,281
슬로베니아,202405,162,7,4,0,2,0,0,0,0,213
슬로베니아,202406,147,3,1,4,0,0,0,0,0,161
슬로베니아,202407,165,1,2,0,0,0,0,0,0,175
슬로베니아,202408,182,1,8,0,1,0,0,0,0,207
슬로베니아,202409,216,2,4,1,1,0,0,0,0,227
슬로베니아,202410,203,11,6,3,2,1,0,0,0,232
슬로베니아,202411,125,8,7,1,1,0,0,0,0,151
슬로베니아,202412,85,0,4,0,0,1,0,0,0,98
슬로베니아,소계,1922,51,62,10,7,2,0,0,1,2184
에스토니아,202401,134,2,3,0,0,0,0,0,0,140
에스토니아,202402,119,6,5,2,0,0,0,0,0,144
에스토니아,202403,215,4,3,0,1,0,0,0,0,245
에스토니아,202404,281,9,6,1,0,1,0,0,0,308
에스토니아,202405,160,4,5,0,1,0,0,0,0,183
에스토니아,202406,155,4,4,0,1,0,0,0,0,175
에스토니아,202407,97,2,7,0,0,1,0,0,0,125
에스토니아,202408,127,6,4,1,0,0,0,0,0,140
에스토니아,202409,201,1,2,1,1,0,0,0,0,217
에스토니아,202410,250,13,9,2,0,0,0,0,0,282
에스토니아,202411,189,1,3,2,0,0,0,0,0,201
에스토니아,202412,110,1,4,0,0,0,0,0,0,115
에스토니아,소계,2038,53,55,9,4,2,0,0,0,2275
그루지아,202401,76,0,2,1,0,0,0,0,0,115
그루지아,202402,57,1,5,0,0,0,0,0,0,98
그루지아,202403,105,0,2,1,0,0,0,0,0,205
그루지아,202404,86,3,1,0,0,0,0,0,0,125
그루지아,202405,84,1,4,0,0,0,0,0,0,155
그루지아,202406,111,0,1,1,0,0,0,0,0,150
그루지아,202407,98,0,3,2,0,0,0,0,0,139
그루지아,202408,123,1,2,0,0,0,0,0,0,167
그루지아,202409,106,2,13,0,0,0,0,0,0,183
그루지아,202410,147,2,2,2,0,0,0,0,0,218
그루지아,202411,94,2,3,3,0,0,0,0,0,154
그루지아,202412,57,0,5,1,0,0,0,0,0,117
그루지아,소계,1144,12,43,11,0,0,0,0,0,1826
룩셈부르크,202401,47,0,2,0,0,0,0,0,0,49
룩셈부르크,202402,51,2,3,0,0,0,0,0,0,56
룩셈부르크,202403,151,3,1,0,0,0,0,0,0,170
룩셈부르크,202404,174,16,7,0,0,0,0,0,0,201
룩셈부르크,202405,98,3,6,0,0,0,0,0,0,112
룩셈부르크,202406,65,2,2,0,0,0,0,0,0,73
룩셈부르크,202407,144,5,2,1,0,0,0,0,0,156
룩셈부르크,202408,198,4,7,0,0,0,0,0,0,228
룩셈부르크,202409,133,6,5,0,0,0,0,0,0,147
룩셈부르크,202410,140,2,2,0,2,0,0,0,0,155
룩셈부르크,202411,86,7,3,0,0,0,0,0,0,98
룩셈부르크,202412,66,1,6,0,0,0,0,0,0,74
룩셈부르크,소계,1353,51,46,1,2,0,0,0,0,1519
아이슬란드,202401,43,3,0,0,0,0,0,0,0,46
아이슬란드,202402,18,0,0,0,0,0,0,0,0,20
아이슬란드,202403,82,2,0,1,0,1,0,0,0,88
아이슬란드,202404,56,0,7,1,0,0,0,0,0,68
아이슬란드,202405,50,2,3,0,0,0,0,0,0,55
아이슬란드,202406,70,1,2,5,0,0,0,0,0,84
아이슬란드,202407,58,1,0,0,0,0,0,0,0,59
아이슬란드,202408,49,1,0,0,0,0,0,0,0,50
아이슬란드,202409,69,2,0,0,0,0,0,0,0,73
아이슬란드,202410,56,1,3,0,0,0,0,0,0,70
아이슬란드,202411,65,1,2,2,0,0,0,0,0,71
아이슬란드,202412,19,0,2,0,0,0,0,0,0,21
아이슬란드,소계,635,14,19,9,0,1,0,0,0,705
몰도바,202401,20,0,0,0,0,0,0,0,0,20
몰도바,202402,25,0,1,0,0,0,0,0,0,27
몰도바,202403,14,1,1,0,0,0,0,0,0,19
몰도바,202404,14,0,0,0,0,0,0,0,0,22
몰도바,202405,18,0,2,0,0,0,0,0,0,26
몰도바,202406,18,1,3,0,0,0,0,0,0,28
몰도바,202407,27,0,2,0,0,0,0,0,0,37
몰도바,202408,35,1,0,0,0,0,0,0,0,40
몰도바,202409,44,1,3,0,0,0,0,0,0,55
몰도바,202410,58,2,3,0,0,0,0,0,0,71
몰도바,202411,21,1,3,0,1,0,0,0,0,33
몰도바,202412,6,1,1,0,0,0,0,0,0,11
몰도바,소계,300,8,19,0,1,0,0,0,0,389
알바니아,202401,26,0,1,0,0,0,0,0,0,31
알바니아,202402,31,1,2,0,0,0,0,0,0,34
알바니아,202403,58,1,0,0,0,0,0,0,0,69
알바니아,202404,89,4,0,0,0,0,0,0,0,100
알바니아,202405,63,1,1,0,0,0,0,0,0,74
알바니아,202406,51,3,4,2,0,0,0,0,0,68
알바니아,202407,52,0,2,2,0,0,0,0,0,61
알바니아,202408,63,0,2,0,0,0,0,0,0,71
알바니아,202409,83,3,1,0,0,0,0,0,0,98
알바니아,202410,92,1,0,0,0,0,0,0,0,98
알바니아,202411,89,2,1,0,0,0,0,0,0,101
알바니아,202412,51,5,1,0,0,0,0,0,0,57
알바니아,소계,748,21,15,4,0,0,0,0,0,862
아르메니아,202401,18,0,0,0,0,0,0,0,0,18
아르메니아,202402,12,0,0,1,0,0,0,0,0,13
아르메니아,202403,28,1,2,0,0,0,0,0,0,32
아르메니아,202404,19,3,2,4,0,0,0,0,0,31
아르메니아,202405,20,1,2,0,0,0,0,0,0,25
아르메니아,202406,18,0,0,3,0,1,0,0,0,22
아르메니아,202407,18,1,1,2,0,0,0,0,0,22
아르메니아,202408,32,1,0,2,0,0,0,0,0,35
아르메니아,202409,43,1,1,4,0,0,0,0,0,49
아르메니아,202410,32,0,3,0,0,0,0,0,0,37
아르메니아,202411,19,1,0,1,0,0,0,0,0,21
아르메니아,202412,18,2,2,0,0,0,0,0,0,22
아르메니아,소계,277,11,13,17,0,1,0,0,0,327
아제르바이잔,202401,89,3,0,0,0,0,0,0,0,93
아제르바이잔,202402,151,0,1,2,0,0,0,0,0,160
아제르바이잔,202403,122,13,5,1,0,0,0,0,0,156
아제르바이잔,202404,101,2,4,0,0,3,0,0,0,115
아제르바이잔,202405,127,1,0,1,0,1,0,0,0,136
아제르바이잔,202406,137,1,1,0,0,6,0,0,0,149
아제르바이잔,202407,299,1,4,1,0,0,0,0,0,308
아제르바이잔,202408,276,0,1,0,0,3,0,0,0,289
아제르바이잔,202409,169,0,2,0,0,0,0,0,0,179
아제르바이잔,202410,144,3,2,1,0,0,0,0,0,156
아제르바이잔,202411,106,0,1,2,0,0,0,0,0,114
아제르바이잔,202412,104,0,0,0,0,0,0,0,0,105
아제르바이잔,소계,1825,24,21,8,0,13,0,0,0,1960
몰타,202401,22,2,1,0,0,0,0,0,0,25
몰타,202402,24,0,0,0,0,0,0,0,0,26
몰타,202403,73,4,1,0,0,0,0,0,0,84
몰타,202404,121,6,1,0,0,0,0,0,0,161
몰타,202405,44,4,1,1,0,0,0,0,0,61
몰타,202406,28,6,1,1,0,0,0,0,0,40
몰타,202407,43,4,0,1,0,0,0,0,0,91
몰타,202408,78,3,0,1,0,0,0,0,0,114
몰타,202409,62,3,3,1,0,0,0,0,0,84
몰타,202410,81,3,4,2,0,0,0,0,0,94
몰타,202411,42,3,3,0,0,0,0,0,0,52
몰타,202412,28,5,1,0,0,0,0,0,0,34
몰타,소계,646,43,16,7,0,0,0,0,0,866
보스니아-헤르체고비나,202401,5,0,0,0,0,0,0,0,0,7
보스니아-헤르체고비나,202402,12,0,0,0,0,0,0,0,0,13
보스니아-헤르체고비나,202403,11,0,0,0,0,0,0,0,0,51
보스니아-헤르체고비나,202404,15,0,0,0,0,0,0,0,0,41
보스니아-헤르체고비나,202405,13,0,0,0,0,0,0,0,0,20
보스니아-헤르체고비나,202406,8,0,0,0,0,0,0,0,0,15
보스니아-헤르체고비나,202407,7,0,0,0,0,1,0,0,0,8
보스니아-헤르체고비나,202408,12,0,3,0,0,0,0,0,0,16
보스니아-헤르체고비나,202409,12,0,2,0,0,0,0,0,0,19
보스니아-헤르체고비나,202410,11,0,0,0,0,0,0,0,0,15
보스니아-헤르체고비나,202411,6,0,0,0,0,0,0,0,0,9
보스니아-헤르체고비나,202412,13,0,0,0,0,0,0,0,0,15
보스니아-헤르체고비나,소계,125,0,5,0,0,1,0,0,0,229
리히텐슈타인,202401,6,0,0,0,0,0,0,0,0,6
리히텐슈타인,202402,3,0,0,0,0,0,0,0,0,3
리히텐슈타인,202403,0,0,0,0,0,0,0,0,0,0
리히텐슈타인,202404,6,0,0,0,0,0,0,0,0,6
리히텐슈타인,202405,16,0,0,0,0,0,0,0,0,17
리히텐슈타인,202406,7,0,0,0,0,0,0,0,0,7
리히텐슈타인,202407,5,0,0,0,0,0,0,0,0,5
리히텐슈타인,202408,6,0,0,0,0,0,0,0,0,6
리히텐슈타인,202409,8,0,0,0,0,0,0,0,0,8
리히텐슈타인,202410,18,1,0,0,0,0,0,0,0,19
리히텐슈타인,202411,1,0,0,0,0,0,0,0,0,1
리히텐슈타인,202412,5,0,0,0,0,0,0,0,0,5
리히텐슈타인,소계,81,1,0,0,0,0,0,0,0,83
산마리노,202401,7,0,0,0,0,0,0,0,0,7
산마리노,202403,3,0,0,0,0,0,0,0,0,3
산마리노,202405,3,0,0,0,0,0,0,0,0,3
산마리노,202407,1,0,0,0,0,0,0,0,0,1
산마리노,202408,2,0,0,0,0,0,0,0,0,2
산마리노,202409,8,0,0,0,0,0,0,0,0,8
산마리노,202410,4,0,0,0,0,0,0,0,0,4
산마리노,202411,0,0,0,0,0,0,0,0,0,0
산마리노,202412,2,0,0,0,0,0,0,0,0,2
산마리노,소계,30,0,0,0,0,0,0,0,0,30
마케도니아,202401,3,0,1,0,0,0,0,0,0,4
마케도니아,202402,0,0,0,0,0,0,0,0,0,0
마케도니아,202403,0,1,0,0,0,0,0,0,0,9
마케도니아,202404,1,0,0,0,0,0,0,0,0,8
마케도니아,202405,1,0,0,0,0,0,0,0,0,1
마케도니아,202406,5,0,0,0,0,0,0,0,0,7
마케도니아,202407,5,0,2,0,0,0,0,0,0,11
마케도니아,202408,4,0,0,0,0,0,0,0,0,9
마케도니아,202409,0,0,0,0,0,0,0,0,0,0
마케도니아,202410,4,0,0,0,1,0,0,0,0,9
마케도니아,202411,3,1,0,0,0,0,0,0,0,4
마케도니아,202412,5,0,1,0,0,0,0,0,0,6
마케도니아,소계,31,2,4,0,1,0,0,0,0,68
모나코,202401,4,0,0,0,0,0,0,0,0,4
모나코,202402,1,0,0,0,0,0,0,0,0,1
모나코,202403,2,0,0,0,0,0,0,0,0,6
모나코,202404,4,2,0,0,0,0,0,0,0,7
모나코,202405,4,1,0,0,0,0,0,0,0,5
모나코,202407,9,0,0,0,0,0,0,0,0,9
모나코,202408,2,0,0,0,0,0,0,0,0,3
모나코,202409,3,0,0,0,0,0,0,0,0,3
모나코,202410,1,0,0,0,0,0,0,0,0,2
모나코,202411,6,0,0,0,0,0,0,0,0,6
모나코,202412,0,0,0,0,0,0,0,0,0,0
모나코,소계,36,3,0,0,0,0,0,0,0,46
안도라,202401,8,0,0,0,0,0,0,0,0,8
안도라,202402,5,0,0,0,0,0,0,0,0,5
안도라,202403,7,0,0,0,0,0,0,0,0,7
안도라,202404,3,0,0,0,0,1,0,0,0,4
안도라,202405,0,1,0,0,0,0,0,0,0,1
안도라,202406,17,0,0,0,0,0,0,0,0,17
안도라,202407,8,0,0,0,0,0,0,0,0,8
안도라,202408,5,0,0,0,0,0,0,0,0,5
안도라,202409,4,0,0,0,0,0,0,0,0,4
안도라,202410,4,0,0,0,0,0,0,0,0,4
안도라,202411,13,0,0,0,0,0,0,0,0,13
안도라,소계,74,1,0,0,0,1,0,0,0,76
바티칸,202404,0,0,0,0,0,0,0,0,0,0
바티칸,202410,0,0,0,0,0,0,0,0,0,0
바티칸,소계,0,0,0,0,0,0,0,0,0,0
영국외지민,202401,6,0,3,0,0,0,0,0,0,9
영국외지민,202402,6,0,0,0,0,0,0,0,0,6
영국외지민,202403,5,0,2,0,0,0,0,0,0,7
영국외지민,202404,9,0,1,0,0,0,0,0,0,10
영국외지민,202405,5,0,0,0,0,0,0,0,0,5
영국외지민,202406,1,0,1,0,0,0,0,0,0,2
영국외지민,202407,4,0,0,0,0,0,0,0,0,4
영국외지민,202408,4,0,0,0,0,0,0,0,0,4
영국외지민,202409,8,0,0,0,0,0,0,0,0,8
영국외지민,202410,4,0,1,0,0,0,0,0,0,5
영국외지민,202411,3,0,1,0,0,0,0,0,0,4
영국외지민,202412,4,0,1,0,0,0,0,0,0,5
영국외지민,소계,59,0,10,0,0,0,0,0,0,69
영국속령지시민,202410,0,0,0,0,0,0,0,0,0,0
영국속령지시민,202412,0,1,0,0,0,0,0,0,0,1
영국속령지시민,소계,0,1,0,0,0,0,0,0,0,1
코소보,202401,16,0,0,0,0,0,0,0,0,16
코소보,202402,7,0,0,0,0,0,0,0,0,7
코소보,202403,5,0,0,0,0,0,0,0,0,5
코소보,202404,11,1,0,0,0,0,0,0,0,12
코소보,202405,7,4,0,0,0,0,0,0,0,11
코소보,202406,11,0,0,0,0,0,0,0,0,11
코소보,202407,7,0,0,0,0,0,0,0,0,7
코소보,202408,8,0,1,0,0,0,0,0,0,9
코소보,202409,42,0,0,0,0,0,0,0,0,42
코소보,202410,13,0,0,0,0,0,0,0,0,13
코소보,202411,11,0,0,0,0,0,0,0,0,11
코소보,202412,10,0,0,0,0,0,0,0,0,10
코소보,소계,148,5,1,0,0,0,0,0,0,154
몬테네그로,202401,21,0,13,0,0,0,0,0,0,126
몬테네그로,202402,32,0,5,0,0,0,0,0,0,122
몬테네그로,202403,44,5,14,0,0,0,0,0,0,214
몬테네그로,202404,30,1,12,0,0,0,0,0,0,160
몬테네그로,202405,32,0,9,0,0,0,0,0,0,141
몬테네그로,202406,29,0,1,0,0,0,0,0,0,129
몬테네그로,202407,33,0,7,0,0,0,0,0,0,143
몬테네그로,202408,27,0,7,0,0,0,0,0,0,141
몬테네그로,202409,42,0,11,0,0,0,0,0,0,207
몬테네그로,202410,40,0,14,0,1,0,0,0,0,195
몬테네그로,202411,39,0,8,0,0,0,0,0,0,162
몬테네그로,202412,23,2,11,0,0,0,0,0,0,137
몬테네그로,소계,392,8,112,0,1,0,0,0,0,1877
세르비아,202401,123,3,3,3,0,0,0,0,0,151
세르비아,202402,108,2,11,1,0,0,0,0,0,150
세르비아,202403,271,12,5,1,0,1,0,0,0,426
세르비아,202404,369,14,6,1,0,0,0,0,0,570
세르비아,202405,212,4,11,1,0,0,0,0,0,337
세르비아,202406,164,3,4,1,0,0,0,0,0,230
세르비아,202407,155,5,10,3,0,0,0,0,0,247
세르비아,202408,153,0,5,3,1,0,0,0,0,268
세르비아,202409,315,5,8,4,0,0,0,0,0,439
세르비아,202410,353,9,1,3,0,0,0,0,0,490
세르비아,202411,167,8,5,0,0,0,0,0,0,220
세르비아,202412,143,6,10,4,0,0,0,0,0,184
세르비아,소계,2533,71,79,25,1,1,0,0,0,3712
구주,소계,885353,55463,45858,8163,2094,848,0,5,48,1140953
오스트레일리아,202401,15541,870,534,100,46,8,0,0,2,17251
오스트레일리아,202402,9777,488,318,82,27,9,0,0,3,10972
오스트레일리아,202403,18949,550,865,204,83,14,0,0,1,22871
오스트레일리아,202404,19854,1003,1035,174,53,9,0,0,0,26522
오스트레일리아,202405,16707,566,821,164,52,17,0,0,0,20441
오스트레일리아,202406,16459,490,745,174,35,9,0,0,2,19348
오스트레일리아,202407,13499,408,611,182,37,19,0,0,2,16198
오스트레일리아,202408,11848,383,472,189,28,18,0,0,0,14755
오스트레일리아,202409,19687,534,942,294,67,12,0,1,0,22366
오스트레일리아,202410,21112,703,1221,255,26,22,0,0,1,26742
오스트레일리아,202411,18266,689,981,157,29,4,0,0,2,20536
오스트레일리아,202412,24012,893,1015,178,35,21,0,0,6,26336
오스트레일리아,소계,205711,7577,9560,2153,518,162,0,1,19,244338
뉴질랜드,202401,2816,169,98,23,3,2,0,0,0,3150
뉴질랜드,202402,1945,72,37,20,7,1,0,0,0,2126
뉴질랜드,202403,3504,86,95,19,23,4,0,0,0,3966
뉴질랜드,202404,3067,190,132,28,5,6,0,0,0,3936
뉴질랜드,202405,2733,129,128,27,14,2,0,0,0,3287
뉴질랜드,202406,2638,108,102,32,14,5,0,0,0,3164
뉴질랜드,202407,2234,83,87,36,5,3,0,0,0,2681
뉴질랜드,202408,2258,55,83,38,4,3,0,0,0,2811
뉴질랜드,202409,3152,107,121,59,12,10,0,0,0,3630
뉴질랜드,202410,3916,129,199,27,7,6,0,0,0,4838
뉴질랜드,202411,3456,130,147,35,7,5,0,0,0,3823
뉴질랜드,202412,4409,129,116,43,5,3,0,0,4,4765
뉴질랜드,소계,36128,1387,1345,387,106,50,0,0,4,42177
키리바시,202401,0,0,5,0,0,0,0,0,0,19
키리바시,202402,2,0,0,0,0,0,0,0,0,15
키리바시,202403,1,0,0,0,0,0,0,0,0,30
키리바시,202404,1,0,3,0,0,0,0,0,0,9
키리바시,202405,4,0,1,0,0,0,0,0,0,8
키리바시,202406,5,0,1,0,0,0,0,0,0,19
키리바시,202407,10,0,1,0,0,0,0,0,0,17
키리바시,202408,13,0,8,0,0,0,0,0,0,29
키리바시,202409,15,1,1,0,0,0,0,0,0,23
키리바시,202410,4,0,0,0,0,0,0,0,0,11
키리바시,202411,3,0,3,0,0,0,0,0,0,9
키리바시,202412,1,0,3,1,0,0,0,0,0,10
키리바시,소계,59,1,26,1,0,0,0,0,0,199
피지,202401,23,0,2,1,0,0,0,0,0,34
피지,202402,20,0,2,1,0,0,0,0,0,70
피지,202403,41,2,6,0,1,0,0,0,0,59
피지,202404,44,6,6,1,0,0,0,0,0,87
피지,202405,56,0,18,1,0,0,0,0,0,86
피지,202406,54,2,7,0,0,0,0,0,0,77
피지,202407,94,0,8,0,1,0,0,0,0,123
피지,202408,50,0,3,0,0,1,0,0,0,58
피지,202409,78,0,9,1,0,0,0,0,0,98
피지,202410,74,1,17,1,0,0,0,0,0,112
피지,202411,65,1,19,2,0,0,0,0,0,104
피지,202412,45,3,8,0,0,0,0,0,0,95
피지,소계,644,15,105,8,2,1,0,0,0,1003
투발루,202401,0,0,3,0,0,0,0,0,0,7
투발루,202402,1,0,1,0,0,0,0,0,0,5
투발루,202403,0,0,2,0,0,0,0,0,0,2
투발루,202404,0,0,1,0,0,0,0,0,0,6
투발루,202405,2,0,2,0,0,0,0,0,0,4
투발루,202406,1,0,6,0,0,0,0,0,0,9
투발루,202407,1,0,2,0,0,0,0,0,0,4
투발루,202408,2,0,9,0,0,0,0,0,0,12
투발루,202409,3,0,9,0,0,0,0,0,0,12
투발루,202410,3,0,3,0,0,0,0,0,0,7
투발루,202411,2,0,7,0,0,0,0,0,0,10
투발루,202412,1,0,5,0,0,0,0,0,0,11
투발루,소계,16,0,50,0,0,0,0,0,0,89
파푸아뉴기니,202401,8,0,0,0,0,0,0,0,0,10
파푸아뉴기니,202402,4,0,1,0,0,0,0,0,0,13
파푸아뉴기니,202403,9,0,0,0,0,0,0,0,0,13
파푸아뉴기니,202404,12,0,6,1,0,0,0,0,0,21
파푸아뉴기니,202405,9,0,1,1,0,0,0,0,0,21
파푸아뉴기니,202406,17,0,2,1,0,0,0,0,0,24
파푸아뉴기니,202407,30,0,1,1,0,0,0,0,0,44
파푸아뉴기니,202408,10,1,3,0,0,0,0,0,0,18
파푸아뉴기니,202409,29,0,2,0,0,0,0,0,0,32
파푸아뉴기니,202410,67,0,1,1,0,0,0,0,0,83
파푸아뉴기니,202411,53,0,6,0,0,0,0,0,0,65
파푸아뉴기니,202412,17,0,2,0,0,0,0,0,0,28
파푸아뉴기니,소계,265,1,25,5,0,0,0,0,0,372
사모아,202401,2,0,0,0,0,0,0,0,0,2
사모아,202402,0,0,2,0,0,0,0,0,0,4
사모아,202403,4,0,0,0,0,0,0,0,0,33
사모아,202404,11,0,0,0,0,0,0,0,0,87
사모아,202405,17,0,0,0,0,0,0,0,0,64
사모아,202406,3,0,5,0,0,0,0,0,0,23
사모아,202407,9,0,1,0,0,0,0,0,0,14
사모아,202408,16,0,0,0,0,0,0,0,0,32
사모아,202409,9,0,2,1,0,0,0,0,0,62
사모아,202410,10,0,1,0,0,0,0,0,0,36
사모아,202411,9,0,5,0,0,0,0,0,0,49
사모아,202412,2,0,0,0,0,0,0,0,0,5
사모아,소계,92,0,16,1,0,0,0,0,0,411
솔로몬군도,202401,4,0,2,0,0,0,0,0,0,7
솔로몬군도,202402,3,0,1,0,0,0,0,0,0,5
솔로몬군도,202403,4,0,3,0,0,0,0,0,0,8
솔로몬군도,202404,4,0,5,0,0,0,0,0,0,9
솔로몬군도,202405,7,0,0,0,0,0,0,0,0,7
솔로몬군도,202406,6,0,0,0,0,0,0,0,0,8
솔로몬군도,202407,33,0,3,0,0,0,0,0,0,37
솔로몬군도,202408,9,0,7,0,0,0,0,0,0,17
솔로몬군도,202409,12,0,1,0,0,0,0,0,0,14
솔로몬군도,202410,6,0,9,0,1,0,0,0,0,16
솔로몬군도,202411,12,0,1,0,0,0,0,0,0,13
솔로몬군도,202412,1,0,2,0,0,0,0,0,0,3
솔로몬군도,소계,101,0,34,0,1,0,0,0,0,144
통가,202401,1,0,0,0,0,0,0,0,0,1
통가,202402,5,0,0,0,0,0,0,0,0,5
통가,202403,4,1,0,0,0,0,0,0,0,5
통가,202404,9,0,0,0,0,0,0,0,0,17
통가,202405,15,1,0,0,0,0,0,0,0,23
통가,202406,3,0,5,0,0,0,0,0,0,8
통가,202407,12,0,0,2,0,0,0,0,0,14
통가,202408,13,0,0,0,0,0,0,0,0,13
통가,202409,20,0,1,0,0,0,0,0,0,22
통가,202410,10,0,1,0,0,0,0,0,0,12
통가,202411,9,0,4,0,0,0,0,0,0,13
통가,202412,9,0,1,0,0,0,0,0,0,10
통가,소계,110,2,12,2,0,0,0,0,0,143
팔라우,202401,8,0,1,0,0,0,0,0,0,9
팔라우,202402,5,0,0,0,0,0,0,0,0,5
팔라우,202403,6,0,0,0,0,0,0,0,0,6
팔라우,202404,8,0,0,0,0,0,0,0,0,8
팔라우,202405,8,0,1,0,0,0,0,0,0,9
팔라우,202406,9,0,0,0,0,0,0,0,0,9
팔라우,202407,13,0,0,0,0,0,0,0,0,13
팔라우,202408,6,0,1,0,0,0,0,0,0,7
팔라우,202409,4,0,0,0,0,0,0,0,0,6
팔라우,202410,9,0,1,0,0,0,0,0,0,10
팔라우,202411,11,0,2,1,0,0,0,0,0,14
팔라우,202412,6,0,0,0,0,0,0,0,0,6
팔라우,소계,93,0,6,1,0,0,0,0,0,102
미크로네시아,202401,15,0,0,0,0,0,0,0,0,17
미크로네시아,202402,12,0,1,0,0,0,0,0,0,13
미크로네시아,202403,18,0,1,0,0,0,0,0,0,19
미크로네시아,202404,8,0,0,0,0,0,0,0,0,8
미크로네시아,202405,22,0,1,0,0,0,0,0,0,23
미크로네시아,202406,41,0,1,0,0,0,0,0,0,42
미크로네시아,202407,32,0,0,0,0,0,0,0,0,32
미크로네시아,202408,19,0,0,0,0,0,0,0,0,19
미크로네시아,202409,28,0,0,0,0,0,0,0,0,28
미크로네시아,202410,46,0,2,0,0,0,0,0,0,48
미크로네시아,202411,35,0,2,0,0,0,0,0,0,37
미크로네시아,202412,22,0,0,0,0,0,0,0,0,22
미크로네시아,소계,298,0,8,0,0,0,0,0,0,308
마샬군도,202401,3,0,0,0,0,0,0,0,0,3
마샬군도,202402,4,0,1,0,0,0,0,0,0,5
마샬군도,202403,16,0,0,0,0,0,0,0,0,17
마샬군도,202404,4,1,0,0,0,0,0,0,0,5
마샬군도,202405,20,1,2,0,0,0,0,0,0,23
마샬군도,202406,9,0,1,0,0,0,0,0,0,10
마샬군도,202407,9,0,0,1,0,0,0,0,0,10
마샬군도,202408,7,1,0,1,0,0,0,0,0,10
마샬군도,202409,9,0,0,1,0,0,0,0,0,11
마샬군도,202410,4,0,0,6,0,0,0,0,0,10
마샬군도,202411,14,0,2,1,0,0,0,0,0,17
마샬군도,202412,11,1,0,5,0,0,0,0,0,17
마샬군도,소계,110,4,6,15,0,0,0,0,0,138
비누아투,202401,3,1,0,4,0,0,0,0,0,8
비누아투,202402,1,0,0,1,0,0,0,0,0,2
비누아투,202403,7,0,0,2,0,0,0,0,0,9
비누아투,202404,7,0,0,1,0,0,0,0,0,8
비누아투,202405,7,1,0,0,0,0,0,0,0,8
비누아투,202406,6,1,0,2,0,0,0,0,0,9
비누아투,202407,94,0,0,7,0,0,0,0,0,101
비누아투,202408,7,1,0,6,0,0,0,0,0,14
비누아투,202409,8,1,1,4,0,0,0,0,0,14
비누아투,202410,9,1,1,0,0,0,0,0,0,11
비누아투,202411,12,0,1,1,0,0,0,0,0,14
비누아투,202412,3,0,0,0,0,0,0,0,0,3
비누아투,소계,164,6,3,28,0,0,0,0,0,201
나우루,202401,6,0,0,0,0,0,0,0,0,6
나우루,202402,7,0,0,0,0,0,0,0,0,7
나우루,202403,0,0,0,0,0,0,0,0,0,0
나우루,202405,1,0,0,0,0,0,0,0,0,1
나우루,202406,7,0,0,0,0,0,0,0,0,8
나우루,202407,11,0,0,0,0,0,0,0,0,13
나우루,202408,3,0,0,0,0,0,0,0,0,3
나우루,202409,0,0,0,0,0,0,0,0,0,0
나우루,202410,8,0,1,0,0,0,0,0,0,9
나우루,202411,1,0,4,0,0,0,0,0,0,5
나우루,202412,1,0,0,0,0,0,0,0,0,2
나우루,소계,45,0,5,0,0,0,0,0,0,54
토켈라우,202409,0,0,0,0,0,0,0,0,0,0
토켈라우,202412,0,0,0,0,0,0,0,0,0,2
토켈라우,소계,0,0,0,0,0,0,0,0,0,2
노폴크,202403,0,0,0,0,0,0,0,0,0,0
노폴크,202404,0,0,0,0,0,0,0,0,0,3
노폴크,202405,0,0,0,0,0,0,0,0,0,0
노폴크,소계,0,0,0,0,0,0,0,0,0,3
뉴칼레도니아,202405,0,0,0,0,0,0,0,0,0,1
뉴칼레도니아,소계,0,0,0,0,0,0,0,0,0,1
대양주,소계,243836,8993,11201,2601,627,213,0,1,23,289685
남아프리카공화국,202401,854,8,48,21,6,0,0,0,0,1031
남아프리카공화국,202402,1191,15,53,15,5,2,0,0,0,1406
남아프리카공화국,202403,868,9,42,10,6,0,0,0,0,1356
남아프리카공화국,202404,764,23,44,17,4,1,0,0,0,1510
남아프리카공화국,202405,716,17,38,5,2,1,0,0,0,1196
남아프리카공화국,202406,809,26,28,28,2,1,0,0,0,1261
남아프리카공화국,202407,863,17,71,24,2,5,0,0,0,1304
남아프리카공화국,202408,1689,34,102,23,9,4,0,0,0,2218
남아프리카공화국,202409,1129,22,33,24,4,0,0,0,0,1604
남아프리카공화국,202410,889,15,55,22,0,0,0,0,0,1655
남아프리카공화국,202411,590,13,38,20,3,0,0,0,0,958
남아프리카공화국,202412,950,26,44,6,1,0,0,0,0,1054
남아프리카공화국,소계,11312,225,596,215,44,14,0,0,0,16553
나이지리아,202401,164,4,6,0,0,0,0,0,0,184
나이지리아,202402,162,1,10,0,3,1,0,0,0,177
나이지리아,202403,178,0,4,0,0,0,0,0,0,185
나이지리아,202404,121,1,2,0,0,0,0,0,0,138
나이지리아,202405,134,6,1,1,4,0,0,0,0,163
나이지리아,202406,152,4,3,0,0,0,0,0,0,167
나이지리아,202407,123,1,0,0,1,0,0,0,0,136
나이지리아,202408,222,8,11,0,2,1,0,0,0,253
나이지리아,202409,275,2,3,0,0,0,0,0,0,287
나이지리아,202410,200,2,7,0,0,0,0,0,0,230
나이지리아,202411,243,1,4,0,1,0,0,0,0,256
나이지리아,202412,101,2,2,0,0,0,0,0,0,114
나이지리아,소계,2075,32,53,1,11,2,0,0,0,2290
이집트,202401,352,1,9,2,1,0,0,0,0,406
이집트,202402,456,0,18,0,0,0,0,0,0,513
이집트,202403,320,3,3,0,3,0,0,0,0,376
이집트,202404,415,8,24,1,4,0,0,0,0,507
이집트,202405,425,2,9,1,3,0,0,0,0,529
이집트,202406,472,1,10,3,2,1,0,0,0,566
이집트,202407,414,4,10,2,3,0,0,0,0,476
이집트,202408,488,0,16,3,4,0,0,0,0,609
이집트,202409,672,1,14,1,1,0,0,0,0,779
이집트,202410,582,1,10,0,1,0,0,0,0,666
이집트,202411,437,2,22,0,4,0,0,0,0,555
이집트,202412,360,4,22,0,1,0,0,0,0,472
이집트,소계,5393,27,167,13,27,1,0,0,0,6454
가나,202401,73,1,1,0,0,0,0,0,0,87
가나,202402,80,0,6,0,0,1,0,0,0,95
가나,202403,105,3,5,0,0,0,0,0,0,147
가나,202404,115,2,3,1,0,0,0,0,0,147
가나,202405,112,0,5,1,0,0,0,0,0,141
가나,202406,180,1,3,0,1,0,0,0,0,211
가나,202407,224,1,11,0,0,0,0,0,0,279
가나,202408,183,1,7,0,2,0,0,0,0,205
가나,202409,275,0,7,1,0,0,0,0,0,315
가나,202410,153,3,18,0,0,0,0,0,0,226
가나,202411,207,0,8,1,1,0,0,0,0,240
가나,202412,95,0,3,0,0,0,0,0,0,104
가나,소계,1802,12,77,4,4,1,0,0,0,2197
리비아,202401,114,0,1,0,0,0,0,0,0,115
리비아,202402,172,0,1,0,0,0,0,0,0,173
리비아,202403,113,0,0,0,0,0,0,0,0,113
리비아,202404,193,0,0,0,0,0,0,0,0,193
리비아,202405,170,0,0,0,0,0,0,0,0,170
리비아,202406,122,0,0,0,0,0,0,0,0,129
리비아,202407,189,0,1,0,0,0,0,0,0,190
리비아,202408,196,0,0,0,0,0,0,0,0,196
리비아,202409,169,0,4,0,0,0,0,0,0,173
리비아,202410,223,0,1,0,0,0,0,0,0,224
리비아,202411,165,0,2,0,0,0,0,0,0,167
리비아,202412,176,1,2,0,0,0,0,0,0,179
리비아,소계,2002,1,12,0,0,0,0,0,0,2022
수단,202401,20,0,0,0,0,0,0,0,0,20
수단,202402,22,0,0,0,0,0,0,0,0,22
수단,202403,31,0,0,0,0,0,0,0,0,35
수단,202404,28,1,0,1,0,0,0,0,0,33
수단,202405,28,1,1,0,0,0,0,0,0,31
수단,202406,29,0,3,0,0,0,0,0,0,33
수단,202407,42,1,3,0,0,0,0,0,0,46
수단,202408,40,0,2,0,0,0,0,0,0,43
수단,202409,50,0,1,0,0,0,0,0,0,54
수단,202410,27,0,0,0,0,0,0,0,0,29
수단,202411,34,0,3,0,0,0,0,0,0,41
수단,202412,17,0,0,0,0,0,0,0,0,17
수단,소계,368,3,13,1,0,0,0,0,0,404
모로코,202401,229,7,6,0,1,0,0,0,0,243
모로코,202402,271,1,5,1,3,0,0,0,0,287
모로코,202403,196,1,8,1,0,0,0,0,0,229
모로코,202404,411,7,6,4,1,0,0,0,0,461
모로코,202405,438,5,9,2,1,0,0,0,0,474
모로코,202406,334,0,4,1,0,0,0,0,0,349
모로코,202407,326,1,13,4,0,0,0,0,0,344
모로코,202408,656,11,14,3,0,0,0,0,0,693
모로코,202409,440,0,20,3,1,0,0,0,0,475
모로코,202410,421,1,10,3,0,0,0,0,0,504
모로코,202411,300,10,12,5,1,0,0,0,0,335
모로코,202412,276,4,10,1,0,0,0,0,0,296
모로코,소계,4298,48,117,28,8,0,0,0,0,4690
케냐,202401,81,1,1,0,0,0,0,0,0,93
케냐,202402,89,0,3,0,0,0,0,0,0,110
케냐,202403,114,0,6,0,0,0,0,0,0,328
케냐,202404,147,1,4,1,0,0,0,0,0,496
케냐,202405,134,5,6,0,0,0,0,0,0,385
케냐,202406,343,1,6,0,0,0,0,0,0,520
케냐,202407,262,0,5,0,0,0,0,0,0,393
케냐,202408,213,1,10,1,0,0,0,0,0,408
케냐,202409,305,0,5,0,0,0,0,0,0,544
케냐,202410,216,1,13,1,0,0,0,0,0,481
케냐,202411,124,0,15,1,3,0,0,0,0,279
케냐,202412,67,1,1,0,0,0,0,0,0,86
케냐,소계,2095,11,75,4,3,0,0,0,0,4123
튀니지,202401,153,0,7,1,1,0,0,0,0,162
튀니지,202402,168,2,9,0,0,0,0,0,0,179
튀니지,202403,143,1,5,0,0,1,0,0,0,210
튀니지,202404,239,3,9,2,0,0,0,0,0,339
튀니지,202405,207,2,11,0,0,0,0,0,0,263
튀니지,202406,151,25,4,0,0,0,0,0,0,214
튀니지,202407,206,1,8,0,0,1,0,0,0,229
튀니지,202408,256,1,16,0,0,0,0,0,0,292
튀니지,202409,255,0,7,1,1,0,0,0,0,282
튀니지,202410,278,3,9,0,0,0,0,0,0,316
튀니지,202411,215,3,21,1,0,0,0,0,0,262
튀니지,202412,209,12,20,0,0,0,0,0,0,253
튀니지,소계,2480,53,126,5,2,2,0,0,0,3001
에티오피아,202401,780,0,3,0,0,0,0,0,0,840
에티오피아,202402,841,0,28,0,0,0,0,0,0,903
에티오피아,202403,906,0,0,0,0,0,0,0,0,934
에티오피아,202404,844,1,2,0,0,0,0,0,0,873
에티오피아,202405,863,0,2,0,0,0,0,0,0,907
에티오피아,202406,770,0,0,1,0,1,0,0,0,843
에티오피아,202407,815,1,0,0,0,0,0,0,0,858
에티오피아,202408,918,2,24,0,0,0,0,0,0,984
에티오피아,202409,854,1,0,0,0,0,0,0,0,914
에티오피아,202410,855,2,2,1,0,0,0,0,0,909
에티오피아,202411,968,0,31,2,1,0,0,0,0,1029
에티오피아,202412,791,0,1,0,0,0,0,0,0,819
에티오피아,소계,10205,7,93,4,1,1,0,0,0,10813
알제리,202401,84,0,3,0,0,0,0,0,0,87
알제리,202402,84,0,4,0,0,0,0,0,0,90
알제리,202403,66,0,0,0,0,0,0,0,1,68
알제리,202404,106,0,2,1,0,0,0,0,0,113
알제리,202405,115,1,7,0,0,0,0,0,0,124
알제리,202406,105,0,3,0,0,0,0,0,0,108
알제리,202407,136,1,7,2,0,0,0,0,0,147
알제리,202408,195,0,12,3,1,0,0,0,0,211
알제리,202409,167,0,12,1,0,0,0,0,0,183
알제리,202410,168,0,9,0,1,0,0,0,0,179
알제리,202411,129,1,11,3,3,0,0,0,0,148
알제리,202412,126,1,1,1,0,1,0,0,0,134
알제리,소계,1481,4,71,11,5,1,0,0,1,1592
탄자니아,202401,65,0,0,0,0,0,0,0,0,100
탄자니아,202402,72,1,0,0,0,0,0,0,0,79
탄자니아,202403,99,0,4,1,0,0,0,0,0,149
탄자니아,202404,70,1,3,0,0,0,0,0,0,96
탄자니아,202405,141,1,0,0,0,0,0,0,0,209
탄자니아,202406,152,0,2,0,0,0,0,0,0,169
탄자니아,202407,139,0,1,1,0,0,0,0,0,148
탄자니아,202408,148,7,6,1,0,0,0,0,0,187
탄자니아,202409,130,0,7,0,0,0,0,0,0,159
탄자니아,202410,95,0,8,1,0,0,0,0,0,147
탄자니아,202411,105,0,2,0,0,0,0,0,0,129
탄자니아,202412,96,0,2,0,0,0,0,0,0,122
탄자니아,소계,1312,10,35,4,0,0,0,0,0,1694
앙골라,202401,5,0,0,0,0,0,0,0,0,5
앙골라,202402,5,0,1,1,0,0,0,0,0,7
앙골라,202403,10,0,0,1,0,0,0,0,0,13
앙골라,202404,99,2,0,0,0,0,0,0,0,126
앙골라,202405,10,0,0,0,0,0,0,0,0,13
앙골라,202406,20,0,0,0,0,0,0,0,0,22
앙골라,202407,15,0,0,0,0,0,0,0,0,19
앙골라,202408,20,0,0,0,0,0,0,0,0,21
앙골라,202409,30,0,0,0,0,0,0,0,0,30
앙골라,202410,32,0,2,0,0,0,0,0,0,34
앙골라,202411,39,0,0,0,0,0,0,0,0,39
앙골라,202412,3,0,2,0,0,0,0,0,0,5
앙골라,소계,288,2,5,2,0,0,0,0,0,334
카메룬,202401,30,0,2,0,0,0,0,0,0,33
카메룬,202402,34,4,2,0,1,0,0,0,0,41
카메룬,202403,54,0,0,0,0,0,0,0,0,56
카메룬,202404,26,0,1,0,0,0,0,0,0,37
카메룬,202405,48,1,0,0,1,0,0,0,0,50
카메룬,202406,52,0,1,0,0,0,0,0,0,53
카메룬,202407,61,0,1,0,1,0,0,0,0,63
카메룬,202408,67,0,1,0,1,0,0,0,0,70
카메룬,202409,72,0,1,0,0,0,0,0,0,78
카메룬,202410,71,0,0,0,0,0,0,0,0,77
카메룬,202411,91,1,8,0,0,0,0,0,0,100
카메룬,202412,22,0,0,0,0,0,0,0,0,22
카메룬,소계,628,6,17,0,4,0,0,0,0,680
우간다,202401,41,2,0,1,0,0,0,0,0,44
우간다,202402,52,0,1,0,1,0,0,0,0,54
우간다,202403,26,0,1,0,0,0,0,0,0,40
우간다,202404,34,0,5,1,1,0,0,0,0,75
우간다,202405,40,1,0,3,0,0,0,0,0,49
우간다,202406,121,1,0,0,0,0,0,0,0,125
우간다,202407,79,1,1,1,1,0,0,0,0,87
우간다,202408,122,0,1,0,0,0,0,0,0,127
우간다,202409,111,0,3,1,0,0,0,0,0,127
우간다,202410,73,0,0,1,0,0,0,0,0,94
우간다,202411,58,1,1,0,0,0,0,0,0,60
우간다,202412,51,0,0,0,0,0,0,0,0,51
우간다,소계,808,6,13,8,3,0,0,0,0,933
모리셔스,202401,37,0,0,0,0,0,0,0,0,47
모리셔스,202402,36,0,0,0,0,0,0,0,0,43
모리셔스,202403,60,2,3,1,1,0,0,0,0,213
모리셔스,202404,64,0,11,0,0,0,0,0,0,258
모리셔스,202405,87,3,1,0,0,0,0,0,0,189
모리셔스,202406,74,3,1,1,0,0,0,0,0,141
모리셔스,202407,65,0,5,0,0,0,0,0,0,101
모리셔스,202408,68,0,4,0,0,0,0,0,0,136
모리셔스,202409,73,0,7,1,0,0,0,0,0,145
모리셔스,202410,63,4,1,0,0,0,0,0,0,204
모리셔스,202411,72,0,3,0,1,0,0,0,0,102
모리셔스,202412,69,2,1,0,0,0,0,0,0,79
모리셔스,소계,768,14,37,3,2,0,0,0,0,1658
짐바브웨,202401,25,1,0,0,0,0,0,0,0,26
짐바브웨,202402,17,1,1,0,0,0,0,0,0,26
짐바브웨,202403,23,1,0,0,0,0,0,0,0,287
짐바브웨,202404,50,0,5,0,0,0,0,0,0,568
짐바브웨,202405,76,0,2,1,0,0,0,0,0,326
짐바브웨,202406,29,24,0,1,0,0,0,0,0,220
짐바브웨,202407,69,0,3,1,0,0,0,0,0,197
짐바브웨,202408,45,0,8,3,0,0,0,0,0,251
짐바브웨,202409,70,0,3,2,0,0,0,0,0,264
짐바브웨,202410,48,0,4,1,0,0,0,0,0,333
짐바브웨,202411,80,0,2,0,0,0,0,0,0,179
짐바브웨,202412,22,0,1,1,0,0,0,0,0,24
짐바브웨,소계,554,27,29,10,0,0,0,0,0,2701
코트디부아르,202401,18,0,0,0,0,0,0,0,0,18
코트디부아르,202402,27,0,0,0,0,0,0,0,0,27
코트디부아르,202403,22,0,0,0,0,0,0,0,0,22
코트디부아르,202404,17,0,0,1,0,0,0,0,0,18
코트디부아르,202405,63,0,2,0,0,0,0,0,0,69
코트디부아르,202406,60,2,0,0,0,0,0,0,0,73
코트디부아르,202407,77,0,0,0,0,0,0,0,0,81
코트디부아르,202408,39,0,1,0,0,0,0,0,0,43
코트디부아르,202409,115,0,0,0,0,0,0,0,0,115
코트디부아르,202410,85,0,1,0,0,0,0,0,0,87
코트디부아르,202411,64,0,0,0,0,0,0,0,0,64
코트디부아르,202412,23,1,0,0,0,0,0,0,0,25
코트디부아르,소계,610,3,4,1,0,0,0,0,0,642
콩고,202401,12,0,0,0,0,0,0,0,0,12
콩고,202402,2,0,0,0,0,0,0,0,0,2
콩고,202403,1,0,0,0,0,0,0,0,0,2
콩고,202404,3,1,0,0,0,0,0,0,0,9
콩고,202405,2,0,0,0,0,0,0,0,0,6
콩고,202406,13,0,0,0,0,0,0,0,0,15
콩고,202407,7,0,0,0,0,0,0,0,0,7
콩고,202408,9,0,2,0,0,0,0,0,0,11
콩고,202409,6,0,0,0,0,0,0,0,0,6
콩고,202410,16,0,0,2,0,0,0,0,0,18
콩고,202411,4,0,0,0,0,0,0,0,0,4
콩고,202412,4,0,0,0,0,0,0,0,0,4
콩고,소계,79,1,2,2,0,0,0,0,0,96
세네갈,202401,27,0,0,1,0,0,0,0,0,28
세네갈,202402,12,0,0,0,0,0,0,0,0,12
세네갈,202403,29,2,1,0,0,0,0,0,0,32
세네갈,202404,30,1,0,0,0,0,0,0,0,31
세네갈,202405,32,0,0,0,0,0,0,0,0,32
세네갈,202406,40,0,0,0,0,0,0,0,0,40
세네갈,202407,36,0,1,0,0,0,0,0,0,37
세네갈,202408,27,2,0,0,0,0,0,0,0,29
세네갈,202409,77,0,0,0,0,0,0,0,0,77
세네갈,202410,60,0,0,0,0,0,0,0,0,60
세네갈,202411,39,0,3,0,0,0,0,0,0,42
세네갈,202412,21,0,1,0,0,0,0,0,0,22
세네갈,소계,430,5,6,1,0,0,0,0,0,442
베냉,202401,2,0,0,0,0,0,0,0,0,2
베냉,202402,6,0,0,0,0,0,0,0,0,6
베냉,202403,6,0,0,0,0,0,0,0,0,6
베냉,202404,9,0,0,0,0,0,0,0,0,9
베냉,202405,9,0,0,0,0,0,0,0,0,9
베냉,202406,5,0,0,0,0,0,0,0,0,5
베냉,202407,25,1,0,0,0,0,0,0,0,28
베냉,202408,13,0,0,1,0,0,0,0,0,17
베냉,202409,15,0,0,0,0,0,0,0,0,20
베냉,202410,11,0,0,0,0,0,0,0,0,15
베냉,202411,7,0,3,0,0,0,0,0,0,16
베냉,202412,3,0,0,0,0,0,0,0,0,4
베냉,소계,111,1,3,1,0,0,0,0,0,137
기니,202401,10,0,1,0,0,0,0,0,0,11
기니,202402,14,0,0,1,0,0,0,0,0,15
기니,202403,5,0,0,0,0,0,0,0,0,5
기니,202404,5,0,0,0,0,0,0,0,0,5
기니,202405,13,1,0,0,0,0,0,0,0,14
기니,202406,8,0,0,0,0,0,0,0,0,8
기니,202407,26,0,0,0,0,0,0,0,0,26
기니,202408,15,0,0,0,0,0,0,0,0,16
기니,202409,9,0,0,0,0,0,0,0,0,12
기니,202410,5,1,0,0,0,0,0,0,0,8
기니,202411,9,0,1,0,0,0,0,0,0,13
기니,202412,9,0,0,0,0,0,0,0,0,9
기니,소계,128,2,2,1,0,0,0,0,0,142
가봉,202401,9,0,0,1,0,0,0,0,0,10
가봉,202402,17,0,0,0,0,0,0,0,0,17
가봉,202403,15,0,0,0,0,0,0,0,0,15
가봉,202404,18,0,0,0,0,0,0,0,0,18
가봉,202405,20,0,0,0,0,0,0,0,0,20
가봉,202406,16,0,0,0,0,0,0,0,0,16
가봉,202407,25,0,0,0,0,0,0,0,0,25
가봉,202408,29,0,0,0,0,0,0,0,0,29
가봉,202409,35,0,0,0,0,0,0,0,0,35
가봉,202410,12,0,1,0,0,0,0,0,0,13
가봉,202411,17,0,1,0,0,0,0,0,0,18
가봉,202412,11,0,0,0,0,1,0,0,0,12
가봉,소계,224,0,2,1,0,1,0,0,0,228
콩고민주공화국,202401,12,0,0,0,0,0,0,0,0,12
콩고민주공화국,202402,24,0,0,0,0,0,0,0,0,24
콩고민주공화국,202403,16,1,0,0,0,0,0,0,0,17
콩고민주공화국,202404,22,1,0,0,0,0,0,0,0,23
콩고민주공화국,202405,33,0,0,0,0,0,0,0,0,33
콩고민주공화국,202406,38,0,1,0,0,0,0,0,0,39
콩고민주공화국,202407,35,0,0,0,0,0,0,0,0,36
콩고민주공화국,202408,47,0,0,1,0,0,0,0,0,48
콩고민주공화국,202409,53,0,0,0,0,0,0,0,0,53
콩고민주공화국,202410,50,0,1,1,0,0,0,0,0,52
콩고민주공화국,202411,14,0,5,0,0,0,0,0,0,19
콩고민주공화국,202412,31,0,0,0,0,0,0,0,0,31
콩고민주공화국,소계,375,2,7,2,0,0,0,0,0,387
라이베리아,202401,7,0,0,3,0,0,0,0,0,11
라이베리아,202402,16,0,0,0,0,0,0,0,0,16
라이베리아,202403,9,0,0,0,0,0,0,0,0,11
라이베리아,202404,12,0,0,0,0,0,0,0,0,17
라이베리아,202405,16,0,0,0,0,0,0,0,0,19
라이베리아,202406,20,0,0,0,0,0,0,0,0,21
라이베리아,202407,22,0,0,2,0,0,0,0,0,24
라이베리아,202408,10,0,0,1,0,0,0,0,0,11
라이베리아,202409,17,0,0,0,0,0,0,0,0,17
라이베리아,202410,10,0,0,1,0,0,0,0,0,11
라이베리아,202411,9,1,0,0,0,0,0,0,0,10
라이베리아,202412,10,0,0,0,0,0,0,0,0,11
라이베리아,소계,158,1,0,7,0,0,0,0,0,179
카보베르데,202401,2,2,0,0,0,0,0,0,0,4
카보베르데,202402,1,0,0,0,0,0,0,0,0,1
카보베르데,202403,1,0,0,0,0,0,0,0,0,4
카보베르데,202404,3,0,0,0,0,0,0,0,0,7
카보베르데,202405,1,0,0,0,0,0,0,0,0,4
카보베르데,202406,4,1,0,0,0,0,0,0,0,7
카보베르데,202407,2,0,0,0,0,0,0,0,0,5
카보베르데,202408,3,0,0,0,1,0,0,0,0,7
카보베르데,202409,3,0,0,0,0,0,0,0,0,3
카보베르데,202410,1,0,0,0,0,0,0,0,0,1
카보베르데,202411,2,0,0,0,0,0,0,0,0,2
카보베르데,202412,5,0,1,0,0,0,0,0,0,8
카보베르데,소계,28,3,1,0,1,0,0,0,0,53
잠비아,202401,9,0,0,0,0,0,0,0,0,9
잠비아,202402,19,0,0,0,0,0,0,0,0,19
잠비아,202403,39,0,0,0,0,0,0,0,0,41
잠비아,202404,28,0,0,0,0,0,0,0,0,33
잠비아,202405,28,0,7,0,0,0,0,0,0,38
잠비아,202406,25,0,0,0,0,0,0,0,0,26
잠비아,202407,17,0,3,0,0,0,0,0,0,20
잠비아,202408,38,0,0,0,0,0,0,0,0,39
잠비아,202409,53,0,0,0,0,0,0,0,0,54
잠비아,202410,28,0,1,0,0,0,0,0,0,29
잠비아,202411,24,0,2,0,0,0,0,0,0,26
잠비아,202412,4,0,1,0,0,0,0,0,0,5
잠비아,소계,312,0,14,0,0,0,0,0,0,339
말리,202401,7,0,0,0,0,0,0,0,0,7
말리,202402,7,0,0,0,0,0,0,0,0,7
말리,202403,9,0,0,0,0,0,0,0,0,9
말리,202404,11,1,0,0,0,0,0,0,0,12
말리,202405,12,0,0,0,0,0,0,0,0,12
말리,202406,10,0,1,0,0,0,0,0,0,11
말리,202407,20,0,0,0,0,0,0,0,0,20
말리,202408,13,0,1,0,0,0,0,0,0,14
말리,202409,15,1,0,0,0,0,0,0,0,16
말리,202410,11,0,0,0,0,0,0,0,0,11
말리,202411,15,0,0,0,0,0,0,0,0,15
말리,202412,7,0,0,0,0,0,0,0,0,7
말리,소계,137,2,2,0,0,0,0,0,0,141
세이셸,202401,4,0,1,0,0,0,0,0,0,5
세이셸,202402,3,0,0,0,0,0,0,0,0,3
세이셸,202403,7,1,0,1,0,0,0,0,0,9
세이셸,202404,6,0,0,0,0,0,0,0,0,8
세이셸,202405,5,0,0,0,0,0,0,0,0,5
세이셸,202406,19,0,0,0,0,0,0,0,0,19
세이셸,202407,10,0,0,0,0,0,0,0,0,10
세이셸,202408,4,0,0,0,0,0,0,0,0,8
세이셸,202409,6,0,1,1,0,0,0,0,0,10
세이셸,202410,2,0,0,0,0,0,0,0,0,2
세이셸,202411,6,0,0,0,0,0,0,0,0,6
세이셸,202412,9,0,0,0,0,0,0,0,0,9
세이셸,소계,81,1,2,2,0,0,0,0,0,94
마다가스카르,202401,5,0,0,0,0,0,0,0,0,7
마다가스카르,202402,17,0,1,0,0,0,0,0,0,18
마다가스카르,202403,10,0,0,0,0,0,0,0,0,133
마다가스카르,202404,24,0,0,0,0,0,0,0,0,943
마다가스카르,202405,26,0,0,0,0,0,0,0,0,199
마다가스카르,202406,60,0,1,0,0,0,0,0,0,161
마다가스카르,202407,32,0,1,1,0,0,0,0,0,84
마다가스카르,202408,32,2,2,0,0,0,0,0,0,140
마다가스카르,202409,52,0,1,1,0,0,0,0,0,212
마다가스카르,202410,17,0,2,0,0,0,0,0,0,145
마다가스카르,202411,23,0,3,0,0,0,0,0,0,113
마다가스카르,202412,13,0,0,0,0,0,0,0,0,17
마다가스카르,소계,311,2,11,2,0,0,0,0,0,2172
스와질란드,202401,3,0,0,0,0,0,0,0,0,3
스와질란드,202402,7,1,1,0,0,0,0,0,0,9
스와질란드,202403,3,0,0,0,0,0,0,0,0,3
스와질란드,202404,4,0,0,0,0,0,0,0,0,4
스와질란드,202405,46,0,3,0,0,0,0,0,0,49
스와질란드,202406,24,0,27,0,0,0,0,0,0,98
스와질란드,202407,16,0,0,0,0,0,0,0,0,16
스와질란드,202408,10,0,0,0,0,0,0,0,0,10
스와질란드,202409,13,0,0,0,0,0,0,0,0,13
스와질란드,202410,53,0,0,0,0,0,0,0,0,53
스와질란드,202411,7,0,0,0,0,0,0,0,0,7
스와질란드,202412,2,0,0,0,0,0,0,0,0,2
스와질란드,소계,188,1,31,0,0,0,0,0,0,267
시에라리온,202401,2,0,0,0,0,0,0,0,0,3
시에라리온,202402,5,0,0,0,0,0,0,0,0,6
시에라리온,202403,5,0,2,0,0,0,0,0,0,8
시에라리온,202404,10,0,0,0,0,0,0,0,0,11
시에라리온,202405,12,0,0,0,0,0,0,0,0,12
시에라리온,202406,4,0,0,0,0,0,0,0,0,4
시에라리온,202407,5,0,0,0,0,0,0,0,0,6
시에라리온,202408,11,0,0,0,1,0,0,0,0,12
시에라리온,202409,19,0,0,0,0,0,0,0,0,19
시에라리온,202410,4,0,0,0,0,0,0,0,0,4
시에라리온,202411,12,0,0,0,0,0,0,0,0,12
시에라리온,202412,5,0,0,0,0,0,0,0,0,5
시에라리온,소계,94,0,2,0,1,0,0,0,0,102
토고,202401,8,0,0,0,0,0,0,0,0,8
토고,202402,3,0,0,0,0,0,0,0,0,3
토고,202403,7,0,0,0,0,0,0,0,0,7
토고,202404,5,0,0,0,0,0,0,0,0,5
토고,202405,8,1,0,0,0,0,0,0,0,9
토고,202406,33,5,0,0,0,0,0,0,0,38
토고,202407,23,0,0,0,0,0,0,0,0,23
토고,202408,19,0,0,0,0,0,0,0,0,19
토고,202409,12,0,0,0,0,0,0,0,0,12
토고,202410,15,0,1,0,0,0,0,0,0,16
토고,202411,11,0,0,0,0,0,0,0,0,11
토고,202412,2,1,1,0,0,0,0,0,0,4
토고,소계,146,7,2,0,0,0,0,0,0,155
르완다,202401,33,0,0,0,0,0,0,0,0,33
르완다,202402,63,0,0,0,0,0,0,0,0,64
르완다,202403,60,0,0,0,0,0,0,0,0,63
르완다,202404,17,0,0,0,0,0,0,0,0,26
르완다,202405,72,0,0,0,1,0,0,0,0,76
르완다,202406,40,1,1,0,0,0,0,0,0,64
르완다,202407,52,0,0,0,0,0,0,0,0,52
르완다,202408,160,0,1,0,0,0,0,0,0,161
르완다,202409,119,1,0,0,0,0,0,0,0,120
르완다,202410,65,0,0,0,0,0,0,0,0,68
르완다,202411,60,0,3,0,0,0,0,0,0,66
르완다,202412,29,0,0,0,0,0,0,0,0,31
르완다,소계,770,2,5,0,1,0,0,0,0,824
나미비아,202401,3,0,0,0,0,0,0,0,0,3
나미비아,202402,1,0,1,0,0,0,0,0,0,2
나미비아,202403,6,0,0,0,0,0,0,0,0,7
나미비아,202404,24,0,0,0,0,0,0,0,0,27
나미비아,202405,7,0,0,0,0,0,0,0,0,7
나미비아,202406,22,0,0,0,0,0,0,0,0,22
나미비아,202407,9,0,0,0,0,0,0,0,0,12
나미비아,202408,7,0,2,0,0,0,0,0,0,9
나미비아,202409,20,0,0,0,0,0,0,0,0,21
나미비아,202410,6,0,2,0,0,0,0,0,0,15
나미비아,202411,8,0,0,0,0,0,0,0,0,11
나미비아,202412,1,0,0,0,0,0,0,0,0,3
나미비아,소계,114,0,5,0,0,0,0,0,0,139
모잠비크,202401,6,0,0,0,0,0,0,0,0,6
모잠비크,202402,12,0,4,0,0,0,0,0,0,16
모잠비크,202403,8,0,1,0,0,0,0,0,0,9
모잠비크,202404,5,0,0,0,0,0,0,0,0,5
모잠비크,202405,12,1,0,0,0,0,0,0,0,14
모잠비크,202406,66,0,0,0,0,0,0,0,0,66
모잠비크,202407,18,0,3,0,0,0,0,0,0,21
모잠비크,202408,40,0,6,0,0,0,0,0,0,46
모잠비크,202409,25,0,6,0,0,0,0,0,0,31
모잠비크,202410,11,0,1,1,0,0,0,0,0,13
모잠비크,202411,19,0,1,0,0,0,0,0,0,20
모잠비크,202412,7,0,3,0,0,0,0,0,0,10
모잠비크,소계,229,1,25,1,0,0,0,0,0,257
부르키나파소,202401,2,0,0,0,0,0,0,0,0,2
부르키나파소,202402,8,0,0,0,0,0,0,0,0,8
부르키나파소,202403,8,0,0,0,0,0,0,0,0,8
부르키나파소,202404,6,0,0,0,0,0,0,0,0,6
부르키나파소,202405,10,0,0,0,0,0,0,0,0,10
부르키나파소,202406,10,0,0,1,0,0,0,0,0,11
부르키나파소,202407,10,0,0,0,0,0,0,0,0,10
부르키나파소,202408,10,0,0,1,0,0,0,0,0,11
부르키나파소,202409,29,0,0,0,0,0,0,0,0,29
부르키나파소,202410,8,0,0,0,0,0,0,0,0,8
부르키나파소,202411,8,0,2,0,0,0,0,0,0,10
부르키나파소,202412,7,0,0,0,0,0,0,0,0,7
부르키나파소,소계,116,0,2,2,0,0,0,0,0,120
차드,202401,1,0,0,0,0,0,0,0,0,1
차드,202402,0,0,0,0,0,0,0,0,0,0
차드,202403,1,0,0,0,0,0,0,0,0,1
차드,202404,1,0,0,0,0,0,0,0,0,1
차드,202405,0,0,0,0,0,0,0,0,0,0
차드,202406,6,0,0,0,0,0,0,0,0,6
차드,202407,0,0,0,0,0,0,0,0,0,0
차드,202408,2,0,0,0,0,0,0,0,0,2
차드,202409,7,0,0,0,0,0,0,0,0,7
차드,202410,1,0,0,0,0,0,0,0,0,1
차드,202411,0,0,0,0,0,0,0,0,0,0
차드,202412,2,0,0,0,0,0,0,0,0,2
차드,소계,21,0,0,0,0,0,0,0,0,21
말라위,202401,13,0,0,0,0,0,0,0,0,13
말라위,202402,7,0,0,0,0,0,0,0,0,9
말라위,202403,10,0,0,0,0,0,0,0,0,10
말라위,202404,9,0,0,0,0,0,0,0,0,14
말라위,202405,25,1,0,0,0,0,0,0,0,32
말라위,202406,47,0,0,0,0,0,0,0,0,47
말라위,202407,13,0,0,0,0,0,0,0,0,13
말라위,202408,24,0,1,0,5,0,0,0,0,30
말라위,202409,21,0,0,0,0,0,0,0,0,22
말라위,202410,9,0,0,0,0,0,0,0,0,11
말라위,202411,12,0,0,1,0,0,0,0,0,13
말라위,202412,4,0,0,0,0,0,0,0,0,4
말라위,소계,194,1,1,1,5,0,0,0,0,218
보츠와나,202401,10,0,0,0,0,0,0,0,0,10
보츠와나,202402,17,0,0,0,0,0,0,0,0,19
보츠와나,202403,17,0,1,0,0,0,0,0,0,19
보츠와나,202404,19,0,3,0,0,0,0,0,0,25
보츠와나,202405,26,0,0,0,0,0,0,0,0,33
보츠와나,202406,33,0,0,0,0,0,0,0,0,34
보츠와나,202407,17,0,0,0,0,0,0,0,0,17
보츠와나,202408,21,0,2,0,0,0,0,0,0,23
보츠와나,202409,23,0,0,0,0,0,0,0,0,29
보츠와나,202410,28,0,0,0,0,0,0,0,0,36
보츠와나,202411,6,0,1,0,0,0,0,0,0,10
보츠와나,202412,12,0,0,0,0,0,0,0,0,12
보츠와나,소계,229,0,7,0,0,0,0,0,0,267
감비아,202401,6,0,0,0,0,0,0,0,0,6
감비아,202402,5,0,0,0,0,1,0,0,0,6
감비아,202403,4,0,0,0,0,0,0,0,0,29
감비아,202404,8,0,0,0,0,0,0,0,0,27
감비아,202405,19,0,0,0,0,0,0,0,0,27
감비아,202406,14,0,0,0,0,0,0,0,0,26
감비아,202407,3,0,0,0,0,0,0,0,0,14
감비아,202408,9,0,0,0,0,0,0,0,0,27
감비아,202409,5,0,0,0,0,0,0,0,0,19
감비아,202410,7,0,0,0,0,0,0,0,0,21
감비아,202411,10,0,1,0,0,0,0,0,0,11
감비아,202412,11,0,0,0,0,0,0,0,0,11
감비아,소계,101,0,1,0,0,1,0,0,0,224
레소토,202401,6,0,0,0,0,0,0,0,0,6
레소토,202402,6,0,1,0,0,0,0,0,0,7
레소토,202403,2,0,0,0,0,0,0,0,0,2
레소토,202404,9,0,0,0,0,0,0,0,0,9
레소토,202406,27,0,1,0,0,0,0,0,0,28
레소토,202407,4,0,0,1,0,0,0,0,0,5
레소토,202408,6,0,0,0,0,0,0,0,0,6
레소토,202409,5,0,0,0,0,0,0,0,0,5
레소토,202410,22,0,1,0,0,0,0,0,0,23
레소토,202411,5,0,0,0,0,0,0,0,0,5
레소토,202412,1,0,6,0,0,0,0,0,0,7
레소토,소계,93,0,9,1,0,0,0,0,0,103
모리타니,202401,0,0,0,0,0,0,0,0,0,0
모리타니,202402,1,0,0,0,0,0,0,0,0,1
모리타니,202403,1,0,0,0,0,0,0,0,0,9
모리타니,202404,3,0,0,0,0,0,0,0,0,25
모리타니,202405,2,0,0,0,0,0,0,0,0,10
모리타니,202406,3,0,0,0,0,0,0,0,0,18
모리타니,202407,3,0,0,1,0,0,0,0,0,4
모리타니,202408,1,0,0,0,0,0,0,0,0,1
모리타니,202409,4,0,0,0,0,0,0,0,0,14
모리타니,202410,1,0,2,0,0,0,0,0,0,6
모리타니,202411,1,0,0,0,0,0,0,0,0,1
모리타니,202412,1,0,0,0,0,0,0,0,0,1
모리타니,소계,21,0,2,1,0,0,0,0,0,90
부룬디,202401,24,0,0,0,0,0,0,0,0,24
부룬디,202402,76,0,0,0,0,0,0,0,0,76
부룬디,202403,68,0,0,1,0,0,0,0,0,69
부룬디,202404,17,0,0,0,0,0,0,0,0,17
부룬디,202405,23,0,0,0,0,0,0,0,0,23
부룬디,202406,18,1,0,0,0,0,0,0,0,19
부룬디,202407,17,0,0,0,0,0,0,0,0,17
부룬디,202408,69,0,1,0,0,0,0,0,0,70
부룬디,202409,55,0,0,0,0,0,0,0,0,55
부룬디,202410,18,0,0,0,0,0,0,0,0,18
부룬디,202411,10,0,1,0,0,0,0,0,0,11
부룬디,202412,13,0,2,0,0,0,0,0,0,15
부룬디,소계,408,1,4,1,0,0,0,0,0,414
기니비사우,202401,1,0,0,0,0,0,0,0,0,1
기니비사우,202402,1,0,0,0,0,0,0,0,0,1
기니비사우,202403,0,0,0,0,0,0,0,0,0,0
기니비사우,202404,0,1,0,0,0,0,0,0,0,1
기니비사우,202405,2,0,0,0,0,0,0,0,0,2
기니비사우,202406,6,0,0,0,0,0,0,0,0,6
기니비사우,202407,0,0,0,0,0,0,0,0,0,0
기니비사우,202408,1,0,0,0,0,0,0,0,0,1
기니비사우,202409,2,0,0,0,0,0,0,0,0,2
기니비사우,202410,2,0,0,0,0,0,0,0,0,2
기니비사우,202411,4,0,0,0,0,0,0,0,0,4
기니비사우,202412,0,0,0,0,0,0,0,0,0,0
기니비사우,소계,19,1,0,0,0,0,0,0,0,20
중앙아프리카공화국,202402,1,0,0,0,0,0,0,0,0,1
중앙아프리카공화국,202403,3,0,0,0,0,0,0,0,0,3
중앙아프리카공화국,202404,1,0,0,0,0,0,0,0,0,1
중앙아프리카공화국,202405,3,0,0,0,0,0,0,0,0,3
중앙아프리카공화국,202406,9,0,0,0,0,0,0,0,0,9
중앙아프리카공화국,202407,6,0,0,0,0,0,0,0,0,6
중앙아프리카공화국,202408,13,0,0,0,0,0,0,0,0,13
중앙아프리카공화국,202409,3,0,0,0,0,0,0,0,0,3
중앙아프리카공화국,202410,1,0,0,0,0,0,0,0,0,1
중앙아프리카공화국,202411,0,0,0,0,0,0,0,0,0,0
중앙아프리카공화국,202412,0,0,0,0,0,0,0,0,0,0
중앙아프리카공화국,소계,40,0,0,0,0,0,0,0,0,40
에리트레아,202401,0,0,0,0,0,0,0,0,0,0
에리트레아,202402,1,0,0,0,0,0,0,0,0,1
에리트레아,202403,1,0,0,0,0,0,0,0,0,1
에리트레아,202404,1,0,0,0,0,0,0,0,0,1
에리트레아,202405,3,0,0,0,0,0,0,0,0,3
에리트레아,202406,2,5,0,0,0,0,0,0,0,7
에리트레아,202408,0,0,0,0,0,0,0,0,0,0
에리트레아,202409,2,0,0,1,0,0,0,0,0,3
에리트레아,202410,3,0,0,0,0,0,0,0,0,3
에리트레아,202411,2,0,1,0,0,0,0,0,0,3
에리트레아,202412,1,0,0,0,0,0,0,0,0,1
에리트레아,소계,16,5,1,1,0,0,0,0,0,23
상투메프린시페,202405,0,0,0,0,0,0,0,0,0,0
상투메프린시페,202406,3,0,0,0,0,0,0,0,0,3
상투메프린시페,202407,0,0,0,0,0,0,0,0,0,0
상투메프린시페,202409,0,0,0,0,0,0,0,0,0,0
상투메프린시페,소계,3,0,0,0,0,0,0,0,0,3
소말리아,202401,6,0,0,0,0,0,0,0,0,6
소말리아,202402,3,0,0,0,0,0,0,0,0,3
소말리아,202403,1,0,0,0,0,0,0,0,0,1
소말리아,202404,2,0,0,0,0,0,0,0,0,2
소말리아,202405,7,0,0,0,0,0,0,0,0,7
소말리아,202406,6,0,0,0,0,0,0,0,0,6
소말리아,202407,4,0,0,0,0,0,0,0,0,4
소말리아,202408,7,0,0,0,0,0,0,0,0,7
소말리아,202409,4,0,0,0,0,0,0,0,0,4
소말리아,202410,7,0,0,0,0,0,0,0,0,7
소말리아,202411,3,0,2,0,0,0,0,0,0,5
소말리아,202412,0,0,0,0,0,0,0,0,0,0
소말리아,소계,50,0,2,0,0,0,0,0,0,52
코모로,202402,1,1,0,0,0,0,0,0,0,2
코모로,202403,0,0,0,0,0,0,0,0,0,0
코모로,202404,3,1,0,0,0,0,0,0,0,4
코모로,202405,0,0,0,0,0,0,0,0,0,0
코모로,202406,8,0,0,0,0,0,0,0,0,9
코모로,202407,0,0,0,0,0,0,0,0,0,0
코모로,202408,4,0,0,0,0,0,0,0,0,4
코모로,202409,0,0,0,0,0,0,0,0,0,0
코모로,202410,3,0,0,0,0,0,0,0,0,3
코모로,202411,7,0,1,0,0,0,0,0,0,8
코모로,202412,0,0,0,0,0,0,0,0,0,1
코모로,소계,26,2,1,0,0,0,0,0,0,31
니제르,202401,0,0,0,0,0,0,0,0,0,0
니제르,202402,1,0,0,0,0,0,0,0,0,1
니제르,202403,1,0,0,0,0,0,0,0,0,1
니제르,202404,4,0,0,0,0,0,0,0,0,4
니제르,202405,2,0,0,0,0,0,0,0,0,2
니제르,202406,1,0,0,0,0,0,0,0,0,1
니제르,202407,2,0,0,0,0,0,0,0,0,2
니제르,202408,3,0,0,0,0,0,0,0,0,3
니제르,202409,7,0,0,0,0,0,0,0,0,7
니제르,202410,0,0,0,0,0,0,0,0,0,0
니제르,202411,3,0,0,0,0,0,0,0,0,3
니제르,소계,24,0,0,0,0,0,0,0,0,24
적도기니,202402,1,0,0,0,0,0,0,0,0,1
적도기니,202403,0,0,0,0,0,0,0,0,0,0
적도기니,202404,3,0,0,0,0,0,0,0,0,3
적도기니,202405,39,0,0,0,0,0,0,0,0,39
적도기니,202406,29,0,0,0,0,0,0,0,0,33
적도기니,202407,6,0,0,0,0,0,0,0,0,6
적도기니,202408,1,0,0,0,0,0,0,0,0,1
적도기니,202409,1,1,0,0,0,0,0,0,0,2
적도기니,202410,6,0,0,0,0,0,0,0,0,6
적도기니,202411,6,0,2,0,0,0,0,0,0,8
적도기니,202412,0,0,1,0,0,0,0,0,0,1
적도기니,소계,92,1,3,0,0,0,0,0,0,100
지부티,202401,2,0,0,0,0,0,0,0,0,2
지부티,202402,2,0,0,0,0,0,0,0,0,2
지부티,202403,0,0,0,0,0,0,0,0,0,0
지부티,202404,2,1,0,0,0,0,0,0,0,3
지부티,202405,1,0,0,0,0,0,0,0,0,1
지부티,202406,12,0,0,0,0,0,0,0,0,12
지부티,202407,0,0,0,0,0,0,0,0,0,0
지부티,202408,0,0,0,0,0,0,0,0,0,0
지부티,202409,2,0,0,0,0,0,0,0,0,2
지부티,202410,6,0,0,0,0,0,0,0,0,6
지부티,202411,6,0,1,0,0,0,0,0,0,7
지부티,소계,33,1,1,0,0,0,0,0,0,35
남수단공화국,202401,2,0,0,0,0,0,0,0,0,2
남수단공화국,202402,2,0,0,0,0,0,0,0,0,2
남수단공화국,202403,2,0,0,0,0,0,0,0,0,2
남수단공화국,202404,2,0,0,0,0,0,0,0,0,2
남수단공화국,202405,1,0,0,0,0,0,0,0,0,1
남수단공화국,202406,7,0,0,0,0,0,0,0,0,7
남수단공화국,202407,3,0,0,0,0,0,0,0,0,3
남수단공화국,202408,3,0,0,0,0,0,0,0,0,3
남수단공화국,202409,5,0,0,0,0,0,0,0,0,5
남수단공화국,202410,5,0,0,0,0,0,0,0,0,5
남수단공화국,202411,1,0,1,0,0,0,0,0,0,2
남수단공화국,202412,3,0,0,1,0,0,0,0,0,4
남수단공화국,소계,36,0,1,1,0,0,0,0,0,38
아프리카주,소계,53916,534,1697,342,122,24,0,0,1,70758
교포,202401,1809,407,211,39,21,14,0,0,1,2538
교포,202402,1750,381,212,27,18,15,0,1,1,2431
교포,202403,2402,479,351,72,28,18,0,0,2,3383
교포,202404,2407,532,339,91,37,13,0,0,0,3460
교포,202405,2299,506,320,82,40,19,0,0,1,3324
교포,202406,1975,416,262,69,23,18,0,0,1,2793
교포,202407,1736,424,247,65,25,19,0,0,0,2551
교포,202408,1825,384,279,91,22,15,0,0,0,2649
교포,202409,2153,365,284,111,37,21,0,0,1,3006
교포,202410,2370,473,368,108,35,20,0,1,0,3414
교포,202411,1927,422,346,86,26,17,0,0,2,2856
교포,202412,1762,401,288,51,32,15,0,0,9,2584
교포,소계,24415,5190,3507,892,344,204,0,2,18,34989
미상,202401,20,0,1,0,0,0,0,0,0,26
미상,202402,8,0,0,0,0,0,0,0,0,12
미상,202403,9,0,0,0,0,0,0,0,0,13
미상,202404,11,0,0,0,0,0,0,0,0,21
미상,202405,17,0,0,0,0,0,0,0,0,22
미상,202406,10,0,1,0,0,0,0,0,0,16
미상,202407,9,0,0,0,0,0,0,0,0,13
미상,202408,9,1,0,0,0,0,0,0,0,13
미상,202409,18,0,2,2,0,0,0,0,0,33
미상,202410,12,0,1,0,0,0,0,0,0,19
미상,202411,13,0,1,0,0,0,0,0,0,17
미상,202412,10,0,0,0,0,0,0,0,0,17
미상,소계,146,1,6,2,0,0,0,0,0,222
기타,소계,24561,5191,3513,894,344,204,0,2,18,35211
전체,전체,11013311,1052324,1175836,1118879,117603,59418,0,1975,2711,16369629
일본,202501,121983,32942,14877,967,750,666,0,0,0,174717
일본,202502,157354,43226,18345,884,993,774,0,0,0,224482
일본,202503,279832,57629,34588,2372,1746,1653,0,0,0,383312
일본,202504,164047,49328,25483,2078,1100,1098,0,0,0,257903
일본,202505,185989,55594,29258,2608,1398,1885,0,0,0,291626
일본,202506,186168,56098,25975,2137,1075,1794,0,0,0,287140
일본,202507,197608,58433,28882,2713,1258,2762,0,1,0,299782
일본,202508,250334,66906,41115,3997,2093,5012,0,0,0,378852
일본,202509,239619,66801,41750,3234,1934,5313,0,0,0,370709
일본,202510,196877,54640,31756,2896,1324,4837,0,0,0,316776
일본,202511,230043,65188,45854,3085,1284,4273,0,0,0,362879
일본,202512,195262,60534,35001,2148,1643,3354,0,0,0,304959
일본,소계,2405116,667319,372884,29119,16598,33421,0,1,0,3653137
중국,202501,213774,17838,9923,64867,553,42,0,0,0,364460
중국,202502,201980,15674,10020,50874,1001,49,0,0,0,340860
중국,202503,234175,18864,9937,60529,1298,80,0,0,0,416849
중국,202504,239190,19383,9313,82934,1088,587,0,0,0,443230
중국,202505,244535,19038,12564,91464,1164,1114,0,0,0,484390
중국,202506,244468,18877,10404,94861,925,1283,0,1,0,477052
중국,202507,320081,24794,21141,116023,1376,2397,0,0,0,602147
중국,202508,323804,23841,22506,115135,1874,2717,0,0,0,604618
중국,202509,257780,20688,16996,98307,1407,1570,0,0,0,503186
중국,202510,264187,16977,15304,81169,1197,1946,0,0,0,472477
중국,202511,214376,18933,10580,50015,898,1767,0,0,0,377866
중국,202512,253671,21540,9751,58961,983,779,0,3,0,393834
중국,소계,3012021,236447,158439,965139,13764,14331,0,4,0,5480969
대만,202501,73773,11558,30834,10022,4266,4633,0,0,0,135434
대만,202502,66221,10218,27916,8536,4118,2672,0,0,0,120015
대만,202503,68898,11302,36330,11373,5330,2817,0,0,0,140017
대만,202504,70332,11340,41939,13702,6142,806,0,0,0,151613
대만,202505,68796,11221,44918,17366,6196,1029,0,0,0,150272
대만,202506,78662,12414,45890,18627,7237,1537,0,0,0,164885
대만,202507,89963,13068,49504,21335,8851,5869,0,0,0,199280
대만,202508,86775,14592,48448,22419,8912,5280,0,0,0,191565
대만,202509,68067,12525,43710,20924,4508,4666,0,0,0,154992
대만,202510,71202,12044,45836,21278,4137,4442,0,0,0,161049
대만,202511,66227,11347,48367,22147,2983,3632,0,0,0,158374
대만,202512,75205,12862,45444,23392,2463,4002,0,2,0,163918
대만,소계,884121,144491,509136,211121,65143,41385,0,2,0,1891414
필리핀,202501,21372,48,2079,545,19,28,0,31,0,36740
필리핀,202502,21083,52,1896,711,36,75,0,0,0,37689
필리핀,202503,27037,40,2295,702,20,57,0,0,0,50973
필리핀,202504,38773,81,3449,1197,13,77,0,293,0,69393
필리핀,202505,30340,56,3143,554,12,41,0,0,0,60559
필리핀,202506,26622,75,3057,502,11,22,0,0,0,53128
필리핀,202507,16470,68,2142,581,22,28,0,0,0,41692
필리핀,202508,16964,76,2377,513,39,21,0,0,0,40847
필리핀,202509,20373,73,2529,557,6,19,0,0,0,47625
필리핀,202510,35072,92,3774,957,25,52,0,0,0,62811
필리핀,202511,33117,87,2823,661,12,15,0,0,0,60068
필리핀,202512,34750,93,2865,1848,24,74,0,683,0,53616
필리핀,소계,321973,841,32429,9328,239,509,0,1007,0,615141
홍콩,202501,38021,317,3812,1945,13,1,0,0,0,44278
홍콩,202502,26181,252,2534,1079,2,5,0,0,0,30270
홍콩,202503,35523,319,5174,2560,15,6,0,0,0,44030
홍콩,202504,53121,444,6165,4444,7,2,0,0,0,64591
홍콩,202505,40930,343,5709,3642,21,9,0,0,0,51363
홍콩,202506,44156,375,6144,4479,336,331,0,0,0,56109
홍콩,202507,50231,454,6354,6059,313,263,0,0,0,64224
홍콩,202508,52247,457,5342,5724,367,371,0,0,0,64860
홍콩,202509,32394,375,4163,3233,250,263,0,0,0,40879
홍콩,202510,35279,290,4177,3886,420,269,0,0,0,44671
홍콩,202511,40366,345,4579,3236,480,6,0,0,0,49635
홍콩,202512,57072,522,4732,4384,1159,4,0,0,0,68239
홍콩,소계,505521,4493,58885,44671,3383,1530,0,0,0,623149
태국,202501,17646,135,2380,46,173,7,0,0,0,20447
태국,202502,17611,65,2495,31,234,11,0,0,0,20598
태국,202503,22162,91,4900,72,299,12,0,0,0,27942
태국,202504,33208,140,5835,348,487,9,0,0,0,40689
태국,202505,24261,127,4420,272,87,20,0,0,0,29480
태국,202506,17170,106,2487,772,257,25,0,0,0,21179
태국,202507,16786,122,1985,1394,259,26,0,0,0,20856
태국,202508,14913,132,1908,1313,231,32,0,0,0,18844
태국,202509,17418,112,2198,1224,255,21,0,0,0,21535
태국,202510,35119,139,3971,928,385,18,0,0,0,40937
태국,202511,26732,103,3703,966,307,8,0,0,0,32303
태국,202512,32627,150,4443,1403,267,13,0,0,0,39120
태국,소계,275653,1422,40725,8769,3241,202,0,0,0,333930
말레이시아,202501,23766,121,993,1080,10,7,0,0,0,26188
말레이시아,202502,23075,111,823,900,7,3,0,0,0,25161
말레이시아,202503,21590,139,1755,985,17,12,0,0,0,24780
말레이시아,202504,27940,136,1296,851,26,1,0,0,0,30811
말레이시아,202505,23810,149,1990,848,18,7,0,0,0,27416
말레이시아,202506,17478,153,1058,636,14,6,0,0,0,19945
말레이시아,202507,11643,123,676,657,18,22,0,0,0,13840
말레이시아,202508,13440,119,605,741,18,15,0,0,0,15516
말레이시아,202509,27458,199,1561,1544,12,16,0,0,0,31359
말레이시아,202510,29742,134,1901,1496,28,11,0,0,0,34016
말레이시아,202511,31961,154,2096,1284,7,15,0,0,0,36250
말레이시아,202512,39358,253,2349,1637,23,11,0,0,0,43865
말레이시아,소계,291261,1791,17103,12659,198,126,0,0,0,329147
싱가포르,202501,15254,220,776,1264,8,1,0,0,0,17575
싱가포르,202502,13361,168,541,1341,4,0,0,0,0,15485
싱가포르,202503,30588,260,2054,3199,17,2,0,0,0,36370
싱가포르,202504,31355,290,2293,3205,15,0,0,0,0,37953
싱가포르,202505,31689,261,2357,2860,40,3,0,0,0,37734
싱가포르,202506,33727,283,2734,3229,45,5,0,0,0,40211
싱가포르,202507,13267,188,842,1524,3,5,0,0,0,16008
싱가포르,202508,12876,162,759,1908,4,2,0,0,0,15894
싱가포르,202509,23482,247,1681,4181,12,5,0,0,0,29816
싱가포르,202510,31627,295,2586,5030,20,4,0,0,0,39995
싱가포르,202511,38207,360,3647,5939,17,3,0,0,0,48541
싱가포르,202512,49806,742,4812,8448,12,8,0,0,0,64053
싱가포르,소계,325239,3476,25082,42128,197,38,0,0,0,399635
인도네시아,202501,18328,149,1022,666,8,4,0,0,0,27516
인도네시아,202502,16124,93,959,361,6,5,0,0,0,24574
인도네시아,202503,20986,87,1140,370,3,7,0,0,0,32325
인도네시아,202504,21243,213,1514,358,9,3,0,0,0,36580
인도네시아,202505,17850,68,1660,376,8,8,0,0,0,34665
인도네시아,202506,17331,87,1511,295,10,4,0,0,0,32029
인도네시아,202507,13603,168,1534,405,11,9,0,0,0,28651
인도네시아,202508,12200,69,1252,406,22,20,0,0,0,24800
인도네시아,202509,13306,101,1181,355,16,2,0,0,0,26703
인도네시아,202510,20985,123,1667,429,23,30,0,0,0,33323
인도네시아,202511,18969,126,1603,401,7,19,0,0,0,30357
인도네시아,202512,24719,171,1598,574,9,37,0,0,0,34073
인도네시아,소계,215644,1455,16641,4996,132,148,0,0,0,365596
인도,202501,4826,66,461,86,12,7,0,0,0,10783
인도,202502,5943,56,365,44,10,1,0,0,0,11586
인도,202503,7889,120,536,95,7,0,0,0,0,16082
인도,202504,10200,231,1036,159,21,1,0,0,0,21196
인도,202505,9909,133,721,154,15,3,0,0,0,22256
인도,202506,9124,147,619,149,11,3,0,0,0,19905
인도,202507,7108,149,653,113,12,3,0,0,0,16605
인도,202508,7410,123,713,137,36,7,0,0,0,15853
인도,202509,8858,181,913,175,14,2,0,0,0,19353
인도,202510,8462,144,793,238,21,4,0,0,0,17400
인도,202511,8238,144,748,134,13,4,0,0,0,16603
인도,202512,5586,87,440,208,9,2,0,0,0,11655
인도,소계,93553,1581,7998,1692,181,37,0,0,0,199277
베트남,202501,18793,37,5277,202,203,10,0,0,0,24922
베트남,202502,37266,43,12824,192,356,127,0,0,0,51313
베트남,202503,38219,38,13612,147,246,52,0,0,0,52874
베트남,202504,39344,138,12240,199,291,124,0,0,0,52792
베트남,202505,30333,60,9946,332,160,44,0,0,0,41565
베트남,202506,32119,80,11910,285,224,18,0,0,0,45408
베트남,202507,34526,81,11954,360,77,59,0,0,0,47692
베트남,202508,36477,75,13668,270,98,228,0,0,0,51664
베트남,202509,32439,52,12536,290,61,32,0,0,0,46001
베트남,202510,35550,54,13579,320,190,300,0,0,0,50483
베트남,202511,30987,41,11679,412,183,164,0,0,0,44013
베트남,202512,25474,67,7665,393,71,38,0,0,0,34378
베트남,소계,391527,766,136890,3402,2160,1196,0,0,0,543105
미얀마,202501,1739,19,426,8,9,5,0,0,0,5773
미얀마,202502,2357,15,517,5,9,0,0,0,0,6876
미얀마,202503,2149,8,661,18,9,1,0,0,0,7023
미얀마,202504,2000,9,538,28,9,1,0,0,0,6877
미얀마,202505,1752,12,557,27,1,1,0,0,0,7575
미얀마,202506,2110,2,520,7,6,0,0,0,0,7591
미얀마,202507,1430,10,604,3,13,0,0,0,0,7049
미얀마,202508,2673,20,607,8,28,3,0,0,0,8084
미얀마,202509,2249,16,526,40,11,2,0,0,0,7323
미얀마,202510,2964,17,540,53,13,1,0,0,0,7873
미얀마,202511,1745,5,540,25,9,1,0,0,0,6353
미얀마,202512,2322,12,525,36,10,3,0,0,0,7893
미얀마,소계,25490,145,6561,258,127,18,0,0,0,86290
몽골,202501,13868,53,1069,227,13,18,0,0,0,15487
몽골,202502,10190,19,689,219,2,8,0,1,0,11164
몽골,202503,13197,59,1168,230,10,15,0,0,0,14847
몽골,202504,10181,41,1534,282,22,834,0,0,0,12996
몽골,202505,8776,38,1683,183,125,761,0,0,0,11659
몽골,202506,12598,43,2048,357,195,828,0,0,0,16955
몽골,202507,10560,28,1899,482,211,1151,0,26,0,14456
몽골,202508,12189,23,1684,453,315,893,0,44,0,15682
몽골,202509,10312,21,1503,272,317,1263,0,0,0,13727
몽골,202510,10658,20,607,366,564,1546,0,0,0,13805
몽골,202511,12189,23,94,116,13,39,0,0,0,12737
몽골,202512,12881,71,113,188,4,33,0,0,0,13386
몽골,소계,137599,439,14091,3375,1791,7389,0,71,0,166901
스리랑카,202501,1836,4,192,9,40,3,0,0,0,2455
스리랑카,202502,1984,4,296,3,33,3,0,0,0,2598
스리랑카,202503,1890,2,207,9,39,0,0,0,0,2559
스리랑카,202504,1616,2,157,10,27,0,0,0,0,2242
스리랑카,202505,1727,3,150,3,55,5,0,0,0,2413
스리랑카,202506,1930,2,141,6,101,1,0,0,0,2578
스리랑카,202507,1526,3,144,2,52,0,0,0,0,2215
스리랑카,202508,2068,1,242,11,180,2,0,0,0,3063
스리랑카,202509,1908,4,298,6,62,1,0,0,0,2681
스리랑카,202510,2212,5,187,7,101,7,0,0,0,3007
스리랑카,202511,1397,6,178,15,30,1,0,0,0,1930
스리랑카,202512,1260,2,121,6,50,1,0,0,0,1627
스리랑카,소계,21354,38,2313,87,770,24,0,0,0,29368
파키스탄,202501,963,14,35,0,3,1,0,0,0,1062
파키스탄,202502,1446,9,44,2,5,1,0,0,0,1572
파키스탄,202503,992,7,32,1,4,0,0,0,0,1105
파키스탄,202504,1132,14,32,4,14,1,0,0,0,1242
파키스탄,202505,954,16,55,1,3,6,0,0,0,1067
파키스탄,202506,1065,7,38,6,4,2,0,0,0,1230
파키스탄,202507,1160,12,37,2,5,6,0,0,0,1256
파키스탄,202508,1493,12,75,10,12,4,0,0,0,1636
파키스탄,202509,1168,7,67,4,13,8,0,0,0,1383
파키스탄,202510,1372,17,44,2,3,4,0,0,0,1491
파키스탄,202511,1070,19,46,1,5,0,0,0,0,1188
파키스탄,202512,960,14,41,12,6,3,0,0,0,1089
파키스탄,소계,13775,148,546,45,77,36,0,0,0,15321
방글라데시,202501,1261,227,116,0,0,3,0,0,0,1769
방글라데시,202502,2042,373,170,1,0,0,0,0,0,2665
방글라데시,202503,1395,144,131,2,0,1,0,0,0,1830
방글라데시,202504,1444,149,121,6,2,1,0,0,0,1871
방글라데시,202505,1397,100,99,4,4,1,0,0,0,1825
방글라데시,202506,1350,168,135,4,1,1,0,0,0,1806
방글라데시,202507,1545,112,87,7,2,4,0,0,0,1902
방글라데시,202508,2604,271,161,3,12,2,0,0,0,3176
방글라데시,202509,1761,145,215,5,7,0,0,0,0,2242
방글라데시,202510,2446,265,157,9,0,0,0,0,0,3117
방글라데시,202511,1411,199,125,3,2,0,0,0,0,1936
방글라데시,202512,1244,206,159,7,1,0,0,0,0,1766
방글라데시,소계,19900,2359,1676,51,31,13,0,0,0,25905
마카오,202501,2549,13,171,127,0,0,0,0,0,2866
마카오,202502,1805,24,90,155,2,0,0,0,0,2093
마카오,202503,2634,28,221,184,2,3,0,0,0,3084
마카오,202504,2824,20,156,212,1,1,0,0,0,3229
마카오,202505,2790,25,210,255,2,1,0,0,0,3287
마카오,202506,2437,28,265,352,27,4,0,0,0,3148
마카오,202507,3772,30,489,663,8,16,0,0,0,4997
마카오,202508,4590,35,682,819,4,16,0,0,0,6204
마카오,202509,2251,25,174,305,3,13,0,0,0,2783
마카오,202510,2544,22,180,322,13,10,0,0,0,3110
마카오,202511,3322,26,139,207,9,2,0,0,0,3742
마카오,202512,5837,55,423,484,70,5,0,0,0,6900
마카오,소계,37355,331,3200,4085,141,71,0,0,0,45443
네팔,202501,2066,10,36,9,3,1,0,0,0,2479
네팔,202502,5241,5,26,6,0,2,0,0,0,5658
네팔,202503,6419,10,29,5,3,0,0,0,0,6786
네팔,202504,2851,3,29,6,1,0,0,0,0,3284
네팔,202505,2914,4,37,1,3,6,0,0,0,3735
네팔,202506,3168,10,21,4,0,8,0,0,0,4105
네팔,202507,2480,4,40,2,3,3,0,0,0,3541
네팔,202508,4757,5,49,11,2,2,0,0,0,5579
네팔,202509,3186,9,19,31,3,5,0,0,0,4029
네팔,202510,3125,11,48,12,9,4,0,0,0,3754
네팔,202511,4515,4,37,4,3,2,0,0,0,5081
네팔,202512,2846,5,15,4,1,2,0,0,0,3226
네팔,소계,43568,80,386,95,31,35,0,0,0,51257
캄보디아,202501,3742,3,102,21,0,14,0,0,0,3882
캄보디아,202502,3974,0,126,5,0,2,0,0,0,4114
캄보디아,202503,4873,0,185,49,2,0,0,0,0,5112
캄보디아,202504,6952,9,126,18,2,0,0,0,0,7107
캄보디아,202505,5419,9,95,23,0,0,0,0,0,5546
캄보디아,202506,3108,36,94,14,2,1,0,0,0,3256
캄보디아,202507,2923,34,35,14,4,0,0,0,0,3012
캄보디아,202508,2972,60,62,14,2,0,0,0,0,3125
캄보디아,202509,3106,22,154,16,1,2,0,0,0,3303
캄보디아,202510,4686,33,146,18,0,0,0,0,0,4889
캄보디아,202511,3715,31,216,29,1,2,0,0,0,4007
캄보디아,202512,4135,97,81,20,6,1,0,0,0,4341
캄보디아,소계,49605,334,1422,241,20,22,0,0,0,51694
브루나이,202501,657,0,0,2,0,0,0,0,0,659
브루나이,202502,478,0,22,0,1,0,0,0,0,503
브루나이,202503,658,0,17,3,0,0,0,0,0,678
브루나이,202504,581,2,8,0,0,1,0,0,0,593
브루나이,202505,494,1,4,6,0,0,0,0,0,512
브루나이,202506,541,2,5,1,0,0,0,0,0,551
브루나이,202507,417,3,6,4,0,0,0,0,0,437
브루나이,202508,529,0,14,0,1,1,0,0,0,553
브루나이,202509,405,2,15,4,0,0,0,0,0,426
브루나이,202510,504,0,43,6,0,0,0,0,0,553
브루나이,202511,765,2,8,0,0,3,0,0,0,783
브루나이,202512,1765,1,41,3,0,0,0,0,0,1821
브루나이,소계,7794,13,183,29,2,5,0,0,0,8069
라오스,202501,1122,2,67,3,0,0,0,0,0,1197
라오스,202502,1697,3,129,0,0,0,0,0,0,1833
라오스,202503,3600,1,378,2,0,0,0,0,0,3986
라오스,202504,3653,2,1082,3,2,0,0,0,0,4748
라오스,202505,1756,0,827,2,0,0,0,0,0,2591
라오스,202506,1067,1,254,177,4,0,0,0,0,1507
라오스,202507,1296,0,194,7,0,0,0,0,0,1501
라오스,202508,1560,1,562,8,1,0,0,0,0,2139
라오스,202509,1357,2,489,8,0,0,0,0,0,1862
라오스,202510,2080,0,813,147,0,0,0,0,0,3045
라오스,202511,1343,1,509,5,1,0,0,0,0,1860
라오스,202512,1513,11,255,3,1,0,0,0,0,1793
라오스,소계,22044,24,5559,365,9,0,0,0,0,28062
아프가니스탄,202501,12,0,0,0,0,0,0,0,0,12
아프가니스탄,202502,31,0,0,0,0,0,0,0,0,31
아프가니스탄,202503,12,0,0,0,0,0,0,0,0,12
아프가니스탄,202504,29,0,0,0,0,0,0,0,0,29
아프가니스탄,202505,21,0,1,0,0,0,0,0,0,22
아프가니스탄,202506,30,0,0,0,0,0,0,0,0,30
아프가니스탄,202507,25,0,0,0,0,0,0,0,0,25
아프가니스탄,202508,33,0,0,0,0,0,0,0,0,33
아프가니스탄,202509,17,0,0,0,0,0,0,0,0,17
아프가니스탄,202510,22,0,0,0,0,0,0,0,0,22
아프가니스탄,202511,19,0,0,0,0,0,0,0,0,19
아프가니스탄,202512,18,0,0,0,1,0,0,0,0,19
아프가니스탄,소계,269,0,1,0,1,0,0,0,0,271
몰디브,202501,4,0,0,1,0,0,0,0,0,5
몰디브,202502,8,0,0,1,0,0,0,0,0,10
몰디브,202503,7,0,0,0,0,0,0,0,0,7
몰디브,202504,30,0,5,0,0,0,0,0,0,37
몰디브,202505,10,0,5,1,0,0,0,0,0,20
몰디브,202506,37,0,0,0,0,0,0,0,0,39
몰디브,202507,16,1,3,0,0,0,0,0,0,20
몰디브,202508,10,0,0,0,0,0,0,0,0,12
몰디브,202509,30,0,2,0,0,0,0,0,0,35
몰디브,202510,19,1,2,0,0,0,0,0,0,22
몰디브,202511,30,0,0,0,0,0,0,0,0,32
몰디브,202512,8,0,3,0,0,0,0,0,0,11
몰디브,소계,209,2,20,3,0,0,0,0,0,250
티모르,202501,121,0,3,0,0,0,0,0,0,124
티모르,202502,127,0,2,1,1,0,0,0,0,131
티모르,202503,122,0,4,0,0,0,0,0,0,126
티모르,202504,106,0,15,1,0,0,0,0,0,122
티모르,202505,140,0,3,1,0,0,0,0,0,144
티모르,202506,121,0,3,0,0,0,0,0,0,124
티모르,202507,207,0,4,0,0,0,0,0,0,211
티모르,202508,276,0,2,3,0,0,0,0,0,281
티모르,202509,206,0,11,2,0,0,0,0,0,219
티모르,202510,205,0,10,2,0,3,0,0,0,220
티모르,202511,106,0,7,1,0,0,0,0,0,114
티모르,202512,91,0,1,1,0,0,0,0,0,93
티모르,소계,1828,0,65,12,1,3,0,0,0,1909
부탄,202501,17,0,3,0,0,0,0,0,0,21
부탄,202502,19,0,2,0,0,0,0,0,0,22
부탄,202503,28,0,1,0,0,0,0,0,0,36
부탄,202504,38,0,13,0,0,0,0,0,0,56
부탄,202505,27,0,18,0,7,0,0,0,0,56
부탄,202506,30,0,0,0,0,0,0,0,0,32
부탄,202507,25,0,3,0,0,0,0,0,0,29
부탄,202508,28,0,1,0,0,0,0,0,0,30
부탄,202509,95,0,0,1,0,0,0,0,0,97
부탄,202510,67,1,0,0,0,0,0,0,0,69
부탄,202511,60,0,4,2,0,0,0,0,0,66
부탄,202512,5,0,2,0,0,0,0,0,0,7
부탄,소계,439,1,47,3,7,0,0,0,0,521
국제연합,202501,41,3,2,0,0,0,0,0,0,46
국제연합,202502,38,7,3,0,0,0,0,0,0,48
국제연합,202503,66,4,2,0,0,0,0,0,0,72
국제연합,202504,48,2,12,0,0,0,0,0,0,62
국제연합,202505,75,1,13,2,0,0,0,0,0,91
국제연합,202506,58,3,3,5,0,0,0,0,0,69
국제연합,202507,56,2,3,1,0,0,0,0,0,62
국제연합,202508,80,4,11,0,0,0,0,0,0,95
국제연합,202509,131,1,2,1,0,0,0,0,0,135
국제연합,202510,87,5,12,0,0,0,0,0,0,104
국제연합,202511,142,8,7,0,0,0,0,0,0,157
국제연합,202512,50,4,2,0,0,0,0,0,0,56
국제연합,소계,872,44,72,9,0,0,0,0,0,997
아시아주,소계,9103730,1068040,1412354,1341682,108244,100539,0,1085,0,14946758
우즈베키스탄,202501,5228,49,51,1,4,5,0,0,0,5343
우즈베키스탄,202502,6238,178,40,1,4,1,0,0,0,6468
우즈베키스탄,202503,5710,80,27,1,0,1,0,0,0,5829
우즈베키스탄,202504,4026,24,27,1,3,3,0,0,0,4092
우즈베키스탄,202505,4292,45,23,0,3,8,0,0,0,4381
우즈베키스탄,202506,4221,21,164,1,1,2,0,0,0,4413
우즈베키스탄,202507,5356,24,329,0,13,7,0,0,0,5741
우즈베키스탄,202508,8016,53,530,1,1,12,0,0,0,8625
우즈베키스탄,202509,8086,44,303,0,3,7,0,0,0,8449
우즈베키스탄,202510,5646,45,257,0,3,3,0,0,0,5960
우즈베키스탄,202511,4535,12,171,3,2,3,0,0,0,4734
우즈베키스탄,202512,3549,14,266,2,2,21,0,0,0,3865
우즈베키스탄,소계,64903,589,2188,11,39,73,0,0,0,67900
터키,202501,2204,79,37,4,1,0,0,0,0,2461
터키,202502,2212,27,43,6,9,0,0,0,0,2395
터키,202503,4939,166,90,16,3,1,0,0,0,5440
터키,202504,5881,698,178,17,6,2,0,0,0,7100
터키,202505,4363,177,90,15,3,8,0,0,0,4920
터키,202506,4735,272,99,18,7,1,0,0,0,5347
터키,202507,5490,172,124,4,7,8,0,0,0,5982
터키,202508,5690,179,151,10,4,8,0,0,0,6300
터키,202509,5391,215,115,26,8,6,0,0,0,6022
터키,202510,5344,270,117,15,6,6,0,0,0,6007
터키,202511,5107,336,89,15,2,3,0,0,0,5803
터키,202512,1989,127,79,13,10,3,0,0,0,2425
터키,소계,53345,2718,1212,159,66,46,0,0,0,60202
이스라엘,202501,425,14,30,1,3,1,0,0,0,480
이스라엘,202502,595,32,31,4,1,1,0,0,0,675
이스라엘,202503,1651,36,100,11,5,2,0,0,0,2029
이스라엘,202504,2574,83,106,24,0,1,0,0,0,3052
이스라엘,202505,1839,40,102,14,9,6,0,0,0,2207
이스라엘,202506,1057,37,107,6,9,6,0,0,0,1315
이스라엘,202507,1472,35,124,12,16,11,0,0,0,1692
이스라엘,202508,1573,56,129,17,6,11,0,0,0,1841
이스라엘,202509,3620,51,87,41,11,8,0,0,0,3885
이스라엘,202510,4060,118,155,41,7,3,0,0,0,4707
이스라엘,202511,1857,59,70,7,0,1,0,0,0,2215
이스라엘,202512,753,31,50,3,0,0,0,0,0,851
이스라엘,소계,21476,592,1091,181,67,51,0,0,0,24949
이란,202501,159,9,14,0,0,0,0,0,0,185
이란,202502,172,1,9,0,0,0,0,0,0,184
이란,202503,597,5,8,14,0,0,0,0,0,633
이란,202504,427,0,12,1,0,0,0,0,0,444
이란,202505,286,5,11,0,0,0,0,0,0,314
이란,202506,158,5,8,3,0,0,0,0,0,178
이란,202507,210,2,7,1,0,0,0,0,0,246
이란,202508,349,0,10,0,0,0,0,0,0,368
이란,202509,481,10,20,2,0,0,0,0,0,527
이란,202510,335,8,14,2,0,0,0,0,0,361
이란,202511,261,5,17,3,0,0,0,0,0,289
이란,202512,217,6,6,1,0,0,0,0,0,232
이란,소계,3652,56,136,27,0,0,0,0,0,3961
카자흐스탄,202501,3882,69,47,3,1,0,0,0,0,4007
카자흐스탄,202502,4099,108,55,9,2,4,0,0,0,4285
카자흐스탄,202503,5939,221,70,12,0,0,0,0,0,6267
카자흐스탄,202504,5661,172,100,11,3,1,0,0,0,6044
카자흐스탄,202505,5011,87,65,11,3,1,0,0,0,5229
카자흐스탄,202506,5215,83,70,20,1,0,0,0,0,5636
카자흐스탄,202507,5945,51,129,22,4,3,0,0,0,6269
카자흐스탄,202508,6907,112,79,5,3,3,0,0,0,7222
카자흐스탄,202509,5434,57,73,16,3,6,0,0,0,5607
카자흐스탄,202510,5558,126,98,14,5,10,0,0,0,6014
카자흐스탄,202511,4719,128,129,19,0,2,0,0,0,5139
카자흐스탄,202512,3001,62,147,6,0,2,0,0,0,3271
카자흐스탄,소계,61371,1276,1062,148,25,32,0,0,0,64990
요르단,202501,121,1,3,0,0,0,0,0,0,140
요르단,202502,181,0,5,0,0,0,0,0,0,193
요르단,202503,176,0,9,0,0,0,0,0,0,197
요르단,202504,190,1,6,0,2,0,0,0,0,205
요르단,202505,221,0,8,1,2,0,0,0,0,245
요르단,202506,240,0,9,2,0,0,0,0,0,254
요르단,202507,187,1,7,0,0,0,0,0,0,201
요르단,202508,200,3,10,1,0,0,0,0,0,222
요르단,202509,242,2,4,1,0,0,0,0,0,251
요르단,202510,297,1,4,3,0,0,0,0,0,313
요르단,202511,251,2,18,3,0,0,0,0,0,279
요르단,202512,154,1,3,1,0,0,0,0,0,162
요르단,소계,2460,12,86,12,4,0,0,0,0,2662
사우디아라비아,202501,828,14,4,1,0,1,0,0,0,855
사우디아라비아,202502,861,15,14,0,0,0,0,0,0,896
사우디아라비아,202503,761,4,10,8,0,0,0,0,0,789
사우디아라비아,202504,1973,43,14,16,1,0,0,0,0,2049
사우디아라비아,202505,1849,23,21,8,8,0,0,0,0,1920
사우디아라비아,202506,2404,61,22,24,0,0,0,0,0,2512
사우디아라비아,202507,2436,87,28,31,0,0,0,0,0,2598
사우디아라비아,202508,1678,31,21,16,0,0,0,0,0,1752
사우디아라비아,202509,1598,37,34,5,1,1,0,0,0,1678
사우디아라비아,202510,1899,181,25,19,0,0,0,0,0,2157
사우디아라비아,202511,2461,62,23,17,0,0,0,0,0,2566
사우디아라비아,202512,1166,22,31,0,0,2,0,0,0,1226
사우디아라비아,소계,19914,580,247,145,10,4,0,0,0,20998
이라크,202501,130,0,0,0,0,0,0,0,0,131
이라크,202502,184,0,2,0,0,0,0,0,0,186
이라크,202503,224,0,0,0,0,0,0,0,0,224
이라크,202504,274,0,0,0,0,0,0,0,0,274
이라크,202505,214,0,0,0,0,0,0,0,0,214
이라크,202506,170,0,0,0,0,0,0,0,0,170
이라크,202507,252,0,4,0,0,0,0,0,0,256
이라크,202508,230,0,0,0,0,0,0,0,0,230
이라크,202509,264,0,2,0,0,0,0,0,0,266
이라크,202510,267,2,2,0,0,0,0,0,0,271
이라크,202511,250,4,0,0,0,0,0,0,0,256
이라크,202512,195,1,1,0,0,0,0,0,0,197
이라크,소계,2654,7,11,0,0,0,0,0,0,2675
키르기스스탄,202501,676,22,4,0,1,0,0,0,0,703
키르기스스탄,202502,994,15,6,1,0,0,0,0,0,1034
키르기스스탄,202503,827,14,9,0,1,0,0,0,0,926
키르기스스탄,202504,1107,9,15,1,0,0,0,0,0,1295
키르기스스탄,202505,714,19,15,0,1,4,0,0,0,790
키르기스스탄,202506,890,6,16,0,0,0,0,0,0,954
키르기스스탄,202507,911,2,17,0,2,2,0,0,0,972
키르기스스탄,202508,1472,56,17,0,0,0,0,0,0,1572
키르기스스탄,202509,1401,30,10,0,1,4,0,0,0,1451
키르기스스탄,202510,1154,27,17,0,0,3,0,0,0,1311
키르기스스탄,202511,883,5,27,0,0,2,0,0,0,952
키르기스스탄,202512,795,5,17,1,1,1,0,0,0,827
키르기스스탄,소계,11824,210,170,3,7,16,0,0,0,12787
시리아,202501,86,0,5,0,1,0,0,0,0,95
시리아,202502,172,1,0,0,0,0,0,0,0,177
시리아,202503,97,0,0,0,0,0,0,0,0,97
시리아,202504,237,1,2,0,0,0,0,0,0,257
시리아,202505,186,2,2,0,0,0,0,0,0,301
시리아,202506,140,0,29,0,0,0,0,0,0,198
시리아,202507,203,1,1,0,0,0,0,0,0,206
시리아,202508,167,0,0,0,0,0,0,0,0,211
시리아,202509,229,0,12,0,0,0,0,0,0,306
시리아,202510,302,0,4,0,0,0,0,0,0,310
시리아,202511,182,0,1,1,0,0,0,0,0,187
시리아,202512,208,0,1,0,1,0,0,0,0,212
시리아,소계,2209,5,57,1,2,0,0,0,0,2557
레바논,202501,56,0,0,0,0,0,0,0,0,67
레바논,202502,60,0,2,1,1,0,0,0,0,65
레바논,202503,90,2,1,0,0,0,0,0,0,112
레바논,202504,134,0,2,0,0,0,0,0,0,142
레바논,202505,106,1,2,0,0,0,0,0,0,111
레바논,202506,87,1,0,1,2,0,0,0,0,92
레바논,202507,91,2,3,0,0,0,0,0,0,103
레바논,202508,69,4,3,0,0,0,0,0,0,78
레바논,202509,91,2,5,0,0,0,0,0,0,98
레바논,202510,89,1,11,0,0,0,0,0,0,114
레바논,202511,121,0,8,0,0,0,0,0,0,137
레바논,202512,32,1,2,0,0,0,0,0,0,36
레바논,소계,1026,14,39,2,3,0,0,0,0,1155
아랍에미리트연합,202501,300,5,0,0,0,0,0,0,0,312
아랍에미리트연합,202502,349,16,2,0,0,0,0,0,0,372
아랍에미리트연합,202503,500,6,5,0,0,0,0,0,0,513
아랍에미리트연합,202504,1184,16,3,1,0,1,0,0,0,1213
아랍에미리트연합,202505,689,11,12,3,0,0,0,0,0,717
아랍에미리트연합,202506,608,8,1,10,0,0,0,0,0,627
아랍에미리트연합,202507,957,16,7,0,0,0,0,0,0,982
아랍에미리트연합,202508,700,27,11,0,0,0,0,0,0,746
아랍에미리트연합,202509,587,4,0,1,0,0,0,0,0,598
아랍에미리트연합,202510,917,21,98,5,0,0,0,0,0,1041
아랍에미리트연합,202511,894,12,8,0,0,0,0,0,0,923
아랍에미리트연합,202512,1145,42,8,0,0,0,0,0,0,1199
아랍에미리트연합,소계,8830,184,155,20,0,1,0,0,0,9243
쿠웨이트,202501,329,6,0,4,0,0,0,0,0,339
쿠웨이트,202502,152,2,0,0,0,0,0,0,0,154
쿠웨이트,202503,214,1,1,0,0,0,0,0,0,218
쿠웨이트,202504,374,26,31,0,0,0,0,0,0,432
쿠웨이트,202505,339,17,3,0,0,0,0,0,0,362
쿠웨이트,202506,426,6,6,0,0,0,0,0,0,439
쿠웨이트,202507,340,10,2,0,0,0,0,0,0,352
쿠웨이트,202508,681,32,3,0,0,0,0,0,0,727
쿠웨이트,202509,293,4,3,1,0,0,0,0,0,307
쿠웨이트,202510,349,18,5,0,0,0,0,0,0,377
쿠웨이트,202511,312,8,9,4,0,0,0,0,0,333
쿠웨이트,202512,284,11,4,1,0,0,0,0,0,301
쿠웨이트,소계,4093,141,67,10,0,0,0,0,0,4341
예멘공화국,202501,48,0,0,0,1,0,0,0,0,49
예멘공화국,202502,82,1,0,7,0,0,0,0,0,90
예멘공화국,202503,35,1,4,0,0,0,0,0,0,40
예멘공화국,202504,134,0,0,0,0,0,0,0,0,134
예멘공화국,202505,98,4,4,0,2,0,0,0,0,111
예멘공화국,202506,84,1,1,1,0,0,0,0,0,89
예멘공화국,202507,85,0,5,1,0,0,0,0,0,93
예멘공화국,202508,99,0,4,0,0,0,0,0,0,112
예멘공화국,202509,93,1,3,0,0,0,0,0,0,101
예멘공화국,202510,107,1,3,0,0,0,0,0,0,114
예멘공화국,202511,58,0,2,0,1,0,0,0,0,63
예멘공화국,202512,76,2,2,1,0,0,0,0,0,81
예멘공화국,소계,999,11,28,10,4,0,0,0,0,1077
오만,202501,38,0,0,2,0,0,0,0,0,44
오만,202502,110,3,0,0,0,0,0,0,0,127
오만,202503,113,1,1,0,1,0,0,0,0,116
오만,202504,279,2,2,0,0,0,0,0,0,286
오만,202505,178,2,5,1,0,0,0,0,0,189
오만,202506,242,1,3,0,0,1,0,0,0,251
오만,202507,171,7,9,0,0,0,0,0,0,195
오만,202508,142,3,5,0,0,0,0,0,0,150
오만,202509,177,5,9,0,0,0,0,0,0,192
오만,202510,187,3,6,2,0,0,0,0,0,220
오만,202511,181,6,12,0,0,0,0,0,0,200
오만,202512,141,3,2,0,0,0,0,0,0,147
오만,소계,1959,36,54,5,1,1,0,0,0,2117
타지키스탄,202501,382,6,1,0,5,1,0,0,0,398
타지키스탄,202502,460,1,3,0,3,0,0,0,0,470
타지키스탄,202503,424,5,2,0,2,0,0,0,0,436
타지키스탄,202504,593,12,4,0,1,0,0,0,0,616
타지키스탄,202505,511,0,3,0,0,0,0,0,0,514
타지키스탄,202506,515,2,15,0,0,0,0,0,0,532
타지키스탄,202507,581,7,20,0,0,0,0,0,0,608
타지키스탄,202508,799,55,5,0,0,0,0,0,0,860
타지키스탄,202509,894,12,4,0,0,0,0,0,0,910
타지키스탄,202510,486,6,4,0,0,0,0,0,0,497
타지키스탄,202511,510,6,5,2,0,1,0,0,0,524
타지키스탄,202512,421,1,3,0,0,0,0,0,0,425
타지키스탄,소계,6576,113,69,2,11,2,0,0,0,6790
바레인,202501,38,0,1,0,0,0,0,0,0,42
바레인,202502,49,0,0,0,0,0,0,0,0,49
바레인,202503,34,1,2,0,0,0,0,0,0,37
바레인,202504,132,6,3,0,0,0,0,0,0,143
바레인,202505,87,1,2,1,0,0,0,0,0,91
바레인,202506,97,0,1,0,0,0,0,0,0,98
바레인,202507,90,6,4,0,0,0,0,0,0,105
바레인,202508,74,0,1,0,0,0,0,0,0,81
바레인,202509,76,1,1,5,0,0,0,0,0,83
바레인,202510,83,10,0,5,0,0,0,0,0,98
바레인,202511,112,0,1,3,0,0,0,0,0,120
바레인,202512,108,3,0,0,0,0,0,0,0,111
바레인,소계,980,28,16,14,0,0,0,0,0,1058
투르크메니스탄,202501,62,4,7,0,1,0,0,0,0,74
투르크메니스탄,202502,82,1,7,0,0,0,0,0,0,93
투르크메니스탄,202503,57,2,1,0,0,0,0,0,0,66
투르크메니스탄,202504,82,7,3,0,0,0,0,0,0,96
투르크메니스탄,202505,89,7,1,0,0,0,0,0,0,102
투르크메니스탄,202506,70,10,10,7,0,0,0,0,0,98
투르크메니스탄,202507,247,2,2,5,0,0,0,0,0,274
투르크메니스탄,202508,219,0,0,2,0,0,0,0,0,262
투르크메니스탄,202509,191,0,2,6,0,1,0,0,0,200
투르크메니스탄,202510,200,5,0,4,0,0,0,0,0,211
투르크메니스탄,202511,125,0,0,2,0,2,0,0,0,129
투르크메니스탄,202512,109,0,0,5,0,0,0,0,0,114
투르크메니스탄,소계,1533,38,33,31,1,3,0,0,0,1719
팔레스타인,202501,10,0,0,0,0,0,0,0,0,10
팔레스타인,202502,10,0,0,0,0,0,0,0,0,10
팔레스타인,202503,11,0,0,0,0,0,0,0,0,11
팔레스타인,202504,21,1,0,0,0,0,0,0,0,22
팔레스타인,202505,19,1,0,0,0,0,0,0,0,20
팔레스타인,202506,14,0,0,0,0,0,0,0,0,14
팔레스타인,202507,27,1,0,0,0,0,0,0,0,28
팔레스타인,202508,19,1,0,0,0,0,0,0,0,20
팔레스타인,202509,42,0,0,0,0,0,0,0,0,42
팔레스타인,202510,19,1,0,0,0,0,0,0,0,20
팔레스타인,202511,32,0,0,0,0,0,0,0,0,32
팔레스타인,202512,12,0,0,0,0,0,0,0,0,12
팔레스타인,소계,236,5,0,0,0,0,0,0,0,241
키프로스,202501,43,4,1,0,1,0,0,0,0,50
키프로스,202502,29,0,1,2,0,0,0,0,0,40
키프로스,202503,120,3,8,0,0,0,0,0,0,148
키프로스,202504,186,12,9,0,0,0,0,0,0,225
키프로스,202505,79,13,2,4,0,0,0,0,0,116
키프로스,202506,95,2,5,4,0,0,0,0,0,114
키프로스,202507,89,5,7,0,0,0,0,0,0,109
키프로스,202508,158,22,2,0,0,0,0,0,0,189
키프로스,202509,99,13,10,4,0,0,0,0,0,149
키프로스,202510,131,7,9,1,0,0,0,0,0,162
키프로스,202511,96,6,6,0,0,0,0,0,0,121
키프로스,202512,63,5,8,1,1,0,0,0,0,80
키프로스,소계,1188,92,68,16,2,0,0,0,0,1503
카타르,202501,80,3,3,0,0,0,0,0,0,86
카타르,202502,83,3,0,0,0,0,0,0,0,86
카타르,202503,100,3,6,0,0,0,0,0,0,109
카타르,202504,295,16,4,0,0,0,0,0,0,315
카타르,202505,137,2,8,0,2,0,0,0,0,149
카타르,202506,156,0,2,0,0,0,0,0,0,163
카타르,202507,272,9,6,0,0,0,0,0,0,287
카타르,202508,176,2,14,0,0,0,0,0,0,192
카타르,202509,140,0,6,0,0,0,0,0,0,146
카타르,202510,204,2,9,0,0,0,0,0,0,219
카타르,202511,100,9,10,0,0,0,0,0,0,119
카타르,202512,193,3,4,0,0,0,0,0,0,200
카타르,소계,1936,52,72,0,2,0,0,0,0,2071
중동,소계,273164,6759,6861,797,244,229,0,0,0,294996
미국,202501,67382,2837,2160,382,243,87,0,0,0,74262
미국,202502,64873,2440,2184,284,248,64,0,0,0,72445
미국,202503,113663,4345,3987,663,364,91,0,0,0,132117
미국,202504,125297,6467,4864,844,539,147,1,3,0,153381
미국,202505,113099,5188,4382,870,469,205,0,0,0,132324
미국,202506,141873,7858,5666,1334,559,276,0,1,0,166242
미국,202507,112351,5099,4394,1203,497,230,0,1,0,131832
미국,202508,95920,3640,3591,1014,374,196,0,0,0,111754
미국,202509,106706,4402,3952,855,441,174,0,0,0,121682
미국,202510,126717,5451,5404,972,577,309,0,0,0,148951
미국,202511,113057,5341,4745,684,391,271,0,0,0,132651
미국,202512,94080,5187,3583,508,420,261,0,28,0,105599
미국,소계,1275018,58255,48912,9613,5122,2311,1,33,0,1483240
캐나다,202501,12820,454,437,122,44,15,0,0,0,13975
캐나다,202502,12902,434,441,116,42,27,0,0,0,14252
캐나다,202503,21353,745,805,208,51,25,0,0,0,25018
캐나다,202504,24346,903,1139,301,70,37,0,1,0,30972
캐나다,202505,23417,915,1002,319,51,40,0,0,0,27787
캐나다,202506,19371,639,638,295,41,41,0,0,0,22065
캐나다,202507,21207,627,764,341,65,66,0,0,0,24316
캐나다,202508,20787,679,664,394,50,51,0,0,0,24153
캐나다,202509,24165,728,860,253,59,27,0,0,0,27534
캐나다,202510,25930,835,1337,373,87,67,0,0,0,30938
캐나다,202511,19176,806,873,252,49,42,0,0,0,23135
캐나다,202512,16602,757,588,178,57,52,0,0,0,18473
캐나다,소계,242076,8522,9548,3152,666,490,0,1,0,282618
브라질,202501,2020,199,193,17,6,1,0,0,0,2488
브라질,202502,1567,117,196,6,6,2,0,0,0,1970
브라질,202503,3252,167,184,24,6,10,0,0,0,4012
브라질,202504,3391,287,339,23,10,5,0,0,0,4511
브라질,202505,2873,169,180,26,4,0,0,0,0,3656
브라질,202506,2513,165,160,20,8,16,0,0,0,3182
브라질,202507,2627,183,218,39,16,7,0,0,0,3442
브라질,202508,2412,140,217,17,15,18,0,0,0,3103
브라질,202509,2884,258,170,56,7,5,0,0,0,3751
브라질,202510,4096,264,216,27,9,15,0,0,0,4967
브라질,202511,2836,242,155,22,9,5,0,0,0,3541
브라질,202512,2385,224,88,26,8,8,0,0,0,2984
브라질,소계,32856,2415,2316,303,104,92,0,0,0,41607
멕시코,202501,3942,121,89,45,2,0,0,0,0,4226
멕시코,202502,4306,90,79,14,7,1,0,0,0,4586
멕시코,202503,5925,140,186,9,7,1,0,0,0,6549
멕시코,202504,8406,343,311,21,10,3,0,0,0,9977
멕시코,202505,5558,150,165,21,4,5,0,0,0,6554
멕시코,202506,5353,146,240,11,7,6,0,0,0,6303
멕시코,202507,6658,225,327,17,5,13,0,0,0,8430
멕시코,202508,6340,221,352,16,9,4,0,0,0,7584
멕시코,202509,7791,273,306,33,8,0,0,0,0,8869
멕시코,202510,8652,269,372,39,5,12,0,0,0,9909
멕시코,202511,6989,260,296,44,4,4,0,0,0,7927
멕시코,202512,4153,164,147,10,12,12,0,0,0,4589
멕시코,소계,74073,2402,2870,280,80,61,0,0,0,85503
칠레,202501,377,35,25,6,0,0,0,0,0,451
칠레,202502,586,56,46,5,2,1,0,0,0,729
칠레,202503,544,53,31,4,3,0,0,0,0,688
칠레,202504,630,66,48,7,3,0,0,0,0,851
칠레,202505,696,56,22,1,2,5,0,0,0,877
칠레,202506,611,60,39,4,1,0,0,0,0,787
칠레,202507,410,36,20,7,0,4,0,0,0,525
칠레,202508,472,23,38,13,1,6,0,0,0,611
칠레,202509,705,46,42,4,1,3,0,0,0,924
칠레,202510,823,59,54,15,3,3,0,0,0,1067
칠레,202511,635,56,46,7,1,5,0,0,0,820
칠레,202512,354,23,15,4,5,1,0,0,0,425
칠레,소계,6843,569,426,77,22,28,0,0,0,8755
아르헨티나,202501,440,34,29,0,2,0,0,0,0,536
아르헨티나,202502,437,49,22,5,0,0,0,0,0,550
아르헨티나,202503,895,54,43,5,1,1,0,0,0,1094
아르헨티나,202504,913,62,49,6,0,0,0,0,0,1223
아르헨티나,202505,757,51,30,8,3,0,0,0,0,1083
아르헨티나,202506,524,32,33,7,3,0,0,0,0,760
아르헨티나,202507,492,39,19,10,0,0,0,0,0,664
아르헨티나,202508,480,20,36,10,1,3,0,0,0,648
아르헨티나,202509,682,33,18,5,0,1,0,0,0,874
아르헨티나,202510,918,63,47,5,0,2,0,0,0,1169
아르헨티나,202511,588,33,34,3,1,2,0,0,0,763
아르헨티나,202512,377,30,17,2,0,1,0,0,0,485
아르헨티나,소계,7503,500,377,66,11,10,0,0,0,9849
콜롬비아,202501,424,20,32,6,2,0,0,0,0,557
콜롬비아,202502,400,12,20,5,1,0,0,0,0,513
콜롬비아,202503,990,24,19,10,1,0,0,0,0,1250
콜롬비아,202504,1377,72,114,9,0,0,0,0,0,1852
콜롬비아,202505,1021,58,49,6,0,1,0,0,0,1481
콜롬비아,202506,1132,77,66,8,1,0,0,0,0,1534
콜롬비아,202507,1005,51,48,9,1,1,0,0,0,1347
콜롬비아,202508,922,37,48,6,4,0,0,0,0,1222
콜롬비아,202509,1333,40,63,7,7,0,0,0,0,1679
콜롬비아,202510,1470,95,80,14,1,0,0,0,0,1924
콜롬비아,202511,1186,60,82,8,0,0,0,0,0,1554
콜롬비아,202512,756,47,31,4,0,0,0,0,0,907
콜롬비아,소계,12016,593,652,92,18,2,0,0,0,15820
페루,202501,250,12,18,2,0,0,0,0,0,310
페루,202502,319,7,15,0,2,0,0,0,0,392
페루,202503,455,12,12,1,0,0,0,0,0,625
페루,202504,545,38,40,6,0,0,0,0,0,827
페루,202505,499,19,24,8,2,3,0,0,0,687
페루,202506,539,23,22,7,3,2,0,0,0,697
페루,202507,416,20,26,7,0,2,0,0,0,534
페루,202508,548,34,33,2,0,2,0,0,0,698
페루,202509,582,35,33,3,2,2,0,0,0,772
페루,202510,674,41,39,4,5,0,0,0,0,872
페루,202511,498,28,34,4,0,2,0,0,0,675
페루,202512,303,45,9,4,2,1,0,0,0,401
페루,소계,5628,314,305,48,16,14,0,0,0,7490
베네수엘라,202501,98,1,6,5,1,0,0,0,0,115
베네수엘라,202502,71,5,2,3,0,0,0,0,0,83
베네수엘라,202503,175,3,7,2,0,0,0,0,0,198
베네수엘라,202504,188,11,12,0,0,0,0,0,0,228
베네수엘라,202505,152,16,5,1,0,0,0,0,0,191
베네수엘라,202506,162,8,5,2,0,0,0,0,0,210
베네수엘라,202507,133,11,12,0,0,0,0,0,0,199
베네수엘라,202508,160,2,6,1,1,2,0,0,0,205
베네수엘라,202509,227,5,8,5,1,0,0,0,0,283
베네수엘라,202510,198,8,13,2,0,2,0,0,0,251
베네수엘라,202511,157,7,10,7,1,0,0,0,0,200
베네수엘라,202512,109,1,1,0,0,0,0,0,0,116
베네수엘라,소계,1830,78,87,28,4,4,0,0,0,2279
에콰도르,202501,116,2,5,0,0,0,0,0,0,128
에콰도르,202502,137,3,5,1,0,0,0,0,0,153
에콰도르,202503,272,1,11,2,0,0,0,0,0,302
에콰도르,202504,245,12,16,2,0,0,0,0,0,315
에콰도르,202505,282,8,8,6,0,0,0,0,0,335
에콰도르,202506,270,6,9,4,2,0,0,0,0,315
에콰도르,202507,220,3,9,2,0,0,0,0,0,252
에콰도르,202508,308,13,21,1,0,1,0,0,0,363
에콰도르,202509,344,8,12,4,1,0,0,0,0,400
에콰도르,202510,406,25,12,0,0,0,0,0,0,468
에콰도르,202511,202,12,11,1,1,1,0,0,0,231
에콰도르,202512,93,4,1,0,1,0,0,0,0,100
에콰도르,소계,2895,97,120,23,5,2,0,0,0,3362
엘살바도르,202501,39,0,3,0,0,0,0,0,0,42
엘살바도르,202502,45,6,2,0,0,0,0,0,0,53
엘살바도르,202503,60,1,3,0,0,0,0,0,0,76
엘살바도르,202504,85,8,15,0,0,0,0,0,0,131
엘살바도르,202505,99,4,6,0,0,0,0,0,0,124
엘살바도르,202506,89,2,1,0,0,1,0,0,0,106
엘살바도르,202507,65,1,5,0,0,0,0,0,0,102
엘살바도르,202508,80,1,6,0,0,0,0,0,0,107
엘살바도르,202509,123,3,3,0,0,0,0,0,0,148
엘살바도르,202510,129,5,10,2,0,0,0,0,0,170
엘살바도르,202511,88,4,5,1,1,0,0,0,0,111
엘살바도르,202512,29,2,0,0,1,0,0,0,0,32
엘살바도르,소계,931,37,59,3,2,1,0,0,0,1202
코스타리카,202501,105,6,1,4,0,0,0,0,0,118
코스타리카,202502,71,10,3,2,0,0,0,0,0,88
코스타리카,202503,239,16,6,2,0,0,0,0,0,304
코스타리카,202504,329,29,38,2,0,0,0,0,0,459
코스타리카,202505,227,2,8,3,0,0,0,0,0,290
코스타리카,202506,135,4,2,1,0,0,0,0,0,151
코스타리카,202507,150,2,4,2,0,0,0,0,0,179
코스타리카,202508,122,6,5,4,4,0,0,0,0,149
코스타리카,202509,278,7,14,1,0,0,0,0,0,317
코스타리카,202510,342,25,14,0,0,2,0,0,0,393
코스타리카,202511,241,14,16,25,0,0,0,0,0,305
코스타리카,202512,179,7,3,2,0,0,0,0,0,195
코스타리카,소계,2418,128,114,48,4,2,0,0,0,2948
파라과이,202501,52,3,5,0,3,0,0,0,0,69
파라과이,202502,37,2,2,1,3,0,0,0,0,45
파라과이,202503,55,3,3,0,2,0,0,0,0,65
파라과이,202504,63,0,7,0,0,0,0,0,0,75
파라과이,202505,58,0,11,0,0,0,0,0,0,80
파라과이,202506,114,0,6,0,0,0,0,0,0,164
파라과이,202507,76,1,3,1,0,1,0,0,0,125
파라과이,202508,82,1,1,0,0,0,0,0,0,104
파라과이,202509,48,1,6,1,0,0,0,0,0,76
파라과이,202510,124,0,6,0,0,0,0,0,0,135
파라과이,202511,61,1,2,1,0,0,0,0,0,67
파라과이,202512,35,2,1,0,0,0,0,0,0,38
파라과이,소계,805,14,53,4,8,1,0,0,0,1043
과테말라,202501,69,1,2,1,0,0,0,0,0,81
과테말라,202502,60,1,3,0,0,0,0,0,0,66
과테말라,202503,145,18,3,1,0,0,0,0,0,177
과테말라,202504,174,2,3,0,0,0,0,0,0,212
과테말라,202505,120,3,4,0,0,0,0,0,0,159
과테말라,202506,142,2,5,2,0,1,0,0,0,203
과테말라,202507,76,0,2,1,0,0,0,0,0,99
과테말라,202508,102,3,5,0,0,0,0,0,0,131
과테말라,202509,180,19,8,0,0,0,0,0,0,235
과테말라,202510,214,7,5,3,0,1,0,0,0,248
과테말라,202511,134,7,6,6,0,1,0,0,0,166
과테말라,202512,113,14,2,1,0,1,0,0,0,144
과테말라,소계,1529,77,48,15,0,4,0,0,0,1921
파나마,202501,52,2,0,1,0,0,0,0,0,62
파나마,202502,111,1,5,1,0,0,0,0,0,133
파나마,202503,126,2,7,0,0,0,0,0,0,184
파나마,202504,132,19,7,0,0,0,0,0,0,324
파나마,202505,95,2,8,4,0,0,0,0,0,200
파나마,202506,81,5,1,0,1,0,0,0,0,122
파나마,202507,108,2,5,1,0,0,0,0,0,136
파나마,202508,107,2,5,1,0,0,0,0,0,141
파나마,202509,124,6,5,5,3,0,0,0,0,167
파나마,202510,129,14,5,1,0,0,0,0,0,220
파나마,202511,172,2,13,0,0,0,0,0,0,231
파나마,202512,63,5,8,0,0,0,0,0,0,88
파나마,소계,1300,62,69,14,4,0,0,0,0,2008
쿠바,202501,1,0,0,0,0,0,0,0,0,2
쿠바,202502,6,0,0,0,0,0,0,0,0,6
쿠바,202503,8,0,2,0,0,0,0,0,0,12
쿠바,202504,6,0,0,0,0,0,0,0,0,10
쿠바,202505,11,0,2,0,0,0,0,0,0,13
쿠바,202506,35,0,2,0,0,0,0,0,0,37
쿠바,202507,12,0,5,0,0,0,0,0,0,18
쿠바,202508,17,0,3,0,0,0,0,0,0,20
쿠바,202509,16,1,2,0,0,0,0,0,0,43
쿠바,202510,30,0,2,0,0,0,0,0,0,48
쿠바,202511,30,0,6,0,0,0,0,0,0,36
쿠바,202512,10,0,1,0,0,0,0,0,0,11
쿠바,소계,182,1,25,0,0,0,0,0,0,256
볼리비아,202501,23,0,0,0,0,0,0,0,0,23
볼리비아,202502,19,0,0,0,0,0,0,0,0,19
볼리비아,202503,81,1,0,0,0,0,0,0,0,82
볼리비아,202504,59,1,0,0,0,0,0,0,0,60
볼리비아,202505,28,3,2,0,0,0,0,0,0,35
볼리비아,202506,35,1,1,0,0,0,0,0,0,38
볼리비아,202507,37,1,0,0,0,0,0,0,0,38
볼리비아,202508,25,4,0,0,0,0,0,0,0,31
볼리비아,202509,73,0,0,0,0,1,0,0,0,76
볼리비아,202510,46,2,0,0,0,1,0,0,0,56
볼리비아,202511,79,1,2,0,0,0,0,0,0,90
볼리비아,202512,12,2,0,0,0,0,0,0,0,15
볼리비아,소계,517,16,5,0,0,2,0,0,0,563
도미니카공화국,202501,52,5,4,0,0,0,0,0,0,64
도미니카공화국,202502,76,0,1,0,0,0,0,0,0,78
도미니카공화국,202503,81,2,4,0,0,0,0,0,0,111
도미니카공화국,202504,116,17,2,1,0,0,0,0,0,187
도미니카공화국,202505,120,0,9,0,0,0,0,0,0,166
도미니카공화국,202506,149,7,2,0,0,2,0,0,0,182
도미니카공화국,202507,74,5,4,1,0,0,0,0,0,136
도미니카공화국,202508,137,0,8,0,1,0,0,0,0,165
도미니카공화국,202509,175,4,5,2,0,4,0,0,0,222
도미니카공화국,202510,151,71,18,0,0,0,0,0,0,276
도미니카공화국,202511,102,4,8,5,3,0,0,0,0,147
도미니카공화국,202512,93,6,3,0,0,2,0,0,0,104
도미니카공화국,소계,1326,121,68,9,4,8,0,0,0,1838
온두라스,202501,36,1,0,0,0,0,0,0,0,74
온두라스,202502,33,2,2,1,0,0,0,0,0,82
온두라스,202503,113,0,0,0,0,0,0,0,0,200
온두라스,202504,82,7,0,0,0,0,0,0,0,222
온두라스,202505,84,2,0,1,0,1,0,0,0,206
온두라스,202506,61,0,1,1,0,0,0,0,0,153
온두라스,202507,62,0,2,0,0,0,0,0,0,118
온두라스,202508,58,1,2,0,0,1,0,0,0,117
온두라스,202509,95,3,15,0,0,0,0,0,0,224
온두라스,202510,111,3,2,0,0,0,0,0,0,185
온두라스,202511,64,5,10,0,0,0,0,0,0,153
온두라스,202512,30,1,0,0,0,0,0,0,0,47
온두라스,소계,829,25,34,3,0,2,0,0,0,1781
자메이카,202501,46,0,1,0,0,0,0,0,0,47
자메이카,202502,33,3,0,0,0,0,0,0,0,50
자메이카,202503,49,5,3,1,0,0,0,0,0,122
자메이카,202504,61,2,2,0,0,0,0,0,0,147
자메이카,202505,57,0,0,0,0,0,0,0,0,222
자메이카,202506,69,2,2,0,0,0,0,0,0,103
자메이카,202507,66,0,2,0,0,0,0,0,0,89
자메이카,202508,79,3,3,5,0,0,0,0,0,109
자메이카,202509,83,11,2,0,0,0,0,0,0,126
자메이카,202510,76,2,6,2,0,0,0,0,0,133
자메이카,202511,53,2,6,0,1,0,0,0,0,123
자메이카,202512,18,3,1,0,1,2,0,0,0,26
자메이카,소계,690,33,28,8,2,2,0,0,0,1297
우루과이,202501,28,3,4,0,0,0,0,0,0,43
우루과이,202502,28,2,2,0,0,0,0,0,0,42
우루과이,202503,35,8,3,2,0,0,0,0,0,56
우루과이,202504,96,15,11,1,0,0,0,0,0,142
우루과이,202505,82,5,6,4,0,0,0,0,0,111
우루과이,202506,271,1,3,1,0,0,0,0,0,285
우루과이,202507,30,4,3,1,0,0,0,0,0,48
우루과이,202508,49,0,5,0,0,0,0,0,0,63
우루과이,202509,72,5,3,3,0,0,0,0,0,98
우루과이,202510,59,2,5,0,0,0,0,0,0,73
우루과이,202511,36,5,7,0,0,0,0,0,0,59
우루과이,202512,26,2,3,1,0,0,0,0,0,37
우루과이,소계,812,52,55,13,0,0,0,0,0,1057
트리니다드토바고,202501,13,0,2,0,0,0,0,0,0,15
트리니다드토바고,202502,16,0,0,1,0,0,0,0,0,20
트리니다드토바고,202503,36,0,2,0,0,0,0,0,0,68
트리니다드토바고,202504,53,3,4,0,0,0,0,0,0,99
트리니다드토바고,202505,19,0,0,0,0,0,0,0,0,71
트리니다드토바고,202506,20,0,3,0,0,0,0,0,0,77
트리니다드토바고,202507,44,0,3,0,0,0,0,0,0,82
트리니다드토바고,202508,46,0,2,0,0,0,0,0,0,71
트리니다드토바고,202509,36,3,5,2,0,0,0,0,0,65
트리니다드토바고,202510,49,1,3,0,0,0,0,0,0,67
트리니다드토바고,202511,42,0,1,0,0,1,0,0,0,55
트리니다드토바고,202512,17,0,4,0,0,1,0,0,0,23
트리니다드토바고,소계,391,7,29,3,0,2,0,0,0,713
벨리즈,202501,4,1,0,0,0,0,0,0,0,5
벨리즈,202502,5,0,0,0,0,0,0,0,0,7
벨리즈,202503,4,0,1,0,0,0,0,0,0,5
벨리즈,202504,7,1,1,0,0,0,0,0,0,9
벨리즈,202505,6,0,0,0,0,0,0,0,0,12
벨리즈,202506,8,0,0,0,0,0,0,0,0,8
벨리즈,202507,5,0,0,0,0,0,0,0,0,8
벨리즈,202508,4,0,2,0,0,0,0,0,0,9
벨리즈,202509,10,0,0,1,0,0,0,0,0,16
벨리즈,202510,6,0,1,0,0,0,0,0,0,10
벨리즈,202511,4,0,2,1,0,0,0,0,0,9
벨리즈,202512,6,0,3,0,0,0,0,0,0,9
벨리즈,소계,69,2,10,2,0,0,0,0,0,107
니카라과,202501,10,2,1,1,0,0,0,0,0,14
니카라과,202502,20,0,0,0,0,0,0,0,0,20
니카라과,202503,44,2,0,0,1,0,0,0,0,86
니카라과,202504,16,2,2,1,0,0,0,0,0,81
니카라과,202505,18,0,0,0,0,0,0,0,0,55
니카라과,202506,11,2,2,0,0,0,0,0,0,55
니카라과,202507,22,0,2,0,0,0,0,0,0,64
니카라과,202508,19,2,1,0,0,0,0,0,0,61
니카라과,202509,22,1,1,2,0,0,0,0,0,59
니카라과,202510,38,1,2,0,0,0,0,0,0,70
니카라과,202511,22,0,1,1,0,0,0,0,0,68
니카라과,202512,10,0,0,0,0,0,0,0,0,11
니카라과,소계,252,12,12,5,1,0,0,0,0,644
수리남,202501,0,0,1,0,0,0,0,0,0,1
수리남,202502,0,0,0,0,0,0,0,0,0,0
수리남,202503,10,0,1,0,0,0,0,0,0,11
수리남,202504,16,0,3,0,0,0,0,0,0,19
수리남,202505,10,0,0,1,0,0,0,0,0,11
수리남,202506,5,0,0,0,0,0,0,0,0,5
수리남,202507,5,0,0,2,0,0,0,0,0,7
수리남,202508,4,1,0,0,0,0,0,0,0,5
수리남,202509,39,0,6,0,0,0,0,0,0,45
수리남,202510,9,1,0,0,0,0,0,0,0,10
수리남,202511,4,0,2,0,0,0,0,0,0,6
수리남,202512,0,0,0,0,0,0,0,0,0,0
수리남,소계,102,2,13,3,0,0,0,0,0,120
바하마,202501,5,1,0,0,0,0,0,0,0,6
바하마,202502,13,0,0,1,0,0,0,0,0,14
바하마,202503,24,0,2,0,0,0,0,0,0,26
바하마,202504,3,1,0,0,0,0,0,0,0,5
바하마,202505,13,0,1,1,0,0,0,0,0,17
바하마,202506,18,4,2,0,0,0,0,0,0,25
바하마,202507,14,0,0,0,0,0,0,0,0,17
바하마,202508,28,7,0,0,0,0,0,0,0,37
바하마,202509,46,4,0,0,0,0,0,0,0,50
바하마,202510,25,0,0,0,0,0,0,0,0,192
바하마,202511,16,7,0,0,0,0,0,0,0,23
바하마,202512,16,3,0,0,0,0,0,0,0,19
바하마,소계,221,27,5,2,0,0,0,0,0,431
도미니카연방,202501,18,0,0,0,0,0,0,0,0,18
도미니카연방,202502,29,2,1,1,0,0,0,0,0,33
도미니카연방,202503,31,2,2,0,0,0,0,0,0,35
도미니카연방,202504,48,1,7,0,0,0,0,0,0,56
도미니카연방,202505,41,3,2,2,0,0,0,0,0,49
도미니카연방,202506,63,1,4,0,0,0,0,0,0,68
도미니카연방,202507,68,2,3,0,0,0,0,0,0,73
도미니카연방,202508,52,1,0,0,0,0,0,0,0,53
도미니카연방,202509,67,2,1,2,1,0,0,0,0,75
도미니카연방,202510,56,3,1,1,0,0,0,0,0,65
도미니카연방,202511,55,5,0,1,1,0,0,0,0,63
도미니카연방,202512,44,2,1,0,1,0,0,0,0,48
도미니카연방,소계,572,24,22,7,3,0,0,0,0,636
바베이도스,202501,3,0,0,0,0,0,0,0,0,3
바베이도스,202502,5,1,1,0,0,0,0,0,0,9
바베이도스,202503,13,1,2,0,0,0,0,0,0,21
바베이도스,202504,10,0,0,0,0,0,0,0,0,25
바베이도스,202505,13,2,0,0,0,0,0,0,0,21
바베이도스,202506,3,1,0,0,0,0,0,0,0,4
바베이도스,202507,6,0,1,0,0,0,0,0,0,9
바베이도스,202508,5,0,0,0,0,0,0,0,0,7
바베이도스,202509,26,0,0,0,0,0,0,0,0,28
바베이도스,202510,12,0,0,0,0,0,0,0,0,20
바베이도스,202511,8,1,1,0,0,0,0,0,0,18
바베이도스,202512,10,0,0,0,0,0,0,0,0,10
바베이도스,소계,114,6,5,0,0,0,0,0,0,175
아이티,202501,1,1,1,0,0,0,0,0,0,3
아이티,202502,9,0,3,0,0,0,0,0,0,12
아이티,202503,7,3,0,0,0,0,0,0,0,10
아이티,202504,9,2,1,0,0,0,0,0,0,13
아이티,202505,8,1,1,0,0,0,0,0,0,10
아이티,202506,6,0,0,0,0,0,0,0,0,7
아이티,202507,16,1,1,0,0,0,0,0,0,24
아이티,202508,17,1,2,0,0,1,0,0,0,21
아이티,202509,5,0,1,0,0,0,0,0,0,8
아이티,202510,19,0,0,0,0,0,0,0,0,19
아이티,202511,4,0,1,0,0,0,0,0,0,14
아이티,202512,8,1,1,0,0,0,0,0,0,12
아이티,소계,109,10,12,0,0,1,0,0,0,153
그레나다,202501,3,0,1,1,0,0,0,0,0,5
그레나다,202502,12,1,0,1,0,0,0,0,0,14
그레나다,202503,16,0,1,0,0,0,0,0,0,23
그레나다,202504,31,1,0,4,0,0,0,0,0,40
그레나다,202505,20,3,0,1,0,0,0,0,0,27
그레나다,202506,15,2,0,0,0,0,0,0,0,36
그레나다,202507,17,1,0,1,0,0,0,0,0,34
그레나다,202508,23,1,0,0,0,0,0,0,0,43
그레나다,202509,21,2,2,0,0,0,0,0,0,55
그레나다,202510,24,2,2,0,0,0,0,0,0,43
그레나다,202511,11,0,1,0,0,0,0,0,0,32
그레나다,202512,21,0,0,0,0,0,0,0,0,21
그레나다,소계,214,13,7,8,0,0,0,0,0,373
세인트루시아,202501,6,1,1,0,0,0,0,0,0,8
세인트루시아,202502,7,0,0,0,0,0,0,0,0,7
세인트루시아,202503,11,0,2,0,0,0,0,0,0,33
세인트루시아,202504,25,0,1,0,0,0,0,0,0,48
세인트루시아,202505,19,2,1,1,0,0,0,0,0,45
세인트루시아,202506,14,0,4,0,0,0,0,0,0,41
세인트루시아,202507,11,1,2,0,0,0,0,0,0,20
세인트루시아,202508,21,0,5,0,0,0,0,0,0,32
세인트루시아,202509,20,1,2,0,0,0,0,0,0,40
세인트루시아,202510,15,1,2,0,0,0,0,0,0,28
세인트루시아,202511,13,0,3,0,0,0,0,0,0,23
세인트루시아,202512,19,0,2,0,0,1,0,0,0,22
세인트루시아,소계,181,6,25,1,0,1,0,0,0,347
앤티가바부다,202501,4,0,1,0,0,0,0,0,0,5
앤티가바부다,202502,8,1,0,0,0,0,0,0,0,9
앤티가바부다,202503,4,0,0,0,0,0,0,0,0,6
앤티가바부다,202504,12,0,1,0,0,0,0,0,0,23
앤티가바부다,202505,9,1,0,0,0,0,0,0,0,18
앤티가바부다,202506,10,0,0,0,0,0,0,0,0,22
앤티가바부다,202507,10,0,0,0,0,0,0,0,0,14
앤티가바부다,202508,19,0,3,0,0,0,0,0,0,22
앤티가바부다,202509,21,0,1,0,0,0,0,0,0,24
앤티가바부다,202510,10,0,2,0,0,0,0,0,0,16
앤티가바부다,202511,15,0,0,0,0,0,0,0,0,15
앤티가바부다,202512,9,0,1,0,1,0,0,0,0,11
앤티가바부다,소계,131,2,9,0,1,0,0,0,0,185
가이아나,202501,4,1,0,0,0,0,0,0,0,5
가이아나,202502,1,0,0,0,0,0,0,0,0,2
가이아나,202503,8,0,0,0,0,0,0,0,0,16
가이아나,202504,12,1,1,0,0,0,0,0,0,34
가이아나,202505,8,0,0,0,0,0,0,0,0,37
가이아나,202506,7,0,0,0,0,0,0,0,0,22
가이아나,202507,11,0,0,0,0,1,0,0,0,15
가이아나,202508,10,0,0,0,0,0,0,0,0,13
가이아나,202509,9,0,0,0,0,0,0,0,0,15
가이아나,202510,12,0,0,0,0,0,0,0,0,16
가이아나,202511,5,0,0,0,0,0,0,0,0,5
가이아나,202512,5,0,1,0,0,0,0,0,0,6
가이아나,소계,92,2,2,0,0,1,0,0,0,186
세인트빈센트그레나딘,202501,4,0,0,0,0,0,0,0,0,4
세인트빈센트그레나딘,202502,3,0,0,0,0,0,0,0,0,6
세인트빈센트그레나딘,202503,2,0,0,0,0,0,0,0,0,8
세인트빈센트그레나딘,202504,1,0,0,0,0,0,0,0,0,19
세인트빈센트그레나딘,202505,7,0,0,0,0,0,0,0,0,39
세인트빈센트그레나딘,202506,6,0,0,0,0,0,0,0,0,8
세인트빈센트그레나딘,202507,5,0,0,0,0,0,0,0,0,8
세인트빈센트그레나딘,202508,3,0,1,0,0,0,0,0,0,4
세인트빈센트그레나딘,202509,1,0,0,0,0,0,0,0,0,1
세인트빈센트그레나딘,202510,9,0,0,0,0,0,0,0,0,16
세인트빈센트그레나딘,202511,0,0,0,0,0,0,0,0,0,13
세인트빈센트그레나딘,202512,0,0,0,0,0,0,0,0,0,0
세인트빈센트그레나딘,소계,41,0,1,0,0,0,0,0,0,126
세인트크리스토퍼네비스,202501,53,0,1,0,0,0,0,0,0,54
세인트크리스토퍼네비스,202502,33,0,0,1,0,0,0,0,0,34
세인트크리스토퍼네비스,202503,40,2,0,1,0,0,0,0,0,43
세인트크리스토퍼네비스,202504,53,5,5,2,0,0,0,0,0,67
세인트크리스토퍼네비스,202505,54,2,0,1,1,0,0,0,0,58
세인트크리스토퍼네비스,202506,60,1,1,0,0,0,0,0,0,62
세인트크리스토퍼네비스,202507,78,3,6,2,0,0,0,0,0,89
세인트크리스토퍼네비스,202508,72,5,1,1,1,0,0,0,0,80
세인트크리스토퍼네비스,202509,81,3,0,6,0,0,0,0,0,90
세인트크리스토퍼네비스,202510,51,5,0,3,0,0,0,0,0,59
세인트크리스토퍼네비스,202511,58,4,0,7,0,0,0,0,0,69
세인트크리스토퍼네비스,202512,53,3,1,2,0,0,0,0,0,59
세인트크리스토퍼네비스,소계,686,33,15,26,2,0,0,0,0,764
미주,소계,1675252,74457,66338,13856,6079,3041,1,34,0,1961397
러시아(연방),202501,6428,945,671,104,31,2,0,0,0,11513
러시아(연방),202502,6498,890,769,114,40,3,0,0,0,11857
러시아(연방),202503,11274,1364,1186,222,48,3,0,0,0,19322
러시아(연방),202504,15512,2465,1542,185,51,16,0,0,0,26827
러시아(연방),202505,11733,1680,1530,234,27,43,0,0,0,21633
러시아(연방),202506,11022,1830,1398,380,21,28,0,0,0,19040
러시아(연방),202507,11528,1088,1465,309,20,34,0,0,0,20446
러시아(연방),202508,12208,1640,1694,392,64,43,0,0,0,21474
러시아(연방),202509,12001,1427,1441,420,23,78,0,0,0,19476
러시아(연방),202510,14226,1555,1463,378,61,91,0,0,0,23822
러시아(연방),202511,9478,1044,1098,134,37,15,0,0,0,17182
러시아(연방),202512,6738,684,777,84,12,8,0,0,0,11932
러시아(연방),소계,128646,16612,15034,2956,435,364,0,0,0,224524
독일,202501,5445,239,203,32,20,5,0,0,0,6053
독일,202502,6894,286,187,31,22,8,0,0,0,7597
독일,202503,13437,527,424,95,32,6,0,0,0,18334
독일,202504,18023,967,663,152,27,13,0,0,0,27847
독일,202505,13379,735,514,129,12,13,0,0,0,15251
독일,202506,10028,514,482,126,12,18,0,0,0,11925
독일,202507,10044,369,433,135,19,14,0,0,0,11340
독일,202508,14443,555,610,296,30,24,0,0,0,16519
독일,202509,17232,648,718,230,45,17,0,0,0,19312
독일,202510,17120,818,749,140,24,41,0,0,0,19677
독일,202511,11138,655,488,63,37,18,0,0,0,12934
독일,202512,7721,369,305,61,26,17,0,0,0,9047
독일,소계,144904,6682,5776,1490,306,194,0,0,0,175836
영국,202501,5948,348,320,115,20,9,0,0,0,6905
영국,202502,6359,309,285,75,10,10,0,0,0,7398
영국,202503,11476,551,596,182,30,10,0,0,0,15717
영국,202504,15937,1216,994,347,18,21,0,0,0,24459
영국,202505,12092,813,715,213,27,15,0,0,0,16606
영국,202506,10718,703,600,239,17,14,0,0,0,13937
영국,202507,10466,504,640,274,26,15,0,0,0,13020
영국,202508,11669,584,980,263,49,108,0,0,0,15571
영국,202509,12660,785,758,288,23,23,0,0,0,16239
영국,202510,14022,864,885,298,35,32,0,0,0,19206
영국,202511,11036,781,686,184,17,8,0,0,0,13697
영국,202512,7936,435,394,174,43,16,0,0,0,9185
영국,소계,130319,7893,7853,2652,315,281,0,0,0,171940
프랑스,202501,5951,282,280,45,33,4,0,0,0,6719
프랑스,202502,8045,415,239,40,44,8,0,0,0,8914
프랑스,202503,11478,548,400,61,30,3,0,0,0,12830
프랑스,202504,20056,894,755,108,38,12,0,0,0,22806
프랑스,202505,15123,775,684,114,31,10,0,0,0,17440
프랑스,202506,10814,546,469,103,26,19,0,0,0,12208
프랑스,202507,15265,556,601,167,28,25,0,0,0,16896
프랑스,202508,19203,775,823,136,67,19,0,0,0,21602
프랑스,202509,14383,594,671,121,23,20,0,0,0,16097
프랑스,202510,18616,755,672,147,35,29,0,0,0,20693
프랑스,202511,11700,704,508,75,46,41,0,0,0,13476
프랑스,202512,8238,456,415,71,35,11,0,0,0,10395
프랑스,소계,158872,7300,6517,1188,436,201,0,0,0,180076
네덜란드,202501,2007,66,512,16,4,2,0,0,0,2656
네덜란드,202502,2280,78,365,15,2,0,0,0,0,2802
네덜란드,202503,3660,128,449,40,8,1,0,0,0,4587
네덜란드,202504,5697,278,696,47,10,4,0,0,0,7228
네덜란드,202505,5089,209,748,49,27,4,0,0,0,6388
네덜란드,202506,3839,130,808,31,10,6,0,0,0,5025
네덜란드,202507,5653,147,778,35,6,10,0,0,0,6924
네덜란드,202508,5381,229,819,92,28,6,0,0,0,6891
네덜란드,202509,4992,131,840,50,48,5,0,0,0,6184
네덜란드,202510,5200,197,701,65,12,9,0,0,0,6408
네덜란드,202511,3912,151,583,42,26,6,0,0,0,4900
네덜란드,202512,2328,124,80,39,10,12,0,0,0,2702
네덜란드,소계,50038,1868,7379,521,191,65,0,0,0,62695
우크라이나,202501,411,5,97,3,3,0,0,0,0,1528
우크라이나,202502,534,7,94,11,3,0,0,0,0,1815
우크라이나,202503,631,8,105,9,5,0,0,0,0,1981
우크라이나,202504,679,10,101,18,5,0,0,0,0,2192
우크라이나,202505,570,9,80,14,4,0,0,0,0,2109
우크라이나,202506,605,29,77,9,9,0,0,0,0,1967
우크라이나,202507,607,7,87,10,0,0,0,0,0,2126
우크라이나,202508,718,7,111,22,1,0,0,0,0,1880
우크라이나,202509,771,9,105,25,0,3,0,0,0,2090
우크라이나,202510,769,20,124,22,1,1,0,0,0,2269
우크라이나,202511,596,10,104,5,1,0,0,0,0,2082
우크라이나,202512,379,4,71,15,0,0,0,0,0,1467
우크라이나,소계,7270,125,1156,163,32,4,0,0,0,23506
이탈리아,202501,2138,165,137,14,9,2,0,0,0,2956
이탈리아,202502,2520,154,97,23,10,0,0,0,0,3119
이탈리아,202503,4708,283,201,22,13,0,0,0,0,5703
이탈리아,202504,7605,370,327,23,6,3,0,0,0,9201
이탈리아,202505,4814,297,281,45,10,5,0,0,0,6357
이탈리아,202506,4827,325,217,54,10,7,0,0,0,6041
이탈리아,202507,4765,194,251,47,14,2,0,0,0,5707
이탈리아,202508,11711,309,423,113,13,7,0,0,0,12971
이탈리아,202509,6223,282,364,66,12,7,0,0,0,7502
이탈리아,202510,6304,352,360,65,8,7,0,0,0,7653
이탈리아,202511,5684,366,310,47,16,9,0,0,0,7304
이탈리아,202512,4449,253,193,34,10,5,0,0,0,6814
이탈리아,소계,65748,3350,3161,553,131,54,0,0,0,81328
불가리아,202501,171,1,5,1,1,0,0,0,0,256
불가리아,202502,150,5,10,0,0,0,0,0,0,270
불가리아,202503,664,11,71,11,0,0,0,0,0,949
불가리아,202504,794,41,115,2,0,0,0,0,0,1388
불가리아,202505,516,13,29,1,0,0,0,0,0,751
불가리아,202506,244,10,24,0,9,0,0,0,0,451
불가리아,202507,255,16,19,1,4,1,0,0,0,517
불가리아,202508,368,10,15,2,1,0,0,0,0,568
불가리아,202509,521,18,93,0,0,0,0,0,0,804
불가리아,202510,609,10,11,1,1,0,0,0,0,784
불가리아,202511,354,13,48,1,1,1,0,0,0,632
불가리아,202512,199,4,12,0,0,0,0,0,0,386
불가리아,소계,4845,152,452,20,17,2,0,0,0,7756
스웨덴,202501,739,31,29,4,0,0,0,0,0,849
스웨덴,202502,904,51,28,5,0,0,0,0,0,1049
스웨덴,202503,1627,78,93,9,3,0,0,0,0,1888
스웨덴,202504,2243,133,89,11,4,1,0,0,0,2673
스웨덴,202505,1639,98,80,10,1,1,0,0,0,1957
스웨덴,202506,2082,97,63,23,4,2,0,0,0,2416
스웨덴,202507,1565,78,71,18,2,5,0,0,0,1908
스웨덴,202508,1394,73,96,10,3,0,0,0,0,1690
스웨덴,202509,2191,92,76,31,2,1,0,0,0,2527
스웨덴,202510,2789,110,122,22,1,9,0,0,0,3175
스웨덴,202511,2296,96,86,12,2,0,0,0,0,2649
스웨덴,202512,2117,75,72,8,2,2,0,0,0,2354
스웨덴,소계,21586,1012,905,163,24,21,0,0,0,25135
폴란드,202501,1642,30,195,7,2,0,0,0,0,2000
폴란드,202502,2151,47,132,5,4,0,0,0,0,2460
폴란드,202503,4416,56,302,27,0,0,0,0,0,4982
폴란드,202504,5290,149,216,32,2,2,0,0,0,6003
폴란드,202505,4529,114,244,44,4,3,0,0,0,5222
폴란드,202506,3523,119,201,25,3,5,0,0,0,4070
폴란드,202507,3993,121,244,36,3,7,0,0,0,4617
폴란드,202508,4540,135,231,23,1,7,0,0,0,5136
폴란드,202509,6102,160,222,55,8,6,0,0,0,6748
폴란드,202510,4706,130,255,40,4,2,0,0,0,5362
폴란드,202511,4471,150,302,16,3,2,0,0,0,5234
폴란드,202512,2073,64,94,18,8,4,0,0,0,2463
폴란드,소계,47436,1275,2638,328,42,38,0,0,0,54297
덴마크,202501,512,33,48,4,0,0,0,0,0,638
덴마크,202502,572,50,35,8,1,0,0,0,0,674
덴마크,202503,1158,59,82,7,0,0,0,0,0,1403
덴마크,202504,1827,68,81,19,5,3,0,0,0,2137
덴마크,202505,1058,64,74,6,0,5,0,0,0,1303
덴마크,202506,871,60,66,3,3,0,0,0,0,1058
덴마크,202507,1615,100,71,15,2,3,0,0,0,1926
덴마크,202508,1244,52,63,15,0,1,0,0,0,1460
덴마크,202509,1736,89,73,6,1,1,0,0,0,1992
덴마크,202510,2244,95,124,35,2,7,0,0,0,2666
덴마크,202511,1398,81,78,4,0,0,0,0,0,1603
덴마크,202512,802,44,27,6,8,2,0,0,0,954
덴마크,소계,15037,795,822,128,22,22,0,0,0,17814
그리스,202501,347,9,57,1,4,0,0,0,0,572
그리스,202502,366,22,58,1,1,0,0,0,0,615
그리스,202503,800,22,132,2,0,2,0,0,0,1200
그리스,202504,925,31,147,2,0,0,0,0,0,1469
그리스,202505,655,19,77,7,1,1,0,0,0,1068
그리스,202506,513,18,57,6,1,0,0,0,0,939
그리스,202507,549,16,92,5,0,0,0,0,0,929
그리스,202508,784,30,171,3,2,0,0,0,0,1394
그리스,202509,680,29,113,11,0,1,0,0,0,1174
그리스,202510,740,56,110,6,2,0,0,0,0,1143
그리스,202511,833,43,130,1,0,0,0,0,0,1211
그리스,202512,557,26,76,2,0,0,0,0,0,826
그리스,소계,7749,321,1220,47,11,4,0,0,0,12540
스위스,202501,708,48,17,1,0,0,0,0,0,779
스위스,202502,879,38,23,5,1,0,0,0,0,984
스위스,202503,1927,101,66,14,0,1,0,0,0,2310
스위스,202504,3552,173,137,17,4,1,0,0,0,4261
스위스,202505,2405,113,103,17,5,0,0,0,0,2785
스위스,202506,1913,93,77,23,0,0,0,0,0,2219
스위스,202507,2775,138,57,18,2,5,0,0,0,3051
스위스,202508,2107,86,85,37,0,0,0,0,0,2374
스위스,202509,2984,109,115,21,2,3,0,0,0,3294
스위스,202510,3186,205,143,27,3,6,0,0,0,3820
스위스,202511,1479,106,91,10,3,1,0,0,0,1811
스위스,202512,1251,63,43,6,5,1,0,0,0,1527
스위스,소계,25166,1273,957,196,25,18,0,0,0,29215
노르웨이,202501,485,17,92,2,1,2,0,0,0,626
노르웨이,202502,509,27,51,7,0,0,0,0,0,620
노르웨이,202503,939,63,99,2,1,0,0,0,0,1192
노르웨이,202504,1512,101,109,11,0,2,0,0,0,1857
노르웨이,202505,819,42,88,9,0,0,0,0,0,1005
노르웨이,202506,1135,75,138,1,0,4,0,0,0,1382
노르웨이,202507,1448,99,113,18,3,1,0,0,0,1769
노르웨이,202508,738,36,108,3,1,1,0,0,0,946
노르웨이,202509,1291,66,97,12,1,2,0,0,0,1533
노르웨이,202510,1306,44,162,2,0,5,0,0,0,1571
노르웨이,202511,1046,43,122,6,2,3,0,0,0,1260
노르웨이,202512,888,35,62,2,1,0,0,0,0,1029
노르웨이,소계,12116,648,1241,75,10,20,0,0,0,14790
스페인,202501,1576,97,57,17,7,1,0,0,0,1813
스페인,202502,1726,112,90,14,7,5,0,0,0,2019
스페인,202503,3553,170,155,32,8,2,0,0,0,4064
스페인,202504,5197,261,206,34,11,4,0,0,0,5904
스페인,202505,3883,219,146,39,32,4,0,0,0,4429
스페인,202506,3884,228,153,66,5,4,0,0,0,4433
스페인,202507,5314,129,199,44,5,9,0,0,0,5893
스페인,202508,8309,283,301,115,13,5,0,0,0,9481
스페인,202509,5361,263,175,67,8,5,0,0,0,6005
스페인,202510,5410,264,227,73,7,13,0,0,0,6147
스페인,202511,4536,250,255,47,5,8,0,0,0,5275
스페인,202512,2862,152,150,28,3,4,0,0,0,3671
스페인,소계,51611,2428,2114,576,111,64,0,0,0,59134
루마니아,202501,341,9,39,3,1,0,0,0,0,694
루마니아,202502,449,2,37,5,0,0,0,0,0,778
루마니아,202503,1265,35,87,16,0,0,0,0,0,1923
루마니아,202504,1802,63,148,14,3,0,0,0,0,2697
루마니아,202505,950,43,101,4,9,1,0,0,0,1670
루마니아,202506,863,42,47,12,0,0,0,0,0,1431
루마니아,202507,786,27,77,7,1,1,0,0,0,1392
루마니아,202508,1180,36,85,14,0,2,0,0,0,1731
루마니아,202509,1303,49,67,16,1,1,0,0,0,1865
루마니아,202510,1407,71,94,20,0,2,0,0,0,2139
루마니아,202511,876,36,89,5,3,4,0,0,0,1469
루마니아,202512,590,16,37,5,5,1,0,0,0,988
루마니아,소계,11812,429,908,121,23,12,0,0,0,18777
벨기에,202501,671,38,40,2,0,0,0,0,0,783
벨기에,202502,828,50,30,7,0,0,0,0,0,951
벨기에,202503,1336,75,54,4,3,0,0,0,0,1565
벨기에,202504,2472,89,86,15,1,0,0,0,0,2877
벨기에,202505,1799,82,91,11,3,1,0,0,0,2072
벨기에,202506,1195,60,72,9,0,2,0,0,0,1371
벨기에,202507,1992,72,90,22,2,1,0,0,0,2241
벨기에,202508,1607,74,56,9,2,0,0,0,0,1807
벨기에,202509,2309,89,108,22,6,1,0,0,0,2570
벨기에,202510,2251,82,107,13,1,0,0,0,0,2521
벨기에,202511,1383,87,93,11,2,1,0,0,0,1650
벨기에,202512,840,63,26,6,1,3,0,0,0,980
벨기에,소계,18683,861,853,131,21,9,0,0,0,21388
크로아티아,202501,183,1,24,2,0,0,0,0,0,389
크로아티아,202502,171,13,21,0,0,0,0,0,0,394
크로아티아,202503,258,12,27,0,0,0,0,0,0,554
크로아티아,202504,435,18,45,5,0,0,0,0,0,850
크로아티아,202505,283,12,32,1,0,0,0,0,0,673
크로아티아,202506,262,9,33,3,2,0,0,0,0,519
크로아티아,202507,351,5,36,1,0,0,0,0,0,673
크로아티아,202508,429,10,29,0,3,1,0,0,0,713
크로아티아,202509,486,16,47,3,0,0,0,0,0,777
크로아티아,202510,363,15,38,5,1,0,0,0,0,620
크로아티아,202511,270,13,49,5,1,0,0,0,0,566
크로아티아,202512,179,8,22,0,1,0,0,0,0,324
크로아티아,소계,3670,132,403,25,8,1,0,0,0,7052
오스트리아,202501,631,34,16,3,1,1,0,0,0,688
오스트리아,202502,756,29,15,9,0,2,0,0,0,830
오스트리아,202503,1180,50,34,8,0,1,0,0,0,1494
오스트리아,202504,1665,84,61,15,0,0,0,0,0,2128
오스트리아,202505,1187,81,50,10,3,0,0,0,0,1397
오스트리아,202506,895,89,50,8,2,0,0,0,0,1104
오스트리아,202507,1454,69,37,12,4,0,0,0,0,1618
오스트리아,202508,1530,101,64,22,2,2,0,0,0,1793
오스트리아,202509,1708,132,69,23,2,0,0,0,0,1977
오스트리아,202510,1460,113,94,6,1,7,0,0,0,1771
오스트리아,202511,1092,142,60,18,2,1,0,0,0,1355
오스트리아,202512,755,49,30,10,1,1,0,0,0,955
오스트리아,소계,14313,973,580,144,18,15,0,0,0,17110
포르투갈,202501,536,20,24,9,1,0,0,0,0,601
포르투갈,202502,531,23,18,10,4,0,0,0,0,605
포르투갈,202503,1164,35,62,15,4,1,0,0,0,1366
포르투갈,202504,1884,108,74,31,1,2,0,0,0,2326
포르투갈,202505,1246,59,68,30,3,1,0,0,0,1586
포르투갈,202506,1155,62,56,30,3,1,0,0,0,1371
포르투갈,202507,1231,36,67,34,2,0,0,0,0,1403
포르투갈,202508,1511,57,81,36,2,3,0,0,0,1884
포르투갈,202509,1385,96,76,31,0,0,0,0,0,1660
포르투갈,202510,1652,78,87,30,1,4,0,0,0,1977
포르투갈,202511,1274,44,51,23,4,0,0,0,0,1464
포르투갈,202512,1003,30,77,36,8,1,0,0,0,1223
포르투갈,소계,14572,648,741,315,33,13,0,0,0,17466
아일랜드,202501,603,39,30,8,2,4,0,0,0,692
아일랜드,202502,563,27,25,9,3,0,0,0,0,647
아일랜드,202503,1014,49,42,15,0,0,0,0,0,1224
아일랜드,202504,1507,98,69,17,0,2,0,0,0,1918
아일랜드,202505,1207,68,61,21,4,0,0,0,0,1465
아일랜드,202506,1043,78,54,26,2,0,0,0,0,1300
아일랜드,202507,940,47,41,37,2,3,0,0,0,1141
아일랜드,202508,956,56,61,22,5,5,0,0,0,1180
아일랜드,202509,1338,80,46,20,2,6,0,0,0,1571
아일랜드,202510,1400,78,73,26,2,6,0,0,0,1754
아일랜드,202511,1050,85,44,16,2,3,0,0,0,1280
아일랜드,202512,700,22,27,7,1,0,0,0,0,775
아일랜드,소계,12321,727,573,224,25,29,0,0,0,14947
핀란드,202501,738,30,6,3,1,1,0,0,0,783
핀란드,202502,902,15,20,2,1,2,0,0,0,956
핀란드,202503,1221,17,21,4,0,0,0,0,0,1283
핀란드,202504,1433,50,36,14,0,0,0,0,0,1605
핀란드,202505,1456,47,42,3,0,3,0,0,0,1576
핀란드,202506,1453,48,35,20,4,0,0,0,0,1568
핀란드,202507,983,30,40,5,1,0,0,0,0,1066
핀란드,202508,974,20,28,4,1,0,0,0,0,1050
핀란드,202509,1376,34,40,17,0,1,0,0,0,1488
핀란드,202510,1456,54,59,7,2,0,0,0,0,1609
핀란드,202511,1311,40,36,5,1,3,0,0,0,1417
핀란드,202512,1211,21,21,1,2,0,0,0,0,1270
핀란드,소계,14514,406,384,85,13,10,0,0,0,15671
라트비아,202501,90,2,10,0,0,0,0,0,0,163
라트비아,202502,167,4,5,2,0,0,0,0,0,223
라트비아,202503,197,10,15,2,0,0,0,0,0,280
라트비아,202504,461,9,17,0,0,0,0,0,0,565
라트비아,202505,221,18,8,1,1,0,0,0,0,295
라트비아,202506,173,7,7,0,0,3,0,0,0,228
라트비아,202507,163,4,12,1,2,0,0,0,0,269
라트비아,202508,196,1,13,7,0,2,0,0,0,285
라트비아,202509,298,10,15,1,1,1,0,0,0,381
라트비아,202510,255,5,14,0,0,1,0,0,0,331
라트비아,202511,211,9,7,2,0,2,0,0,0,291
라트비아,202512,148,18,8,0,0,2,0,0,0,246
라트비아,소계,2580,97,131,16,4,11,0,0,0,3557
체코,202501,683,16,13,1,1,1,0,0,0,717
체코,202502,647,10,31,7,2,0,0,0,0,700
체코,202503,926,28,46,4,0,0,0,0,0,1018
체코,202504,1320,87,60,8,1,0,0,0,0,1559
체코,202505,963,49,79,7,4,1,0,0,0,1116
체코,202506,939,43,43,7,5,0,0,0,0,1042
체코,202507,1059,24,89,6,9,1,0,0,0,1206
체코,202508,1077,31,59,15,1,1,0,0,0,1238
체코,202509,1139,38,66,9,2,1,0,0,0,1275
체코,202510,1335,47,74,14,2,1,0,0,0,1484
체코,202511,1030,39,74,8,1,2,0,0,0,1174
체코,202512,524,23,32,7,2,0,0,0,0,609
체코,소계,11642,435,666,93,30,8,0,0,0,13138
유고슬라비아,202501,9,2,1,0,0,0,0,0,0,12
유고슬라비아,202502,10,0,0,1,0,0,0,0,0,13
유고슬라비아,202503,60,9,1,1,0,0,0,0,0,76
유고슬라비아,202504,83,5,2,0,0,0,0,0,0,104
유고슬라비아,202505,74,0,3,0,0,0,0,0,0,86
유고슬라비아,202506,35,0,1,1,0,0,0,0,0,37
유고슬라비아,202507,38,0,2,0,0,0,0,0,0,41
유고슬라비아,202508,47,1,0,0,0,0,0,0,0,49
유고슬라비아,202509,60,3,1,0,0,0,0,0,0,65
유고슬라비아,202510,84,0,4,0,0,0,0,0,0,91
유고슬라비아,202511,54,2,2,0,0,0,0,0,0,59
유고슬라비아,202512,41,1,0,0,0,0,0,0,0,43
유고슬라비아,소계,595,23,17,3,0,0,0,0,0,676
헝가리,202501,365,9,35,1,0,0,0,0,0,417
헝가리,202502,382,3,23,4,1,0,0,0,0,441
헝가리,202503,776,11,39,8,0,0,0,0,0,883
헝가리,202504,1062,38,32,6,2,0,0,0,0,1244
헝가리,202505,630,21,20,3,3,0,0,0,0,762
헝가리,202506,620,24,18,5,4,0,0,0,0,703
헝가리,202507,698,25,29,14,5,1,0,0,0,812
헝가리,202508,673,28,25,21,1,0,0,0,0,790
헝가리,202509,803,28,42,17,2,0,0,0,0,941
헝가리,202510,1003,49,45,13,2,1,0,0,0,1160
헝가리,202511,469,22,29,5,3,3,0,0,0,580
헝가리,202512,348,5,23,3,0,0,0,0,0,405
헝가리,소계,7829,263,360,100,23,5,0,0,0,9138
리투아니아,202501,167,12,7,0,2,0,0,0,0,204
리투아니아,202502,174,7,2,5,3,0,0,0,0,216
리투아니아,202503,488,14,22,4,0,0,0,0,0,563
리투아니아,202504,598,26,16,6,0,0,0,0,0,705
리투아니아,202505,561,23,22,4,3,1,0,0,0,650
리투아니아,202506,450,14,40,2,0,1,0,0,0,550
리투아니아,202507,372,3,18,0,0,1,0,0,0,433
리투아니아,202508,377,15,16,0,0,1,0,0,0,447
리투아니아,202509,449,25,37,1,1,0,0,0,0,563
리투아니아,202510,606,15,28,5,1,3,0,0,0,693
리투아니아,202511,521,21,22,2,0,3,0,0,0,584
리투아니아,202512,252,7,9,2,0,0,0,0,0,286
리투아니아,소계,5015,182,239,31,10,10,0,0,0,5894
슬로바크,202501,222,7,3,1,0,0,0,0,0,236
슬로바크,202502,244,7,12,1,0,1,0,0,0,267
슬로바크,202503,383,19,10,2,0,1,0,0,0,445
슬로바크,202504,409,31,25,2,0,0,0,0,0,505
슬로바크,202505,521,14,30,0,0,0,0,0,0,569
슬로바크,202506,324,20,18,5,1,1,0,0,0,369
슬로바크,202507,435,10,20,9,0,1,0,0,0,481
슬로바크,202508,359,10,23,14,0,0,0,0,0,431
슬로바크,202509,655,16,25,6,0,1,0,0,0,708
슬로바크,202510,498,18,21,13,2,1,0,0,0,564
슬로바크,202511,310,9,20,4,1,3,0,0,0,356
슬로바크,202512,158,13,10,1,0,0,0,0,0,189
슬로바크,소계,4518,174,217,58,4,9,0,0,0,5120
벨로루시,202501,57,8,3,5,3,1,0,0,0,85
벨로루시,202502,132,7,2,11,0,0,0,0,0,159
벨로루시,202503,144,13,8,6,0,0,0,0,0,184
벨로루시,202504,177,25,5,2,0,0,0,0,0,270
벨로루시,202505,159,115,1,14,1,0,0,0,0,332
벨로루시,202506,147,18,6,10,0,0,0,0,0,218
벨로루시,202507,129,16,0,16,0,1,0,0,0,205
벨로루시,202508,232,18,4,9,0,0,0,0,0,294
벨로루시,202509,146,12,11,16,0,0,0,0,0,220
벨로루시,202510,210,18,7,10,0,0,0,0,0,280
벨로루시,202511,155,17,11,6,0,0,0,0,0,239
벨로루시,202512,69,3,5,4,1,0,0,0,0,83
벨로루시,소계,1757,270,63,109,5,2,0,0,0,2569
슬로베니아,202501,68,5,1,0,1,0,0,0,0,76
슬로베니아,202502,77,2,6,0,3,0,0,0,0,88
슬로베니아,202503,175,7,3,4,1,0,0,0,0,199
슬로베니아,202504,271,7,16,0,0,1,0,0,0,307
슬로베니아,202505,225,4,9,1,1,0,0,0,0,252
슬로베니아,202506,143,7,5,1,0,1,0,0,0,159
슬로베니아,202507,224,7,4,2,0,0,0,0,0,242
슬로베니아,202508,197,10,9,4,0,0,0,0,0,231
슬로베니아,202509,335,12,1,2,7,1,0,0,0,441
슬로베니아,202510,249,26,3,6,0,0,0,0,0,312
슬로베니아,202511,226,6,9,2,0,0,0,0,0,245
슬로베니아,202512,80,3,4,1,0,0,0,0,0,102
슬로베니아,소계,2270,96,70,23,13,3,0,0,0,2654
에스토니아,202501,96,3,1,1,1,0,0,0,0,110
에스토니아,202502,153,3,2,0,1,0,0,0,0,163
에스토니아,202503,212,2,9,1,0,0,0,0,0,231
에스토니아,202504,323,8,8,0,1,0,0,0,0,355
에스토니아,202505,197,4,23,2,1,0,0,0,0,243
에스토니아,202506,193,3,6,6,0,0,0,0,0,237
에스토니아,202507,135,0,3,3,1,0,0,0,0,148
에스토니아,202508,162,10,14,3,0,0,0,0,0,200
에스토니아,202509,233,5,6,3,3,0,0,0,0,260
에스토니아,202510,265,10,14,2,0,0,0,0,0,304
에스토니아,202511,228,14,5,2,3,0,0,0,0,260
에스토니아,202512,120,0,4,0,1,0,0,0,0,136
에스토니아,소계,2317,62,95,23,12,0,0,0,0,2647
그루지아,202501,51,0,8,0,0,0,0,0,0,118
그루지아,202502,44,0,0,0,0,0,0,0,0,82
그루지아,202503,58,0,4,2,0,0,0,0,0,167
그루지아,202504,106,2,2,0,0,0,0,0,0,191
그루지아,202505,71,0,5,9,0,0,0,0,0,161
그루지아,202506,94,4,1,2,0,0,0,0,0,166
그루지아,202507,86,1,2,2,0,0,0,0,0,168
그루지아,202508,98,0,2,0,0,0,0,0,0,137
그루지아,202509,146,1,10,0,0,0,0,0,0,220
그루지아,202510,97,1,2,1,0,0,0,0,0,144
그루지아,202511,70,0,4,1,0,0,0,0,0,106
그루지아,202512,59,0,8,1,0,0,0,0,0,117
그루지아,소계,980,9,48,18,0,0,0,0,0,1777
룩셈부르크,202501,58,0,6,0,0,0,0,0,0,64
룩셈부르크,202502,67,0,4,0,0,0,0,0,0,77
룩셈부르크,202503,108,2,3,1,0,0,0,0,0,129
룩셈부르크,202504,358,11,14,6,0,2,0,0,0,418
룩셈부르크,202505,135,10,12,0,0,0,0,0,0,163
룩셈부르크,202506,72,1,3,0,0,0,0,0,0,89
룩셈부르크,202507,156,1,7,0,1,0,0,0,0,165
룩셈부르크,202508,215,6,8,4,0,0,0,0,0,255
룩셈부르크,202509,164,15,3,1,0,0,0,0,0,183
룩셈부르크,202510,141,9,2,3,0,0,0,0,0,170
룩셈부르크,202511,117,7,7,2,1,0,0,0,0,134
룩셈부르크,202512,95,4,4,0,0,0,0,0,0,110
룩셈부르크,소계,1686,66,73,17,2,2,0,0,0,1957
아이슬란드,202501,27,2,1,0,0,0,0,0,0,30
아이슬란드,202502,32,2,0,0,0,0,0,0,0,34
아이슬란드,202503,39,2,0,0,0,0,0,0,0,44
아이슬란드,202504,92,2,0,1,0,0,0,0,0,100
아이슬란드,202505,70,7,10,0,0,0,0,0,0,87
아이슬란드,202506,71,10,5,0,0,0,0,0,0,93
아이슬란드,202507,84,5,3,0,0,0,0,0,0,92
아이슬란드,202508,43,1,0,0,0,0,0,0,0,44
아이슬란드,202509,84,4,4,1,0,0,0,0,0,93
아이슬란드,202510,62,1,7,2,0,0,0,0,0,76
아이슬란드,202511,82,4,4,0,0,0,0,0,0,94
아이슬란드,202512,54,1,0,0,0,0,0,0,0,55
아이슬란드,소계,740,41,34,4,0,0,0,0,0,842
몰도바,202501,12,3,1,0,0,0,0,0,0,24
몰도바,202502,15,0,1,0,0,0,0,0,0,16
몰도바,202503,16,0,0,0,0,0,0,0,0,21
몰도바,202504,23,1,7,0,2,0,0,0,0,47
몰도바,202505,16,1,2,0,4,0,0,0,0,51
몰도바,202506,16,1,1,0,0,0,0,0,0,59
몰도바,202507,14,0,2,0,0,0,0,0,0,63
몰도바,202508,32,0,1,0,0,0,0,0,0,61
몰도바,202509,23,1,1,0,0,0,0,0,0,53
몰도바,202510,64,0,3,2,0,0,0,0,0,80
몰도바,202511,15,1,3,0,0,0,0,0,0,28
몰도바,202512,10,0,2,0,0,0,0,0,0,18
몰도바,소계,256,8,24,2,6,0,0,0,0,521
알바니아,202501,34,0,0,0,0,0,0,0,0,36
알바니아,202502,46,1,0,0,0,0,0,0,0,47
알바니아,202503,71,1,0,0,0,0,0,0,0,75
알바니아,202504,137,5,5,2,0,0,0,0,0,158
알바니아,202505,97,2,4,0,0,0,0,0,0,115
알바니아,202506,54,2,0,0,0,0,0,0,0,56
알바니아,202507,47,0,0,0,0,0,0,0,0,47
알바니아,202508,70,0,12,0,1,0,0,0,0,84
알바니아,202509,113,0,3,0,0,0,0,0,0,116
알바니아,202510,119,8,1,0,0,0,0,0,0,131
알바니아,202511,86,4,1,0,0,0,0,0,0,91
알바니아,202512,58,5,0,0,0,0,0,0,0,64
알바니아,소계,932,28,26,2,1,0,0,0,0,1020
아르메니아,202501,11,0,2,1,0,0,0,0,0,14
아르메니아,202502,22,4,0,0,0,0,0,0,0,28
아르메니아,202503,30,0,1,1,0,0,0,0,0,33
아르메니아,202504,44,0,0,1,0,0,0,0,0,47
아르메니아,202505,34,3,0,2,0,0,0,0,0,40
아르메니아,202506,24,3,0,0,1,0,0,0,0,28
아르메니아,202507,24,2,0,0,0,0,0,0,0,28
아르메니아,202508,44,4,2,0,0,0,0,0,0,50
아르메니아,202509,32,2,1,0,0,0,0,0,0,35
아르메니아,202510,47,2,22,0,0,0,0,0,0,74
아르메니아,202511,26,0,0,2,0,0,0,0,0,43
아르메니아,202512,19,0,0,0,0,0,0,0,0,19
아르메니아,소계,357,20,28,7,1,0,0,0,0,439
아제르바이잔,202501,64,1,0,0,0,0,0,0,0,69
아제르바이잔,202502,111,1,2,0,0,0,0,0,0,116
아제르바이잔,202503,205,1,3,0,0,0,0,0,0,216
아제르바이잔,202504,158,2,7,1,0,0,0,0,0,175
아제르바이잔,202505,146,2,2,0,0,0,0,0,0,158
아제르바이잔,202506,97,2,2,4,0,0,0,0,0,119
아제르바이잔,202507,126,0,2,0,0,0,0,0,0,137
아제르바이잔,202508,329,3,9,5,0,2,0,0,0,362
아제르바이잔,202509,163,9,4,7,0,0,0,0,0,189
아제르바이잔,202510,146,1,2,0,0,0,0,0,0,152
아제르바이잔,202511,143,11,3,0,0,0,0,0,0,162
아제르바이잔,202512,68,4,3,0,1,0,0,0,0,99
아제르바이잔,소계,1756,37,39,17,1,2,0,0,0,1954
몰타,202501,23,5,2,0,0,0,0,0,0,30
몰타,202502,24,3,1,0,0,0,0,0,0,30
몰타,202503,97,6,2,1,0,0,0,0,0,116
몰타,202504,129,5,7,1,0,0,0,0,0,163
몰타,202505,59,0,4,3,0,0,0,0,0,169
몰타,202506,35,0,0,1,0,0,0,0,0,56
몰타,202507,51,2,1,1,0,0,0,0,0,60
몰타,202508,88,3,2,0,0,0,0,0,0,115
몰타,202509,58,4,2,2,0,0,0,0,0,123
몰타,202510,64,3,0,1,0,0,0,0,0,90
몰타,202511,88,8,5,7,0,0,0,0,0,117
몰타,202512,41,1,1,0,0,0,0,0,0,46
몰타,소계,757,40,27,17,0,0,0,0,0,1115
보스니아-헤르체고비나,202501,13,0,0,0,1,0,0,0,0,17
보스니아-헤르체고비나,202502,3,0,0,0,0,0,0,0,0,15
보스니아-헤르체고비나,202503,12,0,2,0,0,0,0,0,0,30
보스니아-헤르체고비나,202504,8,0,2,0,0,0,0,0,0,43
보스니아-헤르체고비나,202505,13,0,0,0,0,0,0,0,0,22
보스니아-헤르체고비나,202506,19,0,0,0,0,0,0,0,0,35
보스니아-헤르체고비나,202507,9,0,0,0,0,0,0,0,0,22
보스니아-헤르체고비나,202508,6,0,0,0,0,0,0,0,0,21
보스니아-헤르체고비나,202509,5,0,0,0,0,0,0,0,0,23
보스니아-헤르체고비나,202510,7,8,2,0,0,0,0,0,0,41
보스니아-헤르체고비나,202511,14,0,0,0,0,0,0,0,0,24
보스니아-헤르체고비나,202512,0,0,0,0,0,0,0,0,0,0
보스니아-헤르체고비나,소계,109,8,6,0,1,0,0,0,0,293
리히텐슈타인,202501,4,0,0,0,0,0,0,0,0,4
리히텐슈타인,202502,4,0,0,0,0,0,0,0,0,4
리히텐슈타인,202503,14,0,0,0,0,0,0,0,0,14
리히텐슈타인,202504,6,0,0,0,0,0,0,0,0,6
리히텐슈타인,202505,7,0,0,0,0,0,0,0,0,7
리히텐슈타인,202506,6,0,0,0,0,0,0,0,0,6
리히텐슈타인,202507,10,1,3,0,0,0,0,0,0,14
리히텐슈타인,202508,5,0,0,0,0,0,0,0,0,5
리히텐슈타인,202509,12,2,1,0,0,0,0,0,0,15
리히텐슈타인,202510,15,0,1,0,0,0,0,0,0,16
리히텐슈타인,202511,9,0,1,0,0,0,0,0,0,10
리히텐슈타인,202512,9,0,0,1,0,0,0,0,0,10
리히텐슈타인,소계,101,3,6,1,0,0,0,0,0,111
산마리노,202501,3,0,0,0,0,0,0,0,0,3
산마리노,202502,1,0,0,0,0,0,0,0,0,1
산마리노,202503,2,0,0,0,0,0,0,0,0,2
산마리노,202504,3,0,0,0,0,0,0,0,0,3
산마리노,202505,2,0,0,0,0,0,0,0,0,2
산마리노,202506,2,0,0,0,0,0,0,0,0,2
산마리노,202507,7,0,1,0,0,0,0,0,0,8
산마리노,202508,2,0,0,0,0,0,0,0,0,2
산마리노,202509,4,0,0,0,0,0,0,0,0,4
산마리노,202510,4,0,0,0,0,0,0,0,0,4
산마리노,202511,6,0,0,0,0,0,0,0,0,6
산마리노,202512,3,0,2,0,0,0,0,0,0,5
산마리노,소계,39,0,3,0,0,0,0,0,0,42
마케도니아,202501,1,0,0,0,0,0,0,0,0,1
마케도니아,202502,4,0,1,0,0,0,0,0,0,17
마케도니아,202503,1,0,0,0,0,0,0,0,0,23
마케도니아,202504,3,0,1,0,0,0,0,0,0,46
마케도니아,202505,3,0,0,0,0,0,0,0,0,34
마케도니아,202506,1,0,0,0,0,0,0,0,0,29
마케도니아,202507,3,0,3,0,0,0,0,0,0,15
마케도니아,202508,0,0,0,0,0,0,0,0,0,9
마케도니아,202509,5,0,2,0,0,0,0,0,0,20
마케도니아,202510,4,4,1,0,0,0,0,0,0,17
마케도니아,202511,2,0,0,0,0,0,0,0,0,5
마케도니아,202512,0,0,0,0,0,0,0,0,0,0
마케도니아,소계,27,4,8,0,0,0,0,0,0,216
모나코,202501,1,0,0,0,0,0,0,0,0,1
모나코,202502,1,0,0,0,0,0,0,0,0,1
모나코,202503,1,0,0,0,0,0,0,0,0,1
모나코,202504,7,2,3,0,0,0,0,0,0,18
모나코,202505,6,0,0,0,0,0,0,0,0,6
모나코,202506,2,0,0,0,0,0,0,0,0,2
모나코,202507,8,0,1,0,0,0,0,0,0,9
모나코,202508,4,0,0,0,0,0,0,0,0,7
모나코,202509,6,0,0,0,0,0,0,0,0,6
모나코,202510,7,0,0,0,0,0,0,0,0,7
모나코,202511,6,0,0,0,0,0,0,0,0,6
모나코,202512,5,1,1,0,0,0,0,0,0,7
모나코,소계,54,3,5,0,0,0,0,0,0,71
안도라,202501,1,1,0,0,0,0,0,0,0,2
안도라,202502,1,0,0,0,0,0,0,0,0,1
안도라,202503,8,0,0,0,0,0,0,0,0,9
안도라,202504,9,2,0,0,0,0,0,0,0,11
안도라,202505,18,0,1,0,0,0,0,0,0,27
안도라,202506,2,0,0,0,0,0,0,0,0,2
안도라,202507,5,3,0,0,0,0,0,0,0,10
안도라,202508,13,0,0,0,0,0,0,0,0,13
안도라,202509,8,0,0,0,0,0,0,0,0,8
안도라,202510,14,0,2,0,0,0,0,0,0,16
안도라,202511,10,0,0,0,0,0,0,0,0,10
안도라,202512,13,0,2,0,0,0,0,0,0,18
안도라,소계,102,6,5,0,0,0,0,0,0,127
영국외지민,202501,3,0,1,0,0,0,0,0,0,4
영국외지민,202502,4,0,1,0,0,0,0,0,0,5
영국외지민,202503,1,0,3,0,0,0,0,0,0,4
영국외지민,202504,10,0,2,0,0,0,0,0,0,12
영국외지민,202505,9,0,0,0,0,0,0,0,0,9
영국외지민,202506,3,0,2,0,0,0,0,0,0,5
영국외지민,202507,8,0,1,0,0,0,0,0,0,9
영국외지민,202508,8,0,0,0,0,0,0,0,0,8
영국외지민,202509,7,1,1,0,0,0,0,0,0,9
영국외지민,202510,9,0,3,0,0,0,0,0,0,12
영국외지민,202511,2,0,1,0,0,0,0,0,0,3
영국외지민,202512,0,0,0,0,0,0,0,0,0,0
영국외지민,소계,64,1,15,0,0,0,0,0,0,80
영국속령지시민,202512,0,0,0,0,0,0,0,0,0,0
영국속령지시민,소계,0,0,0,0,0,0,0,0,0,0
코소보,202501,5,0,0,0,0,0,0,0,0,5
코소보,202502,8,0,0,0,0,0,0,0,0,8
코소보,202503,3,0,0,1,0,0,0,0,0,4
코소보,202504,19,0,0,0,0,0,0,0,0,19
코소보,202505,21,0,2,1,0,0,0,0,0,24
코소보,202506,8,0,0,0,0,0,0,0,0,8
코소보,202507,4,0,0,0,0,0,0,0,0,4
코소보,202508,9,0,0,0,0,0,0,0,0,9
코소보,202509,26,1,0,0,0,0,0,0,0,27
코소보,202510,22,0,0,0,0,0,0,0,0,22
코소보,202511,19,0,2,0,0,0,0,0,0,21
코소보,202512,6,1,0,0,0,0,0,0,0,7
코소보,소계,150,2,4,2,0,0,0,0,0,158
몬테네그로,202501,20,0,9,0,0,0,0,0,0,148
몬테네그로,202502,23,0,10,0,0,0,0,0,0,135
몬테네그로,202503,27,5,11,1,0,0,0,0,0,189
몬테네그로,202504,28,0,16,1,0,0,0,0,0,231
몬테네그로,202505,39,1,16,0,0,0,0,0,0,237
몬테네그로,202506,26,0,10,0,0,0,0,0,0,183
몬테네그로,202507,23,1,15,1,0,0,0,0,0,234
몬테네그로,202508,14,0,13,2,0,0,0,0,0,137
몬테네그로,202509,55,0,25,0,0,0,0,0,0,232
몬테네그로,202510,25,10,10,0,0,0,0,0,0,243
몬테네그로,202511,28,2,12,0,1,0,0,0,0,174
몬테네그로,202512,23,6,26,0,0,0,0,0,0,161
몬테네그로,소계,331,25,173,5,1,0,0,0,0,2304
세르비아,202501,102,3,5,2,0,0,0,0,0,125
세르비아,202502,112,1,5,0,0,0,0,0,0,181
세르비아,202503,300,21,9,5,0,0,0,0,0,445
세르비아,202504,375,15,12,2,0,0,0,0,0,608
세르비아,202505,243,36,7,1,0,0,0,0,0,397
세르비아,202506,168,6,8,6,0,0,0,0,0,256
세르비아,202507,137,4,10,2,0,0,0,0,0,225
세르비아,202508,196,10,14,5,1,2,0,0,0,314
세르비아,202509,345,11,30,12,0,0,0,0,0,501
세르비아,202510,332,51,16,4,3,0,0,0,0,527
세르비아,202511,300,11,25,2,0,0,0,0,0,410
세르비아,202512,88,3,8,2,0,0,0,0,0,139
세르비아,소계,2698,172,149,43,4,2,0,0,0,4128
구주,소계,1010890,57985,64198,12692,2367,1495,0,0,0,1315545
오스트레일리아,202501,17422,935,692,174,45,11,0,0,0,19468
오스트레일리아,202502,11146,549,518,104,30,17,0,0,0,12638
오스트레일리아,202503,16485,504,834,161,31,15,0,0,0,20574
오스트레일리아,202504,26276,1310,1335,315,37,12,0,0,0,36222
오스트레일리아,202505,17874,704,855,239,31,16,0,0,0,23013
오스트레일리아,202506,16442,552,754,152,34,19,0,0,0,19360
오스트레일리아,202507,13891,458,715,213,33,20,0,0,0,16861
오스트레일리아,202508,10879,386,503,410,17,18,0,0,0,14565
오스트레일리아,202509,22001,630,988,307,33,20,0,0,0,25954
오스트레일리아,202510,21682,802,1259,366,93,33,0,0,0,27259
오스트레일리아,202511,19178,796,1089,216,25,22,0,0,0,23673
오스트레일리아,202512,24684,1098,1121,287,46,37,0,0,0,27570
오스트레일리아,소계,217960,8724,10663,2944,455,240,0,0,0,267157
뉴질랜드,202501,2845,162,145,22,5,5,0,0,0,3226
뉴질랜드,202502,2075,82,72,28,1,3,0,0,0,2299
뉴질랜드,202503,3399,93,127,26,4,4,0,0,0,4002
뉴질랜드,202504,3663,190,190,54,10,9,0,1,0,5036
뉴질랜드,202505,3074,120,168,42,3,7,0,0,0,3949
뉴질랜드,202506,2770,101,126,31,9,7,0,0,0,3302
뉴질랜드,202507,2476,118,109,49,3,2,0,0,0,3025
뉴질랜드,202508,2115,85,104,52,7,3,0,0,0,2731
뉴질랜드,202509,3877,134,183,47,9,12,0,0,0,4639
뉴질랜드,202510,3570,138,233,41,9,9,0,0,0,4453
뉴질랜드,202511,3178,172,167,32,6,3,0,0,0,3949
뉴질랜드,202512,3534,184,181,44,15,5,0,0,0,4021
뉴질랜드,소계,36576,1579,1805,468,81,69,0,1,0,44632
키리바시,202501,1,0,0,0,0,0,0,0,0,9
키리바시,202502,6,0,0,0,0,0,0,0,0,6
키리바시,202503,3,0,0,0,0,0,0,0,0,6
키리바시,202504,3,0,0,0,0,0,0,0,0,16
키리바시,202505,1,0,1,0,0,0,0,0,0,5
키리바시,202506,10,0,1,0,0,0,0,0,0,11
키리바시,202507,8,0,1,0,0,0,0,0,0,10
키리바시,202508,2,0,0,0,0,0,0,0,0,4
키리바시,202509,7,0,1,0,0,0,0,0,0,13
키리바시,202510,3,0,3,0,0,0,0,0,0,16
키리바시,202511,4,0,1,0,0,0,0,0,0,7
키리바시,202512,0,0,0,0,0,0,0,0,0,3
키리바시,소계,48,0,8,0,0,0,0,0,0,106
피지,202501,35,0,2,0,0,0,0,0,0,42
피지,202502,28,2,3,2,0,0,0,0,0,43
피지,202503,42,0,3,1,0,0,0,0,0,55
피지,202504,64,1,9,0,0,0,0,0,0,91
피지,202505,67,1,9,2,0,0,0,0,0,83
피지,202506,62,0,7,0,1,0,0,0,0,74
피지,202507,80,1,5,9,0,0,0,0,0,101
피지,202508,65,0,4,0,0,0,0,0,0,79
피지,202509,66,0,7,2,0,0,0,0,0,81
피지,202510,57,0,11,0,0,0,0,0,0,78
피지,202511,95,2,14,0,0,0,0,0,0,113
피지,202512,89,1,3,0,0,0,0,0,0,96
피지,소계,750,8,77,16,1,0,0,0,0,936
투발루,202501,0,0,2,0,0,0,0,0,0,3
투발루,202502,2,0,3,0,0,0,0,0,0,6
투발루,202503,0,0,4,0,0,0,0,0,0,5
투발루,202504,7,0,3,0,0,0,0,0,0,14
투발루,202505,1,0,2,0,0,0,0,0,0,6
투발루,202506,1,0,1,0,0,0,0,0,0,2
투발루,202507,1,0,1,0,0,0,0,0,0,3
투발루,202508,1,0,2,0,0,0,0,0,0,7
투발루,202509,5,0,5,0,0,0,0,0,0,10
투발루,202510,0,0,1,0,0,0,0,0,0,2
투발루,202511,0,0,5,0,0,0,0,0,0,7
투발루,202512,1,0,2,0,0,0,0,0,0,5
투발루,소계,19,0,31,0,0,0,0,0,0,70
파푸아뉴기니,202501,8,0,0,0,0,0,0,0,0,35
파푸아뉴기니,202502,21,1,5,0,0,0,0,0,0,37
파푸아뉴기니,202503,26,0,5,0,0,0,0,0,0,56
파푸아뉴기니,202504,42,1,14,0,0,0,0,0,0,67
파푸아뉴기니,202505,33,0,0,11,0,0,0,0,0,46
파푸아뉴기니,202506,10,0,1,0,0,0,0,0,0,29
파푸아뉴기니,202507,27,0,0,0,0,0,0,0,0,32
파푸아뉴기니,202508,51,0,5,1,0,0,0,0,0,68
파푸아뉴기니,202509,22,0,9,0,0,0,0,0,0,49
파푸아뉴기니,202510,31,0,28,0,0,0,0,0,0,66
파푸아뉴기니,202511,21,0,1,0,0,0,0,0,0,31
파푸아뉴기니,202512,29,0,4,0,0,0,0,0,0,43
파푸아뉴기니,소계,321,2,72,12,0,0,0,0,0,559
사모아,202501,2,0,0,0,0,0,0,0,0,10
사모아,202502,0,0,0,0,0,0,0,0,0,1
사모아,202503,4,0,1,0,0,0,0,0,0,27
사모아,202504,12,0,1,0,0,0,0,0,0,42
사모아,202505,1,0,0,0,0,0,0,0,0,25
사모아,202506,4,0,0,0,0,0,0,0,0,14
사모아,202507,22,0,0,0,0,0,0,0,0,58
사모아,202508,1,0,0,0,0,0,0,0,0,17
사모아,202509,4,0,1,0,0,0,0,0,0,26
사모아,202510,6,0,2,0,0,0,0,0,0,45
사모아,202511,6,0,6,0,0,0,0,0,0,26
사모아,202512,9,0,3,0,0,0,0,0,0,20
사모아,소계,71,0,14,0,0,0,0,0,0,311
솔로몬군도,202501,18,0,0,0,0,0,0,0,0,19
솔로몬군도,202502,9,1,1,0,0,0,0,0,0,11
솔로몬군도,202503,3,0,2,0,0,0,0,0,0,9
솔로몬군도,202504,15,0,2,0,0,0,0,0,0,18
솔로몬군도,202505,14,0,1,0,0,0,0,0,0,15
솔로몬군도,202506,4,0,0,0,0,0,0,0,0,4
솔로몬군도,202507,17,0,4,0,0,0,0,0,0,31
솔로몬군도,202508,9,0,3,1,0,0,0,0,0,13
솔로몬군도,202509,13,0,1,0,0,0,0,0,0,14
솔로몬군도,202510,5,0,3,0,0,0,0,0,0,8
솔로몬군도,202511,8,0,0,0,0,0,0,0,0,8
솔로몬군도,202512,4,0,0,0,0,0,0,0,0,5
솔로몬군도,소계,119,1,17,1,0,0,0,0,0,155
통가,202501,1,0,1,0,0,0,0,0,0,4
통가,202502,1,0,1,0,0,0,0,0,0,2
통가,202503,6,0,1,1,0,0,0,0,0,8
통가,202504,14,0,1,0,0,0,0,0,0,17
통가,202505,4,0,3,0,0,0,0,0,0,17
통가,202506,10,1,0,0,0,0,0,0,0,11
통가,202507,8,0,0,0,0,0,0,0,0,8
통가,202508,13,0,1,1,0,1,0,0,0,16
통가,202509,5,0,2,0,0,0,0,0,0,7
통가,202510,8,0,1,0,0,0,0,0,0,9
통가,202511,20,0,0,1,0,0,0,0,0,21
통가,202512,10,0,1,0,0,0,0,0,0,11
통가,소계,100,1,12,3,0,1,0,0,0,131
팔라우,202501,4,0,0,0,0,0,0,0,0,4
팔라우,202502,1,0,0,0,0,0,0,0,0,1
팔라우,202503,9,0,0,0,0,0,0,0,0,9
팔라우,202504,22,0,6,0,0,0,0,0,0,28
팔라우,202505,7,0,2,0,0,0,0,0,0,9
팔라우,202506,11,0,0,0,0,0,0,0,0,11
팔라우,202507,16,0,2,0,0,0,0,0,0,18
팔라우,202508,16,0,2,0,0,0,0,0,0,18
팔라우,202509,12,0,1,0,1,0,0,0,0,14
팔라우,202510,16,0,2,0,0,0,0,0,0,18
팔라우,202511,11,0,0,0,0,0,0,0,0,11
팔라우,202512,11,0,2,0,0,0,0,0,0,13
팔라우,소계,136,0,17,0,1,0,0,0,0,154
미크로네시아,202501,24,0,0,0,0,0,0,0,0,25
미크로네시아,202502,20,0,0,0,0,0,0,0,0,20
미크로네시아,202503,31,0,0,0,0,0,0,0,0,31
미크로네시아,202504,26,0,2,0,0,0,0,0,0,28
미크로네시아,202505,32,0,3,0,0,0,0,0,0,35
미크로네시아,202506,41,0,6,0,0,0,0,0,0,47
미크로네시아,202507,24,0,2,0,0,0,0,0,0,32
미크로네시아,202508,19,0,3,0,0,0,0,0,0,22
미크로네시아,202509,37,0,0,0,0,0,0,0,0,37
미크로네시아,202510,30,0,1,0,0,0,0,0,0,31
미크로네시아,202511,36,0,10,0,0,0,0,0,0,46
미크로네시아,202512,36,0,2,0,0,0,0,0,0,38
미크로네시아,소계,356,0,29,0,0,0,0,0,0,392
마샬군도,202501,9,0,0,6,0,2,0,0,0,17
마샬군도,202502,4,1,0,1,0,0,0,0,0,6
마샬군도,202503,14,0,0,2,0,0,0,0,0,16
마샬군도,202504,21,1,4,0,0,0,0,0,0,26
마샬군도,202505,16,0,0,4,0,0,0,0,0,20
마샬군도,202506,10,0,2,0,0,0,0,0,0,12
마샬군도,202507,20,2,0,0,0,0,0,0,0,22
마샬군도,202508,13,0,0,1,0,0,0,0,0,14
마샬군도,202509,18,1,1,2,0,0,0,0,0,22
마샬군도,202510,14,2,1,0,0,0,0,0,0,17
마샬군도,202511,10,0,1,0,0,0,0,0,0,11
마샬군도,202512,6,1,0,0,0,0,0,0,0,7
마샬군도,소계,155,8,9,16,0,2,0,0,0,190
비누아투,202501,2,0,0,2,0,0,0,0,0,4
비누아투,202502,4,0,0,1,0,0,0,0,0,5
비누아투,202503,7,1,0,1,0,0,0,0,0,15
비누아투,202504,12,2,1,2,0,0,0,0,0,17
비누아투,202505,9,0,0,1,0,0,0,0,0,10
비누아투,202506,9,1,0,7,0,0,0,0,0,17
비누아투,202507,53,0,0,7,0,0,0,0,0,62
비누아투,202508,8,1,3,3,0,0,0,0,0,15
비누아투,202509,9,1,2,8,0,0,0,0,0,21
비누아투,202510,12,1,1,7,0,0,0,0,0,22
비누아투,202511,8,0,2,4,0,0,0,0,0,14
비누아투,202512,15,3,0,6,0,0,0,0,0,24
비누아투,소계,148,10,9,49,0,0,0,0,0,226
나우루,202501,2,0,0,0,0,0,0,0,0,2
나우루,202502,2,0,1,0,0,0,0,0,0,3
나우루,202503,4,0,0,0,0,0,0,0,0,4
나우루,202504,0,0,1,0,0,0,0,0,0,1
나우루,202505,3,0,2,0,0,0,0,0,0,5
나우루,202506,5,0,0,0,0,0,0,0,0,5
나우루,202507,0,0,0,0,0,0,0,0,0,0
나우루,202508,6,0,0,1,0,0,0,0,0,9
나우루,202509,3,0,2,2,0,0,0,0,0,7
나우루,202510,0,0,0,0,0,0,0,0,0,0
나우루,202511,3,0,0,0,0,0,0,0,0,3
나우루,202512,6,0,1,0,0,0,0,0,0,7
나우루,소계,34,0,7,3,0,0,0,0,0,46
토켈라우,202501,0,0,0,0,0,0,0,0,0,4
토켈라우,202512,0,0,0,0,0,0,0,0,0,0
토켈라우,소계,0,0,0,0,0,0,0,0,0,4
노폴크,202504,0,0,0,0,0,0,0,0,0,0
노폴크,소계,0,0,0,0,0,0,0,0,0,0
뉴칼레도니아,202505,0,0,0,0,0,0,0,0,0,0
뉴칼레도니아,소계,0,0,0,0,0,0,0,0,0,0
대양주,소계,256793,10333,12770,3512,538,312,0,1,0,315069
남아프리카공화국,202501,1139,25,70,23,9,0,0,0,0,1330
남아프리카공화국,202502,1346,24,52,16,11,5,0,0,0,1536
남아프리카공화국,202503,817,19,55,7,5,1,0,0,0,1308
남아프리카공화국,202504,945,41,66,23,2,0,0,0,0,1839
남아프리카공화국,202505,835,18,65,14,1,1,0,0,0,1844
남아프리카공화국,202506,856,25,37,17,7,6,0,0,0,1540
남아프리카공화국,202507,964,39,67,21,6,5,0,0,0,1732
남아프리카공화국,202508,1560,18,148,22,15,4,0,0,0,2300
남아프리카공화국,202509,833,20,61,23,0,0,0,0,0,1590
남아프리카공화국,202510,1227,23,111,35,14,4,0,0,0,2121
남아프리카공화국,202511,599,12,43,13,1,2,0,0,0,1057
남아프리카공화국,202512,965,31,81,16,2,1,0,0,0,1145
남아프리카공화국,소계,12086,295,856,230,73,29,0,0,0,19342
나이지리아,202501,109,0,4,0,0,0,0,0,0,119
나이지리아,202502,132,1,0,0,8,0,0,0,0,166
나이지리아,202503,140,0,3,0,0,0,0,0,0,148
나이지리아,202504,113,4,4,0,0,0,0,0,0,129
나이지리아,202505,101,7,4,0,0,0,0,0,0,122
나이지리아,202506,131,0,2,1,0,0,0,0,0,135
나이지리아,202507,152,2,2,0,0,1,0,0,0,161
나이지리아,202508,209,3,11,0,4,1,0,0,0,232
나이지리아,202509,213,1,8,2,0,0,0,0,0,238
나이지리아,202510,190,2,4,0,1,0,0,0,0,213
나이지리아,202511,156,3,2,2,0,0,0,0,0,172
나이지리아,202512,115,1,4,0,5,0,0,0,0,136
나이지리아,소계,1761,24,48,5,18,2,0,0,0,1971
이집트,202501,349,2,3,0,7,0,0,0,0,421
이집트,202502,447,3,29,0,0,0,0,0,0,516
이집트,202503,310,0,34,2,5,0,0,0,0,435
이집트,202504,575,6,26,1,1,0,0,0,0,665
이집트,202505,513,3,16,2,1,0,0,0,0,606
이집트,202506,493,2,54,3,1,2,0,0,0,616
이집트,202507,500,2,25,8,0,1,0,0,0,588
이집트,202508,500,2,61,2,1,0,0,0,0,594
이집트,202509,637,0,26,0,1,0,0,0,0,706
이집트,202510,688,28,25,2,0,0,0,0,0,814
이집트,202511,626,7,24,8,1,0,0,0,0,697
이집트,202512,374,11,19,1,2,2,0,0,0,459
이집트,소계,6012,66,342,29,20,5,0,0,0,7117
가나,202501,96,0,2,1,0,3,0,0,0,134
가나,202502,120,0,4,0,0,0,0,0,0,152
가나,202503,136,0,14,0,0,0,0,0,0,178
가나,202504,166,0,10,1,0,0,0,0,0,223
가나,202505,120,0,0,0,0,0,0,0,0,147
가나,202506,111,0,5,0,0,0,0,0,0,172
가나,202507,208,2,5,0,0,0,0,0,0,248
가나,202508,194,2,6,0,0,0,0,0,0,251
가나,202509,172,0,8,1,0,2,0,0,0,222
가나,202510,171,1,3,0,0,0,0,0,0,208
가나,202511,173,5,3,2,0,1,0,0,0,213
가나,202512,62,2,3,0,0,1,0,0,0,87
가나,소계,1729,12,63,5,0,7,0,0,0,2235
리비아,202501,180,0,1,0,0,0,0,0,0,183
리비아,202502,214,0,3,0,0,0,0,0,0,217
리비아,202503,82,0,3,0,0,0,0,0,0,85
리비아,202504,211,0,3,0,2,0,0,0,0,216
리비아,202505,195,0,0,0,0,0,0,0,0,197
리비아,202506,160,0,1,0,0,0,0,0,0,161
리비아,202507,156,1,1,0,0,0,0,0,0,158
리비아,202508,138,0,1,0,0,0,0,0,0,139
리비아,202509,261,0,2,0,0,0,0,0,0,263
리비아,202510,303,0,2,0,0,0,0,0,0,305
리비아,202511,197,0,2,0,0,0,0,0,0,199
리비아,202512,206,0,0,0,0,0,0,0,0,206
리비아,소계,2303,1,19,0,2,0,0,0,0,2329
수단,202501,11,0,0,0,0,0,0,0,0,12
수단,202502,36,0,1,0,0,0,0,0,0,39
수단,202503,23,0,1,0,0,0,0,0,0,24
수단,202504,51,1,3,0,0,2,0,0,0,61
수단,202505,33,0,2,0,0,0,0,0,0,37
수단,202506,27,0,1,2,0,0,0,0,0,32
수단,202507,30,3,6,0,0,0,0,0,0,43
수단,202508,48,0,2,0,0,0,0,0,0,52
수단,202509,41,0,2,0,0,0,0,0,0,44
수단,202510,41,0,2,0,0,0,0,0,0,44
수단,202511,38,0,0,0,0,0,0,0,0,38
수단,202512,31,1,1,0,0,0,0,0,0,33
수단,소계,410,5,21,2,0,2,0,0,0,459
모로코,202501,268,2,9,2,3,0,0,0,0,291
모로코,202502,297,2,5,5,0,0,0,0,0,314
모로코,202503,245,4,10,0,0,0,0,0,0,275
모로코,202504,457,11,13,1,0,0,0,0,0,500
모로코,202505,544,9,20,3,3,0,0,0,0,597
모로코,202506,390,5,18,2,2,3,0,0,0,423
모로코,202507,439,5,11,3,0,1,0,0,0,478
모로코,202508,700,10,20,5,0,0,0,0,0,769
모로코,202509,511,7,22,5,4,0,0,0,0,566
모로코,202510,548,12,23,3,0,0,0,0,0,611
모로코,202511,440,7,31,5,2,0,0,0,0,493
모로코,202512,314,6,11,6,2,0,0,0,0,345
모로코,소계,5153,80,193,40,16,4,0,0,0,5662
케냐,202501,115,0,6,0,0,0,0,0,0,188
케냐,202502,168,0,3,0,0,0,0,0,0,184
케냐,202503,132,0,10,0,1,0,0,0,0,354
케냐,202504,203,14,11,2,4,0,0,0,0,649
케냐,202505,110,0,16,1,0,0,0,0,0,431
케냐,202506,160,0,9,4,0,0,0,0,0,456
케냐,202507,266,1,13,3,0,1,0,0,0,615
케냐,202508,336,1,12,0,2,0,0,0,0,603
케냐,202509,192,2,32,1,0,0,0,0,0,525
케냐,202510,244,1,5,2,0,0,0,0,0,646
케냐,202511,201,3,1,0,0,0,0,0,0,335
케냐,202512,76,1,7,0,0,0,0,0,0,85
케냐,소계,2203,23,125,13,7,1,0,0,0,5071
튀니지,202501,189,1,14,0,5,0,0,0,0,228
튀니지,202502,181,0,8,0,0,0,0,0,0,200
튀니지,202503,113,1,8,0,4,0,0,0,0,182
튀니지,202504,296,1,28,1,2,0,0,0,0,411
튀니지,202505,257,10,12,1,2,0,0,0,0,316
튀니지,202506,193,3,8,1,2,0,0,0,0,222
튀니지,202507,263,3,17,2,0,1,0,0,0,331
튀니지,202508,261,1,13,0,6,1,0,0,0,309
튀니지,202509,271,6,28,2,0,0,0,0,0,340
튀니지,202510,258,4,25,0,1,0,0,0,0,354
튀니지,202511,256,5,25,0,0,1,0,0,0,326
튀니지,202512,176,1,11,0,0,0,0,0,0,195
튀니지,소계,2714,36,197,7,22,3,0,0,0,3414
에티오피아,202501,779,0,0,1,0,0,0,0,0,806
에티오피아,202502,792,0,5,0,0,0,0,0,0,816
에티오피아,202503,883,1,13,0,0,0,0,0,0,935
에티오피아,202504,769,0,41,0,0,0,0,0,0,904
에티오피아,202505,750,0,4,0,0,0,0,0,0,830
에티오피아,202506,703,1,1,0,0,0,0,0,0,787
에티오피아,202507,785,0,6,1,0,0,0,0,0,884
에티오피아,202508,910,0,4,0,0,0,0,0,0,989
에티오피아,202509,765,0,7,0,0,0,0,0,0,824
에티오피아,202510,780,1,18,2,0,0,0,0,0,891
에티오피아,202511,900,2,7,1,0,0,0,0,0,975
에티오피아,202512,76,0,3,0,0,0,0,0,0,140
에티오피아,소계,8892,5,109,5,0,0,0,0,0,9781
알제리,202501,108,0,3,0,0,0,0,0,0,118
알제리,202502,104,0,4,0,0,0,0,0,0,112
알제리,202503,86,1,4,1,2,0,0,0,0,100
알제리,202504,122,0,15,1,0,0,0,0,0,140
알제리,202505,160,0,14,2,1,0,0,0,0,182
알제리,202506,114,1,4,0,0,0,0,0,0,119
알제리,202507,178,0,10,0,0,0,0,0,0,188
알제리,202508,167,2,14,1,1,0,0,0,0,186
알제리,202509,135,1,16,0,0,0,0,0,0,152
알제리,202510,186,40,14,1,0,0,0,0,0,245
알제리,202511,134,1,17,1,0,1,0,0,0,154
알제리,202512,85,2,2,0,0,1,0,0,0,91
알제리,소계,1579,48,117,7,4,2,0,0,0,1787
탄자니아,202501,53,0,0,0,0,0,0,0,0,74
탄자니아,202502,80,0,0,0,0,0,0,0,0,106
탄자니아,202503,103,0,1,2,0,0,0,0,0,118
탄자니아,202504,136,0,12,0,0,0,0,0,0,204
탄자니아,202505,90,0,11,0,0,0,0,0,0,172
탄자니아,202506,146,1,4,0,0,0,0,0,0,199
탄자니아,202507,188,0,2,0,0,0,0,0,0,264
탄자니아,202508,183,0,3,8,0,0,0,0,0,228
탄자니아,202509,151,1,13,1,1,0,0,0,0,199
탄자니아,202510,81,0,2,1,0,0,0,0,0,101
탄자니아,202511,89,2,2,1,0,0,0,0,0,115
탄자니아,202512,72,0,10,1,1,0,0,0,0,138
탄자니아,소계,1372,4,60,14,2,0,0,0,0,1918
앙골라,202501,5,2,1,0,0,0,0,0,0,8
앙골라,202502,5,0,0,0,0,0,0,0,0,5
앙골라,202503,5,0,1,0,0,0,0,0,0,8
앙골라,202504,17,0,0,0,0,0,0,0,0,18
앙골라,202505,6,0,1,0,0,0,0,0,0,7
앙골라,202506,6,0,0,0,0,0,0,0,0,8
앙골라,202507,9,0,1,0,0,0,0,0,0,10
앙골라,202508,16,0,1,2,0,0,0,0,0,19
앙골라,202509,16,0,2,0,0,0,0,0,0,18
앙골라,202510,13,1,0,0,0,0,0,0,0,16
앙골라,202511,9,0,0,0,0,0,0,0,0,11
앙골라,202512,7,0,0,0,0,0,0,0,0,9
앙골라,소계,114,3,7,2,0,0,0,0,0,137
카메룬,202501,33,0,1,0,0,0,0,0,0,34
카메룬,202502,21,0,0,0,0,0,0,0,0,22
카메룬,202503,29,2,0,0,0,0,0,0,0,38
카메룬,202504,40,1,0,0,0,0,0,0,0,47
카메룬,202505,36,2,0,0,0,0,0,0,0,42
카메룬,202506,37,1,0,0,0,0,0,0,0,48
카메룬,202507,50,0,0,0,0,0,0,0,0,54
카메룬,202508,83,1,3,0,0,0,0,0,0,90
카메룬,202509,36,4,0,0,0,0,0,0,0,42
카메룬,202510,39,1,3,0,0,0,0,0,0,43
카메룬,202511,50,0,1,2,0,0,0,0,0,53
카메룬,202512,21,0,0,0,0,0,0,0,0,21
카메룬,소계,475,12,8,2,0,0,0,0,0,534
우간다,202501,51,0,1,0,0,0,0,0,0,53
우간다,202502,77,0,2,0,2,0,0,0,0,85
우간다,202503,63,0,0,0,0,0,0,0,0,101
우간다,202504,44,0,1,1,0,0,0,0,0,92
우간다,202505,53,0,0,0,0,0,0,0,0,64
우간다,202506,43,0,2,1,0,0,0,0,0,59
우간다,202507,103,1,5,1,1,1,0,0,0,122
우간다,202508,157,0,0,0,1,0,0,0,0,164
우간다,202509,93,0,2,0,0,0,0,0,0,101
우간다,202510,74,1,0,0,1,1,0,0,0,99
우간다,202511,58,0,3,3,2,0,0,0,0,70
우간다,202512,37,0,3,0,0,0,0,0,0,40
우간다,소계,853,2,19,6,7,2,0,0,0,1050
모리셔스,202501,27,1,2,0,0,0,0,0,0,65
모리셔스,202502,49,2,2,0,0,0,0,0,0,96
모리셔스,202503,54,3,3,0,0,0,0,0,0,184
모리셔스,202504,119,9,4,1,1,0,0,0,0,402
모리셔스,202505,82,1,9,0,0,0,0,0,0,337
모리셔스,202506,87,3,2,1,0,0,0,0,0,179
모리셔스,202507,76,0,1,0,0,0,0,0,0,145
모리셔스,202508,61,10,0,0,0,0,0,0,0,129
모리셔스,202509,76,1,4,1,0,0,0,0,0,181
모리셔스,202510,78,2,5,5,2,0,0,0,0,175
모리셔스,202511,77,3,7,3,0,0,0,0,0,169
모리셔스,202512,63,7,2,1,0,0,0,0,0,190
모리셔스,소계,849,42,41,12,3,0,0,0,0,2252
짐바브웨,202501,26,1,1,0,0,0,0,0,0,50
짐바브웨,202502,20,0,1,2,0,0,0,0,0,47
짐바브웨,202503,34,0,2,0,0,0,0,0,0,310
짐바브웨,202504,34,0,5,1,0,0,0,0,0,499
짐바브웨,202505,33,1,1,0,0,0,0,0,0,382
짐바브웨,202506,40,1,1,0,0,0,0,0,0,284
짐바브웨,202507,133,0,7,0,0,0,0,0,0,376
짐바브웨,202508,61,0,5,0,0,0,0,0,0,287
짐바브웨,202509,38,1,2,1,1,0,0,0,0,343
짐바브웨,202510,39,0,3,0,0,0,0,0,0,377
짐바브웨,202511,68,4,2,0,0,0,0,0,0,235
짐바브웨,202512,12,0,1,0,0,0,0,0,0,17
짐바브웨,소계,538,8,31,4,1,0,0,0,0,3207
코트디부아르,202501,22,0,0,1,0,0,0,0,0,23
코트디부아르,202502,56,0,0,0,0,0,0,0,0,56
코트디부아르,202503,15,0,0,0,0,0,0,0,0,15
코트디부아르,202504,68,0,2,0,0,0,0,0,0,72
코트디부아르,202505,48,0,0,0,0,0,0,0,0,48
코트디부아르,202506,37,1,0,0,0,0,0,0,0,38
코트디부아르,202507,72,1,3,0,0,0,0,0,0,77
코트디부아르,202508,100,3,0,0,0,0,0,0,0,105
코트디부아르,202509,48,0,15,0,0,0,0,0,0,65
코트디부아르,202510,38,0,0,0,0,0,0,0,0,43
코트디부아르,202511,24,0,0,0,0,1,0,0,0,29
코트디부아르,202512,12,0,0,0,0,0,0,0,0,12
코트디부아르,소계,540,5,20,1,0,1,0,0,0,583
콩고,202501,0,0,0,1,0,0,0,0,0,1
콩고,202502,1,0,0,1,0,0,0,0,0,2
콩고,202503,2,0,0,0,0,0,0,0,0,2
콩고,202504,16,0,1,0,0,0,0,0,0,17
콩고,202505,4,0,2,1,0,0,0,0,0,7
콩고,202506,3,0,0,0,0,0,0,0,0,3
콩고,202507,11,0,1,0,0,0,0,0,0,12
콩고,202508,6,0,0,0,0,0,0,0,0,6
콩고,202509,7,0,0,0,0,0,0,0,0,7
콩고,202510,8,0,0,0,0,0,0,0,0,8
콩고,202511,5,0,0,0,0,0,0,0,0,5
콩고,202512,1,0,0,0,0,0,0,0,0,1
콩고,소계,64,0,4,3,0,0,0,0,0,71
세네갈,202501,18,0,0,0,0,0,0,0,0,18
세네갈,202502,29,0,0,0,0,0,0,0,0,29
세네갈,202503,20,1,1,0,0,0,0,0,0,23
세네갈,202504,28,1,0,0,1,0,0,0,0,32
세네갈,202505,29,0,2,0,0,0,0,0,0,31
세네갈,202506,40,0,0,0,0,0,0,0,0,40
세네갈,202507,59,0,0,0,0,0,0,0,0,59
세네갈,202508,50,1,2,0,0,0,0,0,0,53
세네갈,202509,55,0,1,0,1,0,0,0,0,57
세네갈,202510,47,2,1,0,0,0,0,0,0,50
세네갈,202511,33,0,0,0,0,0,0,0,0,33
세네갈,202512,21,0,0,0,0,0,0,0,0,21
세네갈,소계,429,5,7,0,2,0,0,0,0,446
베냉,202501,20,0,0,0,0,0,0,0,0,24
베냉,202502,5,0,0,0,0,0,0,0,0,5
베냉,202503,5,1,0,0,0,0,0,0,0,6
베냉,202504,21,0,0,0,0,0,0,0,0,21
베냉,202505,12,0,0,1,0,0,0,0,0,13
베냉,202506,8,0,0,0,0,0,0,0,0,8
베냉,202507,19,0,0,0,0,0,0,0,0,20
베냉,202508,19,0,1,0,0,0,0,0,0,20
베냉,202509,12,0,0,0,0,0,0,0,0,12
베냉,202510,14,0,0,0,0,0,0,0,0,14
베냉,202511,5,0,0,0,0,0,0,0,0,5
베냉,202512,3,1,0,0,0,0,0,0,0,4
베냉,소계,143,2,1,1,0,0,0,0,0,152
기니,202501,9,0,0,0,0,0,0,0,0,10
기니,202502,5,0,0,0,0,0,0,0,0,5
기니,202503,3,0,0,0,0,0,0,0,0,5
기니,202504,16,0,0,0,0,0,0,0,0,19
기니,202505,5,0,0,0,0,0,0,0,0,5
기니,202506,23,0,0,0,0,0,0,0,0,23
기니,202507,16,0,1,0,0,0,0,0,0,18
기니,202508,29,0,0,0,0,0,0,0,0,31
기니,202509,6,0,1,0,0,0,0,0,0,9
기니,202510,6,0,1,0,0,0,0,0,0,12
기니,202511,3,0,0,0,0,0,0,0,0,5
기니,202512,6,0,0,0,0,0,0,0,0,6
기니,소계,127,0,3,0,0,0,0,0,0,148
가봉,202501,6,0,1,0,0,0,0,0,0,7
가봉,202502,18,0,1,0,0,0,0,0,0,19
가봉,202503,14,0,0,0,0,0,0,0,0,14
가봉,202504,3,0,0,0,0,0,0,0,0,3
가봉,202505,7,0,1,0,0,0,0,0,0,8
가봉,202506,17,0,0,0,0,0,0,0,0,17
가봉,202507,17,0,0,0,0,0,0,0,0,17
가봉,202508,14,1,1,0,0,0,0,0,0,16
가봉,202509,20,0,1,0,0,0,0,0,0,21
가봉,202510,8,0,0,0,0,0,0,0,0,8
가봉,202511,9,1,1,0,0,0,0,0,0,11
가봉,202512,13,0,3,0,0,1,0,0,0,17
가봉,소계,146,2,9,0,0,1,0,0,0,158
콩고민주공화국,202501,30,0,0,0,0,0,0,0,0,30
콩고민주공화국,202502,24,0,0,0,0,0,0,0,0,24
콩고민주공화국,202503,69,0,0,0,0,0,0,0,0,69
콩고민주공화국,202504,85,1,0,0,0,0,0,0,0,86
콩고민주공화국,202505,31,0,2,0,0,0,0,0,0,33
콩고민주공화국,202506,50,1,0,1,0,0,0,0,0,52
콩고민주공화국,202507,77,1,0,0,0,0,0,0,0,78
콩고민주공화국,202508,62,0,2,0,0,0,0,0,0,64
콩고민주공화국,202509,36,0,1,1,0,0,0,0,0,38
콩고민주공화국,202510,41,0,0,0,0,0,0,0,0,41
콩고민주공화국,202511,15,0,2,1,0,0,0,0,0,18
콩고민주공화국,202512,43,0,0,1,0,0,0,0,0,44
콩고민주공화국,소계,563,3,7,4,0,0,0,0,0,577
라이베리아,202501,11,0,1,0,0,0,0,0,0,12
라이베리아,202502,10,1,1,0,0,0,0,0,0,12
라이베리아,202503,11,0,1,0,0,0,0,0,0,12
라이베리아,202504,14,0,0,0,0,0,0,0,0,15
라이베리아,202505,8,0,0,1,0,0,0,0,0,9
라이베리아,202506,4,0,0,0,0,0,0,0,0,4
라이베리아,202507,18,0,0,0,0,0,0,0,0,18
라이베리아,202508,28,0,0,0,0,0,0,0,0,28
라이베리아,202509,13,0,1,0,0,0,0,0,0,14
라이베리아,202510,10,0,0,0,0,0,0,0,0,10
라이베리아,202511,10,0,0,0,0,0,0,0,0,10
라이베리아,202512,5,0,0,1,0,0,0,0,0,8
라이베리아,소계,142,1,4,2,0,0,0,0,0,152
카보베르데,202501,4,0,1,0,0,0,0,0,0,7
카보베르데,202502,3,0,0,0,0,0,0,0,0,3
카보베르데,202503,5,0,0,0,0,0,0,0,0,5
카보베르데,202504,5,0,0,0,0,0,0,0,0,5
카보베르데,202505,1,1,0,0,0,0,0,0,0,2
카보베르데,202506,4,0,0,0,0,0,0,0,0,5
카보베르데,202507,4,0,0,0,0,0,0,0,0,4
카보베르데,202508,8,1,1,0,0,0,0,0,0,10
카보베르데,202509,6,0,0,0,0,0,0,0,0,6
카보베르데,202510,6,0,0,0,0,0,0,0,0,6
카보베르데,202511,8,0,0,0,0,0,0,0,0,8
카보베르데,202512,0,1,2,0,0,0,0,0,0,3
카보베르데,소계,54,3,4,0,0,0,0,0,0,64
잠비아,202501,4,0,0,0,0,0,0,0,0,4
잠비아,202502,11,0,0,0,1,0,0,0,0,12
잠비아,202503,25,0,1,0,1,0,0,0,0,29
잠비아,202504,65,0,0,0,0,0,0,0,0,70
잠비아,202505,19,0,0,0,0,0,0,0,0,22
잠비아,202506,17,0,0,0,0,0,0,0,0,19
잠비아,202507,28,0,2,0,0,0,0,0,0,34
잠비아,202508,23,0,0,0,0,0,0,0,0,28
잠비아,202509,43,1,0,0,0,0,0,0,0,48
잠비아,202510,30,0,0,1,0,0,0,0,0,39
잠비아,202511,24,0,0,0,0,0,0,0,0,29
잠비아,202512,11,0,0,0,0,0,0,0,0,11
잠비아,소계,300,1,3,1,2,0,0,0,0,345
말리,202501,14,0,0,0,0,0,0,0,0,14
말리,202502,5,0,0,0,0,0,0,0,0,5
말리,202503,8,0,0,0,0,0,0,0,0,8
말리,202504,9,0,0,0,0,0,0,0,0,9
말리,202505,10,0,0,0,0,0,0,0,0,10
말리,202506,13,0,2,0,0,0,0,0,0,15
말리,202507,13,0,0,0,0,0,0,0,0,13
말리,202508,18,0,0,0,0,0,0,0,0,18
말리,202509,19,0,0,0,0,0,0,0,0,19
말리,202510,15,0,0,0,0,0,0,0,0,15
말리,202511,14,0,0,0,0,0,0,0,0,14
말리,202512,8,0,0,1,0,0,0,0,0,9
말리,소계,146,0,2,1,0,0,0,0,0,149
세이셸,202501,5,0,0,0,0,0,0,0,0,5
세이셸,202502,5,0,0,0,0,0,0,0,0,5
세이셸,202503,5,0,0,0,0,0,0,0,0,5
세이셸,202504,19,0,0,0,0,0,0,0,0,19
세이셸,202505,9,0,2,0,0,0,0,0,0,11
세이셸,202506,7,0,0,0,0,0,0,0,0,7
세이셸,202507,6,0,1,0,0,0,0,0,0,7
세이셸,202508,10,0,0,0,0,0,0,0,0,11
세이셸,202509,10,0,2,0,0,0,0,0,0,13
세이셸,202510,8,0,0,0,0,0,0,0,0,8
세이셸,202511,6,0,2,0,0,0,0,0,0,8
세이셸,202512,5,1,0,0,2,0,0,0,0,8
세이셸,소계,95,1,7,0,2,0,0,0,0,107
마다가스카르,202501,10,0,2,1,0,0,0,0,0,50
마다가스카르,202502,12,0,0,0,1,0,0,0,0,13
마다가스카르,202503,8,0,0,0,0,0,0,0,0,112
마다가스카르,202504,25,0,1,0,0,0,0,0,0,233
마다가스카르,202505,26,0,1,2,0,0,0,0,0,204
마다가스카르,202506,29,0,5,0,0,0,0,0,0,180
마다가스카르,202507,28,0,4,2,0,0,0,0,0,254
마다가스카르,202508,28,1,2,2,1,0,0,0,0,233
마다가스카르,202509,26,1,2,5,0,0,0,0,0,244
마다가스카르,202510,27,0,0,2,0,0,0,0,0,300
마다가스카르,202511,21,1,3,0,0,0,0,0,0,108
마다가스카르,202512,24,0,0,0,0,0,0,0,0,30
마다가스카르,소계,264,3,20,14,2,0,0,0,0,1961
스와질란드,202501,4,0,1,0,0,0,0,0,0,5
스와질란드,202502,15,0,1,0,0,0,0,0,0,16
스와질란드,202503,7,0,0,0,0,0,0,0,0,7
스와질란드,202504,14,0,0,0,0,0,0,0,0,14
스와질란드,202505,8,0,0,0,0,0,0,0,0,12
스와질란드,202506,10,0,0,0,0,0,0,0,0,10
스와질란드,202507,9,0,0,0,0,0,0,0,0,9
스와질란드,202508,19,0,0,0,0,0,0,0,0,19
스와질란드,202509,18,0,2,0,0,0,0,0,0,20
스와질란드,202510,10,0,0,0,0,0,0,0,0,10
스와질란드,202511,4,0,2,0,0,0,0,0,0,6
스와질란드,202512,3,0,2,0,0,0,0,0,0,5
스와질란드,소계,121,0,8,0,0,0,0,0,0,133
시에라리온,202501,3,0,0,0,0,0,0,0,0,3
시에라리온,202502,6,0,0,0,0,0,0,0,0,7
시에라리온,202503,4,1,0,0,0,0,0,0,0,5
시에라리온,202504,7,0,0,0,0,0,0,0,0,7
시에라리온,202505,4,0,0,0,0,0,0,0,0,4
시에라리온,202506,4,0,0,0,0,0,0,0,0,4
시에라리온,202507,7,0,0,0,0,0,0,0,0,7
시에라리온,202508,20,0,0,0,0,0,0,0,0,20
시에라리온,202509,34,0,0,0,0,0,0,0,0,34
시에라리온,202510,4,0,0,0,0,0,0,0,0,4
시에라리온,202511,3,0,0,0,0,0,0,0,0,4
시에라리온,202512,5,0,0,0,0,0,0,0,0,5
시에라리온,소계,101,1,0,0,0,0,0,0,0,104
토고,202501,12,0,0,0,0,0,0,0,0,12
토고,202502,10,0,0,1,0,0,0,0,0,11
토고,202503,4,0,1,0,0,0,0,0,0,5
토고,202504,20,2,0,0,0,0,0,0,0,22
토고,202505,7,0,0,0,0,0,0,0,0,7
토고,202506,17,0,0,0,0,0,0,0,0,17
토고,202507,12,0,0,0,0,0,0,0,0,12
토고,202508,13,0,0,0,0,0,0,0,0,13
토고,202509,7,0,0,0,0,0,0,0,0,7
토고,202510,10,0,0,0,0,0,0,0,0,10
토고,202511,3,1,0,0,0,0,0,0,0,4
토고,202512,6,0,0,0,0,0,0,0,0,6
토고,소계,121,3,1,1,0,0,0,0,0,126
르완다,202501,51,0,0,0,0,0,0,0,0,52
르완다,202502,75,0,0,0,0,0,0,0,0,75
르완다,202503,52,0,0,0,0,0,0,0,0,56
르완다,202504,44,0,1,0,0,0,0,0,0,50
르완다,202505,49,0,5,4,2,0,0,0,0,68
르완다,202506,29,0,1,0,0,0,0,0,0,33
르완다,202507,88,0,1,0,0,0,0,0,0,94
르완다,202508,123,0,1,0,0,0,0,0,0,131
르완다,202509,88,0,1,0,0,0,0,0,0,92
르완다,202510,87,0,1,0,0,0,0,0,0,90
르완다,202511,46,0,0,2,0,0,0,0,0,52
르완다,202512,37,0,0,0,0,0,0,0,0,37
르완다,소계,769,0,11,6,2,0,0,0,0,830
나미비아,202501,5,0,4,0,0,0,0,0,0,10
나미비아,202502,2,0,0,0,0,0,0,0,0,2
나미비아,202503,5,0,0,0,0,0,0,0,0,10
나미비아,202504,7,0,2,0,0,1,0,0,0,22
나미비아,202505,9,0,0,0,0,0,0,0,0,15
나미비아,202506,7,0,0,0,0,0,0,0,0,15
나미비아,202507,16,0,0,0,0,0,0,0,0,22
나미비아,202508,9,0,3,0,0,0,0,0,0,24
나미비아,202509,21,0,1,2,0,0,0,0,0,35
나미비아,202510,12,0,0,0,0,0,0,0,0,18
나미비아,202511,7,0,2,0,0,0,0,0,0,9
나미비아,202512,1,0,0,1,0,0,0,0,0,2
나미비아,소계,101,0,12,3,0,1,0,0,0,184
모잠비크,202501,9,0,3,0,0,0,0,0,0,12
모잠비크,202502,7,0,1,0,0,0,0,0,0,8
모잠비크,202503,6,0,1,0,0,0,0,0,0,7
모잠비크,202504,33,0,2,0,0,0,0,0,0,35
모잠비크,202505,25,0,1,0,0,0,0,0,0,26
모잠비크,202506,16,0,0,0,0,0,0,0,0,16
모잠비크,202507,30,1,0,0,0,0,0,0,0,31
모잠비크,202508,34,1,4,0,0,0,0,0,0,40
모잠비크,202509,28,0,2,0,0,0,0,0,0,34
모잠비크,202510,60,0,1,0,0,0,0,0,0,67
모잠비크,202511,12,0,3,0,0,0,0,0,0,17
모잠비크,202512,6,0,2,0,0,0,0,0,0,8
모잠비크,소계,266,2,20,0,0,0,0,0,0,301
부르키나파소,202501,4,0,0,0,0,0,0,0,0,4
부르키나파소,202502,7,0,0,0,0,0,0,0,0,7
부르키나파소,202503,6,0,0,0,0,0,0,0,0,6
부르키나파소,202504,11,0,0,0,0,0,0,0,0,11
부르키나파소,202505,2,0,0,0,0,0,0,0,0,2
부르키나파소,202506,6,0,0,0,0,0,0,0,0,6
부르키나파소,202507,18,0,0,0,0,0,0,0,0,18
부르키나파소,202508,25,1,0,0,0,0,0,0,0,26
부르키나파소,202509,13,0,0,0,1,0,0,0,0,14
부르키나파소,202510,15,0,0,0,0,0,0,0,0,15
부르키나파소,202511,5,0,0,1,0,0,0,0,0,6
부르키나파소,202512,5,1,0,0,1,0,0,0,0,7
부르키나파소,소계,117,2,0,1,2,0,0,0,0,122
차드,202501,0,0,0,0,0,0,0,0,0,0
차드,202502,2,0,0,0,0,0,0,0,0,2
차드,202503,2,0,0,0,0,0,0,0,0,2
차드,202504,9,0,0,0,0,0,0,0,0,9
차드,202505,2,0,0,0,0,0,0,0,0,2
차드,202506,2,0,0,0,0,0,0,0,0,2
차드,202507,3,0,0,0,0,0,0,0,0,3
차드,202508,1,0,0,0,0,0,0,0,0,1
차드,202509,6,0,0,0,0,0,0,0,0,6
차드,202510,2,0,0,0,0,0,0,0,0,2
차드,202511,2,0,0,0,0,0,0,0,0,2
차드,202512,2,0,0,0,0,0,0,0,0,2
차드,소계,33,0,0,0,0,0,0,0,0,33
말라위,202501,22,0,0,0,0,0,0,0,0,22
말라위,202502,13,3,0,1,0,0,0,0,0,17
말라위,202503,3,0,0,5,0,0,0,0,0,11
말라위,202504,10,0,0,0,0,0,0,0,0,15
말라위,202505,12,0,0,0,0,0,0,0,0,17
말라위,202506,8,0,0,0,0,0,0,0,0,8
말라위,202507,12,1,1,2,0,0,0,0,0,16
말라위,202508,32,0,0,0,0,0,0,0,0,33
말라위,202509,12,0,0,0,0,0,0,0,0,15
말라위,202510,9,0,1,0,0,0,0,0,0,15
말라위,202511,5,0,0,0,0,0,0,0,0,7
말라위,202512,7,1,0,0,0,0,0,0,0,8
말라위,소계,145,5,2,8,0,0,0,0,0,184
보츠와나,202501,10,0,0,0,0,0,0,0,0,11
보츠와나,202502,9,0,0,0,0,0,0,0,0,9
보츠와나,202503,8,0,0,0,0,0,0,0,0,10
보츠와나,202504,12,0,0,0,0,0,0,0,0,16
보츠와나,202505,14,0,1,1,0,0,0,0,0,20
보츠와나,202506,9,0,0,0,0,0,0,0,0,20
보츠와나,202507,12,0,0,0,0,0,0,0,0,24
보츠와나,202508,30,0,0,0,3,0,0,0,0,44
보츠와나,202509,50,0,2,1,0,0,0,0,0,65
보츠와나,202510,16,0,0,0,0,0,0,0,0,26
보츠와나,202511,17,0,2,0,0,0,0,0,0,19
보츠와나,202512,8,0,0,0,0,0,0,0,0,8
보츠와나,소계,195,0,5,2,3,0,0,0,0,272
감비아,202501,11,0,0,0,0,0,0,0,0,11
감비아,202502,6,0,0,0,0,0,0,0,0,6
감비아,202503,2,0,1,0,0,0,0,0,0,12
감비아,202504,9,0,1,0,0,0,0,0,0,39
감비아,202505,5,0,0,0,0,0,0,0,0,51
감비아,202506,8,0,1,0,0,0,0,0,0,39
감비아,202507,13,0,3,0,0,0,0,0,0,36
감비아,202508,8,0,2,0,0,0,0,0,0,50
감비아,202509,10,0,0,0,0,0,0,0,0,66
감비아,202510,12,0,1,0,0,0,0,0,0,41
감비아,202511,4,0,0,0,0,0,0,0,0,10
감비아,202512,7,0,0,0,0,0,0,0,0,7
감비아,소계,95,0,9,0,0,0,0,0,0,368
레소토,202501,1,0,0,0,0,0,0,0,0,1
레소토,202502,2,0,0,0,0,0,0,0,0,7
레소토,202503,0,0,0,0,0,0,0,0,0,0
레소토,202504,0,0,0,0,0,0,0,0,0,0
레소토,202505,1,0,0,0,0,0,0,0,0,1
레소토,202506,1,0,0,0,0,0,0,0,0,1
레소토,202507,12,0,0,0,0,0,0,0,0,12
레소토,202508,2,0,1,0,0,0,0,0,0,3
레소토,202509,13,0,2,0,0,0,0,0,0,15
레소토,202510,12,0,0,0,0,0,0,0,0,12
레소토,202511,2,0,0,0,0,0,0,0,0,3
레소토,202512,1,0,0,0,0,0,0,0,0,1
레소토,소계,47,0,3,0,0,0,0,0,0,56
모리타니,202501,1,0,0,1,0,0,0,0,0,2
모리타니,202502,0,0,0,0,0,0,0,0,0,0
모리타니,202503,0,0,0,0,0,0,0,0,0,3
모리타니,202504,0,0,0,0,0,0,0,0,0,8
모리타니,202505,1,0,0,0,0,0,0,0,0,1
모리타니,202506,0,0,0,0,0,0,0,0,0,5
모리타니,202507,1,0,0,0,0,0,0,0,0,6
모리타니,202508,5,0,0,0,0,0,0,0,0,13
모리타니,202509,4,0,0,0,0,0,0,0,0,14
모리타니,202510,2,0,0,0,0,0,0,0,0,19
모리타니,202511,5,0,1,0,0,0,0,0,0,12
모리타니,202512,2,0,0,0,0,0,0,0,0,2
모리타니,소계,21,0,1,1,0,0,0,0,0,85
부룬디,202501,17,0,0,0,0,0,0,0,0,17
부룬디,202502,86,0,0,0,0,0,0,0,0,86
부룬디,202503,50,0,0,1,0,0,0,0,0,51
부룬디,202504,26,0,0,0,0,0,0,0,0,26
부룬디,202505,9,0,0,1,0,0,0,0,0,10
부룬디,202506,13,0,0,0,0,0,0,0,0,13
부룬디,202507,23,0,0,0,0,0,0,0,0,23
부룬디,202508,43,0,0,0,0,0,0,0,0,43
부룬디,202509,66,0,2,1,0,0,0,0,0,69
부룬디,202510,36,0,1,0,0,0,0,0,0,37
부룬디,202511,6,0,0,1,0,0,0,0,0,7
부룬디,202512,8,0,0,2,0,0,0,0,0,10
부룬디,소계,383,0,3,6,0,0,0,0,0,392
기니비사우,202501,0,0,0,0,0,0,0,0,0,0
기니비사우,202502,1,1,0,0,0,0,0,0,0,2
기니비사우,202504,0,0,0,0,0,0,0,0,0,0
기니비사우,202505,0,0,0,0,0,0,0,0,0,0
기니비사우,202506,3,0,0,0,0,0,0,0,0,3
기니비사우,202508,2,0,0,0,0,0,0,0,0,2
기니비사우,202509,1,0,0,0,0,0,0,0,0,1
기니비사우,202510,0,0,0,0,0,0,0,0,0,0
기니비사우,202511,3,0,2,0,0,0,0,0,0,5
기니비사우,소계,10,1,2,0,0,0,0,0,0,13
중앙아프리카공화국,202502,2,0,1,0,0,0,0,0,0,3
중앙아프리카공화국,202503,2,0,0,0,0,0,0,0,0,2
중앙아프리카공화국,202504,8,0,0,0,0,0,0,0,0,8
중앙아프리카공화국,202505,1,0,0,0,0,0,0,0,0,1
중앙아프리카공화국,202506,0,0,0,0,0,0,0,0,0,0
중앙아프리카공화국,202507,7,0,0,0,0,0,0,0,0,7
중앙아프리카공화국,202508,15,0,1,0,0,0,0,0,0,16
중앙아프리카공화국,202509,2,0,0,0,0,0,0,0,0,2
중앙아프리카공화국,202510,2,0,0,0,0,0,0,0,0,2
중앙아프리카공화국,202511,7,0,0,0,0,0,0,0,0,7
중앙아프리카공화국,소계,46,0,2,0,0,0,0,0,0,48
에리트레아,202501,1,0,0,0,0,0,0,0,0,1
에리트레아,202502,2,0,0,0,0,0,0,0,0,2
에리트레아,202503,2,0,0,0,0,0,0,0,0,2
에리트레아,202504,2,0,0,0,0,0,0,0,0,2
에리트레아,202505,3,0,1,0,0,0,0,0,0,4
에리트레아,202506,2,0,0,0,0,0,0,0,0,2
에리트레아,202507,2,0,1,0,0,0,0,0,0,3
에리트레아,202508,1,0,0,0,0,0,0,0,0,1
에리트레아,202509,4,0,2,0,0,0,0,0,0,6
에리트레아,202510,3,0,0,0,0,0,0,0,0,3
에리트레아,202511,3,0,0,0,0,0,0,0,0,3
에리트레아,202512,0,0,0,0,0,0,0,0,0,0
에리트레아,소계,25,0,4,0,0,0,0,0,0,29
상투메프린시페,202504,7,0,0,0,0,0,0,0,0,7
상투메프린시페,202506,0,0,0,0,0,0,0,0,0,0
상투메프린시페,202509,3,0,0,0,0,0,0,0,0,3
상투메프린시페,소계,10,0,0,0,0,0,0,0,0,10
소말리아,202501,1,0,0,0,0,0,0,0,0,1
소말리아,202502,2,0,0,0,0,0,0,0,0,2
소말리아,202503,1,0,1,0,0,0,0,0,0,2
소말리아,202504,0,0,0,0,0,0,0,0,0,0
소말리아,202505,2,0,0,0,0,0,0,0,0,2
소말리아,202506,3,0,0,0,0,0,0,0,0,3
소말리아,202507,2,0,0,0,0,0,0,0,0,2
소말리아,202508,4,0,0,0,0,0,0,0,0,4
소말리아,202509,8,0,0,0,0,0,0,0,0,8
소말리아,202510,4,0,0,0,0,0,0,0,0,4
소말리아,202511,6,0,0,0,0,0,0,0,0,6
소말리아,소계,33,0,1,0,0,0,0,0,0,34
코모로,202502,2,0,0,0,0,0,0,0,0,2
코모로,202503,2,0,1,0,0,0,0,0,0,3
코모로,202504,0,0,0,0,0,0,0,0,0,0
코모로,202505,3,0,0,0,0,0,0,0,0,3
코모로,202506,4,0,0,0,0,0,0,0,0,4
코모로,202507,5,0,0,0,0,0,0,0,0,5
코모로,202508,0,0,0,0,0,0,0,0,0,0
코모로,202509,1,0,0,0,0,0,0,0,0,1
코모로,202510,3,0,0,0,0,0,0,0,0,3
코모로,202511,0,0,0,0,0,0,0,0,0,0
코모로,202512,2,0,0,0,0,0,0,0,0,2
코모로,소계,22,0,1,0,0,0,0,0,0,23
니제르,202502,4,0,0,0,0,0,0,0,0,4
니제르,202503,1,0,0,0,0,0,0,0,0,1
니제르,202504,3,0,0,0,0,0,0,0,0,3
니제르,202505,1,0,0,0,0,0,0,0,0,1
니제르,202506,6,0,0,0,0,0,0,0,0,6
니제르,202507,3,0,0,0,0,0,0,0,0,3
니제르,202508,4,0,0,0,0,0,0,0,0,4
니제르,202509,2,0,0,0,0,0,0,0,0,2
니제르,202511,6,0,0,0,0,0,0,0,0,6
니제르,202512,2,1,0,0,0,0,0,0,0,3
니제르,소계,32,1,0,0,0,0,0,0,0,33
적도기니,202501,3,0,0,0,0,0,0,0,0,3
적도기니,202502,4,0,0,0,0,0,0,0,0,4
적도기니,202503,1,0,0,0,0,0,0,0,0,1
적도기니,202504,2,0,0,0,0,0,0,0,0,30
적도기니,202505,2,0,0,0,0,0,0,0,0,2
적도기니,202506,2,0,1,0,0,0,0,0,0,3
적도기니,202507,2,0,1,0,0,0,0,0,0,4
적도기니,202508,10,0,0,0,0,0,0,0,0,10
적도기니,202509,7,0,0,0,0,0,0,0,0,7
적도기니,202510,2,0,0,0,0,0,0,0,0,2
적도기니,202511,3,0,0,0,0,0,0,0,0,3
적도기니,202512,0,0,1,0,0,0,0,0,0,1
적도기니,소계,38,0,3,0,0,0,0,0,0,70
지부티,202501,0,0,0,0,0,0,0,0,0,0
지부티,202502,0,0,0,0,0,0,0,0,0,0
지부티,202504,3,0,0,0,0,0,0,0,0,4
지부티,202505,0,0,0,0,0,0,0,0,0,0
지부티,202506,2,0,0,0,0,0,0,0,0,2
지부티,202508,1,0,0,0,0,0,0,0,0,1
지부티,202509,1,0,0,0,0,0,0,0,0,1
지부티,202510,2,0,0,0,0,0,0,0,0,2
지부티,202511,3,0,0,0,0,0,0,0,0,3
지부티,202512,1,0,0,0,0,0,0,0,0,1
지부티,소계,13,0,0,0,0,0,0,0,0,14
남수단공화국,202501,1,0,2,0,0,0,0,0,0,3
남수단공화국,202502,2,0,0,0,0,0,0,0,0,2
남수단공화국,202503,4,0,0,0,0,0,0,0,0,4
남수단공화국,202504,0,1,0,0,0,0,0,0,0,1
남수단공화국,202505,0,0,0,0,0,0,0,0,0,0
남수단공화국,202506,6,0,0,0,0,0,0,0,0,6
남수단공화국,202507,8,0,0,3,0,0,0,0,0,11
남수단공화국,202508,3,0,0,0,0,0,0,0,0,3
남수단공화국,202509,12,0,0,0,0,0,0,0,0,12
남수단공화국,202510,4,0,0,0,0,0,0,0,0,4
남수단공화국,202511,4,0,0,0,0,0,0,0,0,4
남수단공화국,202512,1,0,0,0,0,0,0,0,0,1
남수단공화국,소계,45,1,2,3,0,0,0,0,0,51
아프리카주,소계,54845,708,2437,441,190,60,0,0,0,76694
교포,202501,1459,304,192,64,21,11,0,0,0,2070
교포,202502,1340,295,174,30,15,11,0,0,0,1893
교포,202503,1687,350,314,81,28,22,0,0,0,2506
교포,202504,1760,433,278,96,44,15,0,0,0,2651
교포,202505,1622,411,274,98,33,14,0,0,0,2487
교포,202506,1422,343,230,72,31,14,0,0,0,2132
교포,202507,1225,342,230,63,33,21,0,0,0,1929
교포,202508,1166,300,242,79,32,20,0,0,0,1854
교포,202509,1356,316,248,94,33,31,0,0,0,2096
교포,202510,1572,326,308,84,24,27,0,0,0,2357
교포,202511,1297,356,308,84,25,15,0,0,0,2106
교포,202512,1159,269,226,51,21,23,0,0,0,1757
교포,소계,17065,4045,3024,896,340,224,0,0,0,25838
미상,202501,11,0,0,0,0,0,0,0,0,17
미상,202502,7,0,1,0,0,0,0,0,0,16
미상,202503,11,0,3,0,0,0,0,0,0,26
미상,202504,14,0,1,0,0,0,0,0,0,21
미상,202505,12,0,0,1,0,0,0,0,0,17
미상,202506,10,0,0,0,0,0,0,0,0,23
미상,202507,7,0,0,0,0,0,0,0,0,19
미상,202508,7,0,0,0,0,0,0,0,0,21
미상,202509,23,0,0,0,0,0,0,0,0,32
미상,202510,14,0,1,0,0,0,0,0,0,21
미상,202511,17,0,1,0,0,0,0,0,0,27
미상,202512,15,0,1,0,0,0,0,0,0,25
미상,소계,148,0,8,1,0,0,0,0,0,265
기타,소계,17213,4045,3032,897,340,224,0,0,0,26103
전체,전체,12391887,1222327,1567990,1373877,118002,105900,1,1120,0,18936562
일본,202601,147095,49101,23084,1798,799,1442,0,0,0,225351
일본,202602,154043,48587,23098,1408,1010,1839,0,0,0,232835
일본,202603,320927,78656,59109,4308,3135,7160,0,0,0,481789
일본,202604,187948,61216,37168,3116,1258,2299,0,0,0,304053
일본,202605,215231,63904,42329,4176,1995,3061,0,0,0,357530
일본,202606,215131,68489,47144,3325,1794,2238,0,0,0,348216
일본,202607,203401,71012,37820,3917,1259,2509,0,0,0,330385
일본,소계,1443776,440965,269752,22048,11250,20548,0,0,0,2280159
중국,202601,259727,21046,9474,73169,776,655,0,0,0,418703
중국,202602,303137,21654,17958,75287,1879,1782,0,0,0,504563
중국,202603,286007,23056,13210,78242,2613,1290,0,0,0,501060
중국,202604,317240,25280,16572,99247,2117,959,0,0,0,574283
중국,202605,283050,22737,18412,102941,3024,2577,0,0,0,563600
중국,202606,341834,26921,22704,112274,3156,4340,0,0,0,649582
중국,202607,420228,31426,31705,130624,2873,7348,0,0,0,776639
중국,소계,2211223,172120,130035,671784,16438,18951,0,0,0,3988430
대만,202601,78932,12046,44852,23820,2074,4812,0,0,0,166779
대만,202602,82277,13299,52909,24158,3796,6683,0,0,0,183753
대만,202603,76238,12889,62197,26152,3141,4445,0,0,0,192138
대만,202604,78191,12855,67222,25096,3428,4042,0,0,0,192854
대만,202605,73857,13227,68371,26045,3081,3308,0,0,0,191795
대만,202606,85726,14681,81361,27514,3926,4410,0,0,0,223127
대만,202607,94449,14696,96119,26626,3720,5139,0,0,0,260532
대만,소계,569670,93693,473031,179411,23166,32839,0,0,0,1410978
필리핀,202601,24458,58,2365,1164,37,31,0,0,0,40126
필리핀,202602,23304,48,2388,804,37,30,0,0,0,43147
필리핀,202603,34600,84,3517,1160,28,313,0,0,0,70120
필리핀,202604,43997,105,4236,1638,1,335,0,0,0,76963
필리핀,202605,34098,87,3464,825,9,3,0,0,0,69914
필리핀,202606,25911,65,4462,616,8,1,0,0,0,58217
필리핀,202607,15803,59,2517,1186,8,12,0,0,0,47344
필리핀,소계,202171,506,22949,7393,128,725,0,0,0,405831
홍콩,202601,31571,361,2626,2556,419,12,0,0,0,37710
홍콩,202602,37671,309,4199,3307,1209,5,0,0,0,47197
홍콩,202603,44996,368,6399,5972,1175,7,0,0,0,59364
홍콩,202604,54144,539,8732,5741,963,7,0,0,0,70802
홍콩,202605,44139,435,7793,6108,764,10,0,0,0,59888
홍콩,202606,48910,565,8101,6738,630,14,0,0,0,65690
홍콩,202607,57062,722,9865,6891,907,17,0,0,0,76237
홍콩,소계,318493,3299,47715,37313,6067,72,0,0,0,416888
태국,202601,16298,84,2521,1191,213,10,0,0,0,20438
태국,202602,21010,83,2535,1201,274,13,0,0,0,25419
태국,202603,33811,177,4922,135,289,10,0,0,0,39906
태국,202604,43573,257,6383,145,36,18,0,0,0,51362
태국,202605,25123,169,3617,87,33,12,0,0,0,29520
태국,202606,18378,176,2871,144,41,21,0,0,0,22035
태국,202607,18617,198,1951,74,156,28,0,0,0,21318
태국,소계,176810,1144,24800,2977,1042,112,0,0,0,209998
말레이시아,202601,24355,174,954,1750,15,5,0,0,0,27437
말레이시아,202602,19964,74,1219,1216,13,4,0,0,0,22833
말레이시아,202603,27793,185,2269,2479,36,10,0,0,0,33636
말레이시아,202604,30251,213,2763,1816,21,19,0,0,0,35850
말레이시아,202605,27185,166,2894,1833,29,16,0,0,0,33423
말레이시아,202606,16686,172,1924,930,13,21,0,0,0,20667
말레이시아,202607,10576,156,1014,563,10,15,0,0,0,13227
말레이시아,소계,156810,1140,13037,10587,137,90,0,0,0,187073
싱가포르,202601,13228,281,834,2399,4,0,0,0,0,16815
싱가포르,202602,12673,163,1004,3117,5,3,0,0,0,17088
싱가포르,202603,30372,332,3061,7764,26,3,0,0,0,41999
싱가포르,202604,33949,390,3504,6371,16,4,0,0,0,44794
싱가포르,202605,33125,378,3684,6972,29,4,0,0,0,44788
싱가포르,202606,32237,403,3886,5944,18,9,0,0,0,43215
싱가포르,202607,12439,262,1406,1232,13,4,0,0,0,15522
싱가포르,소계,168023,2209,17379,33799,111,27,0,0,0,224221
인도네시아,202601,18082,149,1236,876,1,8,0,0,0,26415
인도네시아,202602,14247,77,1110,606,16,23,0,0,0,26505
인도네시아,202603,26084,171,1722,743,16,9,0,0,0,44876
인도네시아,202604,23605,140,1989,680,10,16,0,0,0,42400
인도네시아,202605,21717,156,1748,555,7,32,0,0,0,44333
인도네시아,202606,21399,119,2140,521,12,20,0,0,0,39995
인도네시아,202607,14457,138,1608,861,7,11,0,0,0,34967
인도네시아,소계,139591,950,11553,4842,69,119,0,0,0,259491
인도,202601,4805,75,509,93,12,3,0,0,0,10643
인도,202602,5769,65,580,152,17,0,0,0,0,13121
인도,202603,9808,215,728,220,13,5,0,0,0,21260
인도,202604,11495,520,998,299,5,2,0,0,0,22389
인도,202605,12719,255,789,227,8,4,0,0,0,27453
인도,202606,10862,258,818,272,19,3,0,0,0,22373
인도,202607,7981,112,992,362,10,1,0,0,0,20876
인도,소계,63439,1500,5414,1625,84,18,0,0,0,138115
베트남,202601,16800,58,5041,500,53,24,0,0,0,22960
베트남,202602,35863,44,12591,376,463,176,0,0,0,50146
베트남,202603,51554,65,21245,567,460,170,0,0,0,74859
베트남,202604,45052,61,15583,524,242,174,0,0,0,62279
베트남,202605,30588,63,10973,486,60,48,0,0,0,42990
베트남,202606,32404,48,12621,533,51,32,0,0,0,46422
베트남,202607,34613,85,11848,398,78,47,0,0,0,47861
베트남,소계,246874,424,89902,3384,1407,671,0,0,0,347517
미얀마,202601,1959,19,641,36,8,1,0,0,0,7252
미얀마,202602,2922,12,521,59,24,1,0,0,0,8401
미얀마,202603,3076,12,699,70,10,3,0,0,0,10734
미얀마,202604,2336,18,488,65,4,10,0,0,0,11100
미얀마,202605,2681,14,628,36,3,7,0,0,0,14420
미얀마,202606,2401,8,581,36,6,4,0,0,0,12186
미얀마,202607,2114,7,548,245,6,1,0,0,0,14111
미얀마,소계,17489,90,4106,547,61,27,0,0,0,78204
몽골,202601,16387,81,100,223,10,31,0,0,0,16858
몽골,202602,12334,39,71,168,9,17,0,0,0,12663
몽골,202603,15080,37,223,167,24,29,0,0,0,15600
몽골,202604,12448,25,305,148,50,197,0,0,0,13266
몽골,202605,9886,22,1483,164,65,228,0,0,0,11941
몽골,202606,14776,41,1346,305,97,379,0,0,0,17079
몽골,202607,13086,18,621,320,130,425,0,0,0,14659
몽골,소계,93997,263,4149,1495,385,1306,0,0,0,102066
스리랑카,202601,1453,0,92,14,27,0,0,0,0,1863
스리랑카,202602,2010,0,143,0,33,3,0,0,0,2636
스리랑카,202603,2113,3,258,15,58,2,0,0,0,2775
스리랑카,202604,1684,4,125,20,93,0,0,0,0,2249
스리랑카,202605,1731,3,98,4,79,0,0,0,0,2305
스리랑카,202606,1757,5,103,9,152,0,0,0,0,2397
스리랑카,202607,1686,3,77,1,176,2,0,0,0,2350
스리랑카,소계,12434,18,896,63,618,7,0,0,0,16575
파키스탄,202601,1151,16,22,1,3,0,0,0,0,1274
파키스탄,202602,1413,29,43,5,14,1,0,0,0,1552
파키스탄,202603,1226,22,35,0,5,0,0,0,0,1351
파키스탄,202604,1258,25,42,3,6,0,0,0,0,1402
파키스탄,202605,921,13,25,5,3,0,0,0,0,1018
파키스탄,202606,1118,15,34,6,5,0,0,0,0,1217
파키스탄,202607,1247,9,56,1,6,1,0,0,0,1371
파키스탄,소계,8334,129,257,21,42,2,0,0,0,9185
방글라데시,202601,1315,517,183,2,0,1,0,0,0,2210
방글라데시,202602,2076,269,204,2,5,2,0,0,0,2802
방글라데시,202603,2818,180,408,14,3,3,0,0,0,3577
방글라데시,202604,1702,142,154,9,4,1,0,0,0,2207
방글라데시,202605,1383,93,129,4,0,0,0,0,0,1806
방글라데시,202606,2109,321,252,6,5,0,0,0,0,2891
방글라데시,202607,1704,154,165,0,4,0,0,0,0,2253
방글라데시,소계,13107,1676,1495,37,21,7,0,0,0,17746
마카오,202601,1960,24,94,270,4,0,0,0,0,2359
마카오,202602,3239,19,335,346,41,2,0,0,0,4003
마카오,202603,2964,22,271,469,35,0,0,0,0,3782
마카오,202604,3407,17,365,447,6,0,0,0,0,4260
마카오,202605,2503,36,368,481,18,1,0,0,0,3434
마카오,202606,3290,39,589,443,14,3,0,0,0,4421
마카오,202607,4714,42,1163,639,54,4,0,0,0,6677
마카오,소계,22077,199,3185,3095,172,10,0,0,0,28936
네팔,202601,3269,9,18,2,2,4,0,0,0,3604
네팔,202602,4244,1,28,1,3,4,0,0,0,4869
네팔,202603,6692,9,57,92,3,0,0,0,0,7676
네팔,202604,2533,9,15,3,0,1,0,0,0,3240
네팔,202605,3191,4,23,1,2,4,0,0,0,4836
네팔,202606,2740,6,40,11,7,0,0,0,0,4147
네팔,202607,2444,8,54,101,0,1,0,0,0,4387
네팔,소계,25113,46,235,211,17,14,0,0,0,32759
캄보디아,202601,3638,9,50,35,3,0,0,0,0,3740
캄보디아,202602,4342,3,48,28,4,0,0,0,0,4455
캄보디아,202603,5454,2,116,53,1,0,0,0,0,5687
캄보디아,202604,7742,6,346,32,2,0,0,0,0,8227
캄보디아,202605,5469,2,83,36,0,0,0,0,0,5728
캄보디아,202606,2812,29,51,28,0,0,0,0,0,3055
캄보디아,202607,3058,3,123,36,0,0,0,0,0,3328
캄보디아,소계,32515,54,817,248,10,0,0,0,0,34220
브루나이,202601,648,1,4,0,1,0,0,0,0,662
브루나이,202602,536,2,7,3,0,0,0,0,0,548
브루나이,202603,747,4,18,4,0,0,0,0,0,777
브루나이,202604,514,1,8,4,0,0,0,0,0,530
브루나이,202605,480,7,5,7,0,0,0,0,0,507
브루나이,202606,558,5,7,3,0,0,0,0,0,573
브루나이,202607,306,0,7,7,1,0,0,0,0,321
브루나이,소계,3789,20,56,28,2,0,0,0,0,3918
북한,202605,0,0,0,0,0,0,0,0,0,1
북한,소계,0,0,0,0,0,0,0,0,0,1
라오스,202601,1636,1,268,15,2,0,0,0,0,1922
라오스,202602,1498,0,974,3,2,0,0,0,0,2477
라오스,202603,4106,4,1769,0,0,0,0,0,0,5879
라오스,202604,5017,6,1330,11,0,0,0,0,0,6365
라오스,202605,3826,0,1359,4,1,0,0,0,0,5190
라오스,202606,1637,0,264,9,2,0,0,0,0,1929
라오스,202607,1255,2,104,6,0,0,0,0,0,1367
라오스,소계,18975,13,6068,48,7,0,0,0,0,25129
아프가니스탄,202601,17,0,0,0,1,0,0,0,0,18
아프가니스탄,202602,25,0,0,0,0,0,0,0,0,25
아프가니스탄,202603,10,0,0,0,0,0,0,0,0,11
아프가니스탄,202604,25,0,0,0,0,0,0,0,0,25
아프가니스탄,202605,22,0,1,0,0,0,0,0,0,24
아프가니스탄,202606,27,0,0,0,0,0,0,0,0,27
아프가니스탄,202607,43,0,0,0,0,0,0,0,0,43
아프가니스탄,소계,169,0,1,0,1,0,0,0,0,173
몰디브,202601,10,0,0,2,0,0,0,0,0,12
몰디브,202602,8,0,0,0,0,0,0,0,0,8
몰디브,202603,11,0,0,0,0,0,0,0,0,11
몰디브,202604,49,0,0,1,0,0,0,0,0,50
몰디브,202605,22,0,5,0,0,0,0,0,0,29
몰디브,202606,22,0,0,3,0,0,0,0,0,25
몰디브,202607,9,2,6,0,0,0,0,0,0,17
몰디브,소계,131,2,11,6,0,0,0,0,0,152
티모르,202601,226,0,13,4,0,0,0,0,0,243
티모르,202602,185,0,11,0,0,0,0,0,0,196
티모르,202603,168,0,12,1,0,0,0,0,0,181
티모르,202604,148,0,4,4,0,0,0,0,0,156
티모르,202605,145,0,12,0,0,4,0,0,0,161
티모르,202606,145,0,7,2,0,3,0,0,0,157
티모르,202607,267,0,14,1,0,1,0,0,0,283
티모르,소계,1284,0,73,12,0,8,0,0,0,1377
부탄,202601,9,0,1,0,0,0,0,0,0,12
부탄,202602,15,1,1,0,0,0,0,0,0,27
부탄,202603,43,0,2,2,0,0,0,0,0,56
부탄,202604,48,0,8,2,0,0,0,0,0,64
부탄,202605,29,2,24,0,0,0,0,0,0,66
부탄,202606,62,0,4,1,0,0,0,0,0,71
부탄,202607,42,0,2,1,0,0,0,0,0,49
부탄,소계,248,3,42,6,0,0,0,0,0,345
국제연합,202601,29,1,4,0,0,0,0,0,0,34
국제연합,202602,28,0,6,1,0,0,0,0,0,35
국제연합,202603,68,4,4,0,0,0,0,0,0,76
국제연합,202604,120,5,4,1,0,0,0,0,0,130
국제연합,202605,130,10,9,0,0,0,0,0,0,149
국제연합,202606,94,4,2,4,0,0,0,0,0,104
국제연합,202607,68,2,20,0,0,0,0,0,0,90
국제연합,소계,537,26,49,6,0,0,0,0,0,618
아시아주,소계,5947079,720489,1127007,980986,61235,75553,0,0,0,10220105
우즈베키스탄,202601,5549,48,353,0,3,14,0,0,0,5971
우즈베키스탄,202602,6729,41,429,1,3,6,0,0,0,7215
우즈베키스탄,202603,7130,177,476,2,0,4,0,0,0,7799
우즈베키스탄,202604,5026,9,40,0,2,17,0,0,0,5108
우즈베키스탄,202605,4254,24,66,2,0,11,0,0,0,4372
우즈베키스탄,202606,4787,16,55,1,13,12,0,0,0,4902
우즈베키스탄,202607,5873,13,67,1,10,3,0,0,0,6003
우즈베키스탄,소계,39348,328,1486,7,31,67,0,0,0,41370
터키,202601,2201,161,63,12,1,0,0,0,0,2686
터키,202602,2589,86,68,5,0,2,0,0,0,2915
터키,202603,5756,275,144,5,3,11,0,0,0,6408
터키,202604,6967,770,155,17,6,4,0,0,0,8214
터키,202605,10658,781,177,15,10,4,0,0,0,11930
터키,202606,6010,326,121,11,15,7,0,0,0,6769
터키,202607,7848,447,219,16,2,15,0,0,0,8795
터키,소계,42029,2846,947,81,37,43,0,0,0,47717
이스라엘,202601,598,27,28,2,1,0,0,0,0,662
이스라엘,202602,714,38,26,4,3,1,0,0,0,806
이스라엘,202603,1064,45,81,14,5,3,0,0,0,1260
이스라엘,202604,1861,83,122,31,6,1,0,0,0,2214
이스라엘,202605,2767,82,170,51,4,1,0,0,0,3214
이스라엘,202606,1921,106,116,28,3,3,0,0,0,2250
이스라엘,202607,2245,83,83,23,1,1,0,0,0,2516
이스라엘,소계,11170,464,626,153,23,10,0,0,0,12922
이란,202601,161,10,7,0,0,0,0,0,0,178
이란,202602,142,6,6,0,1,0,0,0,0,157
이란,202603,81,5,4,0,1,0,0,0,0,95
이란,202604,98,12,3,1,0,2,0,0,0,118
이란,202605,171,7,6,0,2,0,0,0,0,190
이란,202606,203,4,7,1,2,2,0,0,0,219
이란,202607,325,7,12,2,0,4,0,0,0,351
이란,소계,1181,51,45,4,6,8,0,0,0,1308
카자흐스탄,202601,3812,59,65,13,1,2,0,0,0,3978
카자흐스탄,202602,4617,75,109,2,0,1,0,0,0,4841
카자흐스탄,202603,6188,266,119,29,2,3,0,0,0,6686
카자흐스탄,202604,6914,133,89,15,1,4,0,0,0,7288
카자흐스탄,202605,6076,79,236,13,3,8,0,0,0,6552
카자흐스탄,202606,6478,170,340,15,3,8,0,0,0,7188
카자흐스탄,202607,5901,76,269,9,9,3,0,0,0,6359
카자흐스탄,소계,39986,858,1227,96,19,29,0,0,0,42892
요르단,202601,129,0,5,1,0,0,0,0,0,139
요르단,202602,130,0,11,0,1,0,0,0,0,149
요르단,202603,106,0,2,1,0,0,0,0,0,112
요르단,202604,169,6,6,0,0,0,0,0,0,186
요르단,202605,172,1,6,2,0,0,0,0,0,184
요르단,202606,249,0,4,1,0,0,0,0,0,259
요르단,202607,182,0,14,0,1,0,0,0,0,201
요르단,소계,1137,7,48,5,2,0,0,0,0,1230
사우디아라비아,202601,1317,36,18,13,0,0,0,0,0,1386
사우디아라비아,202602,375,11,20,1,0,0,0,0,0,413
사우디아라비아,202603,474,23,8,14,0,0,0,0,0,519
사우디아라비아,202604,690,29,32,15,1,0,0,0,0,771
사우디아라비아,202605,1611,39,30,16,0,1,0,0,0,1715
사우디아라비아,202606,1378,39,13,9,0,0,0,0,0,1445
사우디아라비아,202607,2350,64,19,16,0,0,0,0,0,2461
사우디아라비아,소계,8195,241,140,84,1,1,0,0,0,8710
이라크,202601,184,1,1,0,0,0,0,0,0,186
이라크,202602,147,0,0,0,0,0,0,0,0,147
이라크,202603,32,0,1,0,0,0,0,0,0,33
이라크,202604,83,2,1,0,0,0,0,0,0,86
이라크,202605,159,1,2,0,0,0,0,0,0,162
이라크,202606,232,0,0,0,0,0,0,0,0,233
이라크,202607,193,1,2,0,0,0,0,0,0,196
이라크,소계,1030,5,7,0,0,0,0,0,0,1043
키르기스스탄,202601,771,7,27,0,0,0,0,0,0,811
키르기스스탄,202602,1092,34,34,0,2,3,0,0,0,1192
키르기스스탄,202603,1124,50,17,0,0,3,0,0,0,1244
키르기스스탄,202604,1066,26,8,0,0,1,0,0,0,1215
키르기스스탄,202605,1084,39,27,1,0,2,0,0,0,1233
키르기스스탄,202606,1075,5,24,2,0,3,0,0,0,1171
키르기스스탄,202607,1007,2,26,0,5,0,0,0,0,1067
키르기스스탄,소계,7219,163,163,3,7,12,0,0,0,7933
시리아,202601,140,1,2,0,0,0,0,0,0,144
시리아,202602,162,1,4,0,0,0,0,0,0,169
시리아,202603,48,0,2,0,0,0,0,0,0,66
시리아,202604,217,0,27,0,0,0,0,0,0,249
시리아,202605,147,1,5,0,0,0,0,0,0,264
시리아,202606,211,1,36,0,0,0,0,0,0,252
시리아,202607,239,0,4,2,3,0,0,0,0,248
시리아,소계,1164,4,80,2,3,0,0,0,0,1392
레바논,202601,33,0,2,0,0,0,0,0,0,41
레바논,202602,62,1,2,0,1,0,0,0,0,70
레바논,202603,60,3,2,0,0,0,0,0,0,68
레바논,202604,51,3,4,0,0,0,0,0,0,59
레바논,202605,94,4,3,1,0,0,0,0,0,110
레바논,202606,74,3,2,0,0,0,0,0,0,85
레바논,202607,102,0,9,0,0,0,0,0,0,111
레바논,소계,476,14,24,1,1,0,0,0,0,544
아랍에미리트연합,202601,454,10,4,0,0,0,0,0,0,472
아랍에미리트연합,202602,228,19,2,0,0,0,0,0,0,252
아랍에미리트연합,202603,313,5,4,0,8,1,0,0,0,333
아랍에미리트연합,202604,351,9,2,0,0,2,0,0,0,368
아랍에미리트연합,202605,894,23,10,4,0,0,0,0,0,933
아랍에미리트연합,202606,551,23,2,7,51,0,0,0,0,646
아랍에미리트연합,202607,733,29,20,0,0,0,0,0,0,798
아랍에미리트연합,소계,3524,118,44,11,59,3,0,0,0,3802
쿠웨이트,202601,431,14,0,0,0,0,0,0,0,445
쿠웨이트,202602,51,0,3,0,1,0,0,0,0,55
쿠웨이트,202603,19,1,1,0,0,0,0,0,0,21
쿠웨이트,202604,36,3,1,0,0,0,0,0,0,42
쿠웨이트,202605,85,3,2,3,0,0,0,0,0,93
쿠웨이트,202606,89,4,8,1,0,0,0,0,0,102
쿠웨이트,202607,190,1,5,1,0,0,0,0,0,197
쿠웨이트,소계,901,26,20,5,1,0,0,0,0,955
예멘공화국,202601,56,1,1,1,1,0,0,0,0,60
예멘공화국,202602,58,0,3,0,0,0,0,0,0,67
예멘공화국,202603,69,0,0,0,0,0,0,0,0,73
예멘공화국,202604,75,0,5,1,0,0,0,0,0,81
예멘공화국,202605,63,1,0,1,0,0,0,0,0,68
예멘공화국,202606,64,1,1,0,0,0,0,0,0,68
예멘공화국,202607,72,1,1,3,1,0,0,0,0,78
예멘공화국,소계,457,4,11,6,2,0,0,0,0,495
오만,202601,84,2,0,0,0,0,0,0,0,86
오만,202602,30,5,5,0,0,0,0,0,0,70
오만,202603,69,3,1,0,0,0,0,0,0,88
오만,202604,125,5,9,1,0,0,0,0,0,160
오만,202605,157,2,13,0,0,0,0,0,0,172
오만,202606,184,4,2,4,0,0,0,0,0,205
오만,202607,272,7,3,0,0,0,0,0,0,282
오만,소계,921,28,33,5,0,0,0,0,0,1063
타지키스탄,202601,457,1,4,0,0,0,0,0,0,462
타지키스탄,202602,441,6,3,0,0,0,0,0,0,454
타지키스탄,202603,678,27,7,0,0,0,0,0,0,717
타지키스탄,202604,772,2,0,0,0,0,0,0,0,777
타지키스탄,202605,519,14,3,1,0,0,0,0,0,537
타지키스탄,202606,698,7,4,0,0,0,0,0,0,710
타지키스탄,202607,676,4,1,0,0,0,0,0,0,681
타지키스탄,소계,4241,61,22,1,0,0,0,0,0,4338
바레인,202601,37,4,3,0,0,0,0,0,0,44
바레인,202602,39,0,0,0,0,0,0,0,0,39
바레인,202603,7,0,0,1,0,0,0,0,0,8
바레인,202604,16,2,1,1,0,0,0,0,0,25
바레인,202605,83,0,3,1,0,0,0,0,0,87
바레인,202606,55,4,0,0,0,0,0,0,0,59
바레인,202607,90,0,0,0,0,0,0,0,0,90
바레인,소계,327,10,7,3,0,0,0,0,0,352
투르크메니스탄,202601,128,0,0,10,0,0,0,0,0,138
투르크메니스탄,202602,164,7,1,13,0,0,0,0,0,186
투르크메니스탄,202603,165,0,1,2,0,0,0,0,0,168
투르크메니스탄,202604,160,4,0,2,0,0,0,0,0,167
투르크메니스탄,202605,162,1,2,5,0,0,0,0,0,186
투르크메니스탄,202606,240,4,0,12,0,2,0,0,0,260
투르크메니스탄,202607,183,0,3,3,0,0,0,0,0,192
투르크메니스탄,소계,1202,16,7,47,0,2,0,0,0,1297
팔레스타인,202601,17,0,0,0,0,0,0,0,0,17
팔레스타인,202602,17,0,0,0,0,0,0,0,0,17
팔레스타인,202603,5,0,0,0,0,0,0,0,0,5
팔레스타인,202604,7,0,0,0,0,0,0,0,0,7
팔레스타인,202605,35,0,0,0,0,0,0,0,0,35
팔레스타인,202606,30,0,2,0,0,0,0,0,0,32
팔레스타인,202607,25,0,0,0,0,0,0,0,0,25
팔레스타인,소계,136,0,2,0,0,0,0,0,0,138
키프로스,202601,29,10,3,0,0,0,0,0,0,47
키프로스,202602,42,1,4,0,0,0,0,0,0,57
키프로스,202603,125,9,8,1,0,0,0,0,0,174
키프로스,202604,221,21,7,1,0,0,0,0,0,283
키프로스,202605,147,10,2,0,0,0,0,0,0,183
키프로스,202606,74,11,0,6,0,0,0,0,0,94
키프로스,202607,81,7,6,1,0,0,0,0,0,101
키프로스,소계,719,69,30,9,0,0,0,0,0,939
카타르,202601,139,0,0,0,0,0,0,0,0,139
카타르,202602,52,3,6,0,0,0,0,0,0,61
카타르,202603,13,2,0,0,0,0,0,0,0,15
카타르,202604,71,3,5,0,0,0,0,0,0,80
카타르,202605,104,11,2,0,0,0,0,0,0,117
카타르,202606,140,0,7,0,0,0,0,0,0,147
카타르,202607,184,8,8,0,0,0,0,0,0,200
카타르,소계,703,27,28,0,0,0,0,0,0,759
중동,소계,166066,5340,4997,523,192,175,0,0,0,181199
미국,202601,67565,3725,2684,418,317,142,0,0,0,76212
미국,202602,71863,2744,2582,523,336,128,0,0,0,80540
미국,202603,130783,5394,5253,937,502,227,0,0,0,152416
미국,202604,142097,8725,5682,1361,540,240,0,0,0,173457
미국,202605,130360,6969,5417,1230,458,198,0,0,0,151605
미국,202606,150262,9913,6721,1554,513,337,0,0,0,177744
미국,202607,127650,7153,5375,1378,540,264,0,0,0,150449
미국,소계,820580,44623,33714,7401,3206,1536,0,0,0,962423
캐나다,202601,13233,574,419,171,52,23,0,0,0,14585
캐나다,202602,14293,485,457,198,67,29,0,0,0,16045
캐나다,202603,27475,982,1103,329,132,84,0,0,0,32822
캐나다,202604,28989,1293,1366,489,78,62,0,0,0,35836
캐나다,202605,27579,1154,1277,441,60,54,0,0,0,32607
캐나다,202606,21938,873,885,361,67,47,0,0,0,25108
캐나다,202607,23415,1054,952,506,62,72,0,0,0,27573
캐나다,소계,156922,6415,6459,2495,518,371,0,0,0,184576
브라질,202601,2317,349,82,26,3,6,0,0,0,2889
브라질,202602,1919,220,97,12,0,3,0,0,0,2616
브라질,202603,3194,223,129,38,8,3,0,0,0,4089
브라질,202604,4531,554,232,37,11,4,0,0,0,5816
브라질,202605,3549,399,187,26,1,8,0,0,0,4675
브라질,202606,3266,282,168,31,5,8,0,0,0,4120
브라질,202607,2831,322,139,57,5,8,0,0,0,3731
브라질,소계,21607,2349,1034,227,33,40,0,0,0,27936
멕시코,202601,3597,182,97,9,5,6,0,0,0,3958
멕시코,202602,3394,117,154,7,14,2,0,0,0,3824
멕시코,202603,7980,274,304,45,8,9,0,0,0,9002
멕시코,202604,9544,738,653,68,7,4,0,0,0,11814
멕시코,202605,8062,272,545,29,4,6,0,0,0,9389
멕시코,202606,5519,190,216,34,0,1,0,0,0,6417
멕시코,202607,7828,460,350,23,6,9,0,0,0,9824
멕시코,소계,45924,2233,2319,215,44,37,0,0,0,54228
칠레,202601,479,38,29,4,1,0,0,0,0,560
칠레,202602,671,93,53,8,1,4,0,0,0,903
칠레,202603,665,39,33,6,4,3,0,0,0,850
칠레,202604,763,95,67,15,3,2,0,0,0,1047
칠레,202605,845,96,33,9,2,0,0,0,0,1108
칠레,202606,614,60,43,11,0,5,0,0,0,779
칠레,202607,408,40,34,11,0,0,0,0,0,557
칠레,소계,4445,461,292,64,11,14,0,0,0,5804
아르헨티나,202601,573,89,27,12,0,0,0,0,0,727
아르헨티나,202602,546,63,31,9,3,0,0,0,0,771
아르헨티나,202603,1066,87,31,20,1,1,0,0,0,1442
아르헨티나,202604,1121,76,49,15,1,1,0,0,0,1504
아르헨티나,202605,853,89,53,19,0,0,0,0,0,1319
아르헨티나,202606,534,49,26,12,0,0,0,0,0,825
아르헨티나,202607,421,42,26,4,0,3,0,0,0,638
아르헨티나,소계,5114,495,243,91,5,5,0,0,0,7226
콜롬비아,202601,626,26,11,7,1,0,0,0,0,754
콜롬비아,202602,488,17,21,3,2,0,0,0,0,667
콜롬비아,202603,1484,62,46,4,1,2,0,0,0,1842
콜롬비아,202604,1763,182,181,14,6,0,0,0,0,2448
콜롬비아,202605,1406,103,72,16,0,5,0,0,0,1876
콜롬비아,202606,1453,56,102,16,0,0,0,0,0,1927
콜롬비아,202607,1182,76,55,13,0,0,0,0,0,1622
콜롬비아,소계,8402,522,488,73,10,7,0,0,0,11136
페루,202601,373,45,18,7,2,0,0,0,0,463
페루,202602,445,41,23,6,3,2,0,0,0,578
페루,202603,652,51,37,14,5,1,0,0,0,913
페루,202604,679,68,45,6,2,3,0,0,0,1019
페루,202605,555,77,57,6,0,0,0,0,0,861
페루,202606,572,32,22,4,0,0,0,0,0,755
페루,202607,398,37,31,9,0,3,0,0,0,613
페루,소계,3674,351,233,52,12,9,0,0,0,5202
베네수엘라,202601,102,4,4,0,1,0,0,0,0,114
베네수엘라,202602,120,7,12,0,2,0,0,0,0,156
베네수엘라,202603,175,10,8,2,0,0,0,0,0,221
베네수엘라,202604,203,9,11,5,0,1,0,0,0,263
베네수엘라,202605,193,2,12,5,2,0,0,0,0,247
베네수엘라,202606,168,4,5,2,0,0,0,0,0,208
베네수엘라,202607,138,2,5,5,1,0,0,0,0,179
베네수엘라,소계,1099,38,57,19,6,1,0,0,0,1388
에콰도르,202601,81,2,2,1,1,0,0,0,0,87
에콰도르,202602,162,2,7,1,0,0,0,0,0,175
에콰도르,202603,337,10,11,2,1,0,0,0,0,403
에콰도르,202604,436,22,5,3,1,0,0,0,0,486
에콰도르,202605,360,19,21,0,0,0,0,0,0,418
에콰도르,202606,227,7,18,5,0,0,0,0,0,268
에콰도르,202607,204,10,11,4,1,5,0,0,0,243
에콰도르,소계,1807,72,75,16,4,5,0,0,0,2080
엘살바도르,202601,27,1,0,0,0,0,0,0,0,31
엘살바도르,202602,62,0,5,0,0,0,0,0,0,84
엘살바도르,202603,60,5,4,0,0,0,0,0,0,102
엘살바도르,202604,119,6,17,4,0,0,0,0,0,173
엘살바도르,202605,83,4,9,0,0,0,0,0,0,137
엘살바도르,202606,96,1,8,2,0,1,0,0,0,143
엘살바도르,202607,82,8,7,0,0,0,0,0,0,117
엘살바도르,소계,529,25,50,6,0,1,0,0,0,787
코스타리카,202601,153,14,8,3,0,0,0,0,0,182
코스타리카,202602,224,9,14,1,0,0,0,0,0,268
코스타리카,202603,248,13,17,2,1,0,0,0,0,313
코스타리카,202604,354,19,25,2,0,0,0,0,0,448
코스타리카,202605,193,31,44,2,0,0,0,0,0,336
코스타리카,202606,137,9,11,2,0,0,0,0,0,180
코스타리카,202607,167,13,9,5,0,0,0,0,0,212
코스타리카,소계,1476,108,128,17,1,0,0,0,0,1939
파라과이,202601,34,1,3,2,0,0,0,0,0,40
파라과이,202602,46,0,2,2,1,0,0,0,0,51
파라과이,202603,47,1,2,1,0,1,0,0,0,56
파라과이,202604,51,2,4,0,0,0,0,0,0,57
파라과이,202605,55,4,1,0,0,0,0,0,0,85
파라과이,202606,69,1,4,1,1,0,0,0,0,134
파라과이,202607,75,3,2,7,1,1,0,0,0,152
파라과이,소계,377,12,18,13,3,2,0,0,0,575
과테말라,202601,58,1,0,1,0,0,0,0,0,66
과테말라,202602,62,0,5,0,0,0,0,0,0,70
과테말라,202603,162,24,5,4,0,2,0,0,0,218
과테말라,202604,242,10,16,1,0,0,0,0,0,302
과테말라,202605,105,5,3,0,0,1,0,0,0,154
과테말라,202606,138,0,5,2,1,0,0,0,0,170
과테말라,202607,103,7,4,0,0,0,0,0,0,127
과테말라,소계,870,47,38,8,1,3,0,0,0,1107
파나마,202601,101,2,5,5,0,0,0,0,0,123
파나마,202602,89,5,1,0,0,0,0,0,0,105
파나마,202603,111,5,21,0,0,0,0,0,0,169
파나마,202604,183,4,6,2,0,0,0,0,0,290
파나마,202605,88,12,2,0,0,0,0,0,0,116
파나마,202606,64,1,5,8,1,0,0,0,0,97
파나마,202607,126,11,11,11,0,1,0,0,0,166
파나마,소계,762,40,51,26,1,1,0,0,0,1066
쿠바,202601,2,0,0,0,0,0,0,0,0,2
쿠바,202602,19,0,0,0,0,0,0,0,0,19
쿠바,202603,10,0,2,0,0,0,0,0,0,12
쿠바,202604,17,0,1,0,0,0,0,0,0,19
쿠바,202605,26,0,4,0,0,0,0,0,0,34
쿠바,202606,22,2,0,0,0,0,0,0,0,24
쿠바,202607,37,0,2,0,0,0,0,0,0,39
쿠바,소계,133,2,9,0,0,0,0,0,0,149
볼리비아,202601,24,1,0,0,0,0,0,0,0,25
볼리비아,202602,20,0,1,0,0,0,0,0,0,22
볼리비아,202603,33,2,0,0,0,0,0,0,0,36
볼리비아,202604,40,1,0,1,0,0,0,0,0,46
볼리비아,202605,57,0,0,1,0,0,0,0,0,59
볼리비아,202606,64,0,1,1,0,0,0,0,0,66
볼리비아,202607,61,0,1,1,0,0,0,0,0,64
볼리비아,소계,299,4,3,4,0,0,0,0,0,318
도미니카공화국,202601,82,4,4,0,2,0,0,0,0,92
도미니카공화국,202602,66,4,7,0,1,0,0,0,0,91
도미니카공화국,202603,130,7,10,0,0,0,0,0,0,178
도미니카공화국,202604,227,17,7,0,1,2,0,0,0,278
도미니카공화국,202605,197,13,23,1,0,1,0,0,0,242
도미니카공화국,202606,123,7,3,6,0,0,0,0,0,144
도미니카공화국,202607,112,19,11,0,0,0,0,0,0,152
도미니카공화국,소계,937,71,65,7,4,3,0,0,0,1177
온두라스,202601,33,0,1,0,0,1,0,0,0,56
온두라스,202602,44,1,1,0,0,0,0,0,0,136
온두라스,202603,75,0,1,0,0,0,0,0,0,226
온두라스,202604,87,2,12,2,0,0,0,0,0,186
온두라스,202605,80,6,2,0,0,1,0,0,0,229
온두라스,202606,78,3,3,3,0,0,0,0,0,163
온두라스,202607,50,1,3,0,1,0,0,0,0,124
온두라스,소계,447,13,23,5,1,2,0,0,0,1120
자메이카,202601,29,0,0,0,0,0,0,0,0,35
자메이카,202602,38,0,3,0,0,0,0,0,0,79
자메이카,202603,48,2,5,0,1,0,0,0,0,127
자메이카,202604,57,4,2,0,0,0,0,0,0,121
자메이카,202605,56,4,5,4,0,0,0,0,0,125
자메이카,202606,68,3,1,1,0,0,0,0,0,127
자메이카,202607,106,5,8,0,1,0,0,0,0,184
자메이카,소계,402,18,24,5,2,0,0,0,0,798
우루과이,202601,48,1,9,0,1,0,0,0,0,65
우루과이,202602,45,7,0,3,0,0,0,0,0,57
우루과이,202603,151,3,3,0,0,0,0,0,0,165
우루과이,202604,134,24,1,11,0,0,0,0,0,179
우루과이,202605,223,2,6,5,0,0,0,0,0,242
우루과이,202606,83,3,16,1,0,0,0,0,0,103
우루과이,202607,32,3,2,0,0,0,0,0,0,37
우루과이,소계,716,43,37,20,1,0,0,0,0,848
트리니다드토바고,202601,11,0,0,0,1,1,0,0,0,13
트리니다드토바고,202602,25,0,1,0,0,0,0,0,0,30
트리니다드토바고,202603,47,5,1,0,0,0,0,0,0,72
트리니다드토바고,202604,48,5,5,1,0,1,0,0,0,94
트리니다드토바고,202605,42,2,3,0,0,0,0,0,0,89
트리니다드토바고,202606,42,0,1,0,0,0,0,0,0,91
트리니다드토바고,202607,46,0,5,0,0,0,0,0,0,103
트리니다드토바고,소계,261,12,16,1,1,2,0,0,0,492
벨리즈,202601,5,0,0,0,0,0,0,0,0,5
벨리즈,202602,7,0,0,0,0,0,0,0,0,7
벨리즈,202603,1,0,0,0,0,0,0,0,0,1
벨리즈,202604,33,0,0,1,0,0,0,0,0,34
벨리즈,202605,9,0,1,0,0,0,0,0,0,10
벨리즈,202606,1,0,0,0,0,0,0,0,0,1
벨리즈,202607,2,0,0,1,0,0,0,0,0,3
벨리즈,소계,58,0,1,2,0,0,0,0,0,61
니카라과,202601,11,0,1,1,0,0,0,0,0,14
니카라과,202602,13,2,1,0,0,0,0,0,0,22
니카라과,202603,29,1,1,0,0,0,0,0,0,74
니카라과,202604,46,1,3,1,0,0,0,0,0,117
니카라과,202605,19,1,1,0,0,0,0,0,0,47
니카라과,202606,25,2,1,0,0,0,0,0,0,63
니카라과,202607,18,1,0,0,0,0,0,0,0,54
니카라과,소계,161,8,8,2,0,0,0,0,0,391
수리남,202601,0,0,0,0,0,0,0,0,0,0
수리남,202602,4,0,0,0,0,0,0,0,0,6
수리남,202603,5,0,1,0,0,0,0,0,0,7
수리남,202604,6,1,0,0,0,0,0,0,0,9
수리남,202605,10,0,0,1,0,0,0,0,0,14
수리남,202606,3,0,1,1,0,0,0,0,0,5
수리남,202607,7,0,1,1,0,0,0,0,0,13
수리남,소계,35,1,3,3,0,0,0,0,0,54
바하마,202601,5,0,0,0,0,0,0,0,0,5
바하마,202602,10,1,0,0,0,0,0,0,0,11
바하마,202603,22,0,0,0,0,0,0,0,0,23
바하마,202604,15,3,0,0,0,0,0,0,0,18
바하마,202605,16,7,0,0,0,0,0,0,0,27
바하마,202606,15,0,0,0,0,0,0,0,0,15
바하마,202607,35,6,3,0,0,0,0,0,0,46
바하마,소계,118,17,3,0,0,0,0,0,0,145
도미니카연방,202601,18,2,0,3,0,0,0,0,0,24
도미니카연방,202602,21,0,3,2,0,0,0,0,0,26
도미니카연방,202603,25,0,1,0,0,0,0,0,0,32
도미니카연방,202604,43,1,1,2,0,0,0,0,0,61
도미니카연방,202605,45,1,0,0,0,0,0,0,0,49
도미니카연방,202606,46,3,1,0,0,0,0,0,0,50
도미니카연방,202607,38,0,1,0,0,0,0,0,0,43
도미니카연방,소계,236,7,7,7,0,0,0,0,0,285
바베이도스,202601,6,1,0,0,0,0,0,0,0,7
바베이도스,202602,5,1,0,0,0,0,0,0,0,6
바베이도스,202603,9,1,0,0,0,0,0,0,0,11
바베이도스,202604,23,0,1,0,0,0,0,0,0,30
바베이도스,202605,11,3,0,0,0,0,0,0,0,18
바베이도스,202606,9,0,0,0,0,0,0,0,0,12
바베이도스,202607,9,3,7,0,0,0,0,0,0,29
바베이도스,소계,72,9,8,0,0,0,0,0,0,113
아이티,202601,7,0,4,1,0,0,0,0,0,12
아이티,202602,4,0,2,0,0,0,0,0,0,8
아이티,202603,4,1,0,0,1,0,0,0,0,6
아이티,202604,12,0,1,0,0,0,0,0,0,13
아이티,202605,15,0,2,0,0,0,0,0,0,18
아이티,202606,13,0,0,0,0,0,0,0,0,13
아이티,202607,6,0,1,0,0,0,0,0,0,7
아이티,소계,61,1,10,1,1,0,0,0,0,77
그레나다,202601,10,1,0,0,0,0,0,0,0,11
그레나다,202602,17,1,0,0,0,0,0,0,0,18
그레나다,202603,13,0,1,0,0,0,0,0,0,17
그레나다,202604,21,2,0,1,0,0,0,0,0,31
그레나다,202605,15,0,0,0,0,0,0,0,0,17
그레나다,202606,8,3,0,1,0,0,0,0,0,15
그레나다,202607,18,2,2,0,0,0,0,0,0,25
그레나다,소계,102,9,3,2,0,0,0,0,0,134
세인트루시아,202601,11,2,0,0,0,0,0,0,0,13
세인트루시아,202602,7,1,3,5,0,0,0,0,0,18
세인트루시아,202603,10,2,0,0,0,0,0,0,0,21
세인트루시아,202604,20,3,3,0,0,0,0,0,0,43
세인트루시아,202605,20,1,2,3,0,0,0,0,0,38
세인트루시아,202606,21,2,5,2,0,0,0,0,0,33
세인트루시아,202607,27,4,0,0,0,0,0,0,0,31
세인트루시아,소계,116,15,13,10,0,0,0,0,0,197
앤티가바부다,202601,3,0,0,0,0,0,0,0,0,3
앤티가바부다,202602,16,0,0,0,0,0,0,0,0,16
앤티가바부다,202603,7,0,1,0,0,0,0,0,0,10
앤티가바부다,202604,12,0,0,3,0,0,0,0,0,21
앤티가바부다,202605,7,0,0,0,0,0,0,0,0,14
앤티가바부다,202606,34,2,0,0,0,0,0,0,0,36
앤티가바부다,202607,16,0,2,0,0,0,0,0,0,19
앤티가바부다,소계,95,2,3,3,0,0,0,0,0,119
가이아나,202601,4,0,0,0,0,0,0,0,0,4
가이아나,202602,13,0,0,0,0,0,0,0,0,13
가이아나,202603,6,2,3,0,0,0,0,0,0,13
가이아나,202604,17,0,0,0,0,0,0,0,0,27
가이아나,202605,11,0,1,0,0,0,0,0,0,25
가이아나,202606,6,0,0,0,0,0,0,0,0,23
가이아나,202607,19,0,0,0,0,0,0,0,0,31
가이아나,소계,76,2,4,0,0,0,0,0,0,136
세인트빈센트그레나딘,202601,1,0,0,0,0,0,0,0,0,1
세인트빈센트그레나딘,202602,1,0,0,0,0,0,0,0,0,1
세인트빈센트그레나딘,202603,0,1,1,0,0,0,0,0,0,5
세인트빈센트그레나딘,202604,2,0,1,0,0,0,0,0,0,5
세인트빈센트그레나딘,202605,3,0,0,1,0,0,0,0,0,11
세인트빈센트그레나딘,202606,0,0,0,0,0,0,0,0,0,11
세인트빈센트그레나딘,202607,6,0,0,0,0,0,0,0,0,16
세인트빈센트그레나딘,소계,13,1,2,1,0,0,0,0,0,50
세인트크리스토퍼네비스,202601,41,7,0,4,0,0,0,0,0,54
세인트크리스토퍼네비스,202602,41,1,1,4,0,0,0,0,0,47
세인트크리스토퍼네비스,202603,46,2,2,2,0,0,0,0,0,54
세인트크리스토퍼네비스,202604,70,6,2,0,0,0,0,0,0,78
세인트크리스토퍼네비스,202605,58,1,0,1,1,0,0,0,0,62
세인트크리스토퍼네비스,202606,70,7,0,1,0,0,0,0,0,78
세인트크리스토퍼네비스,202607,55,4,0,7,0,1,0,0,0,67
세인트크리스토퍼네비스,소계,381,28,5,19,1,1,0,0,0,440
미주,소계,1078307,58054,45446,10815,3866,2040,0,0,0,1274577
러시아(연방),202601,7168,710,830,104,18,10,0,0,0,12090
러시아(연방),202602,7098,660,1016,91,35,6,0,0,0,13846
러시아(연방),202603,13017,1294,1328,309,30,27,0,0,0,21458
러시아(연방),202604,16249,2149,1625,357,41,28,0,0,0,28086
러시아(연방),202605,12330,1732,1563,382,16,41,0,0,0,23567
러시아(연방),202606,13229,1462,1934,466,31,35,0,0,0,21828
러시아(연방),202607,14057,1246,1506,405,36,43,0,0,0,21495
러시아(연방),소계,83148,9253,9802,2114,207,190,0,0,0,142370
독일,202601,5446,386,217,36,12,6,0,0,0,8394
독일,202602,7111,372,270,59,16,8,0,0,0,8291
독일,202603,19937,905,697,150,51,21,0,0,0,25649
독일,202604,17027,1275,844,234,27,23,0,0,0,25035
독일,202605,17691,976,741,226,27,30,0,0,0,20292
독일,202606,10797,629,469,122,11,12,0,0,0,12742
독일,202607,12003,530,472,162,22,23,0,0,0,13541
독일,소계,90012,5073,3710,989,166,123,0,0,0,113944
영국,202601,6265,447,360,118,22,7,0,0,0,7344
영국,202602,6961,426,434,155,42,18,0,0,0,8517
영국,202603,16090,847,921,312,46,33,0,0,0,21868
영국,202604,19545,1644,1046,402,47,28,0,0,0,27600
영국,202605,16563,1055,1025,384,37,25,0,0,0,21866
영국,202606,12846,852,767,323,28,21,0,0,0,16592
영국,202607,13934,863,684,324,36,15,0,0,0,17899
영국,소계,92204,6134,5237,2018,258,147,0,0,0,121686
프랑스,202601,5720,409,296,53,30,15,0,0,0,7232
프랑스,202602,8886,443,284,46,35,6,0,0,0,10326
프랑스,202603,14365,702,608,110,53,23,0,0,0,16863
프랑스,202604,23176,1209,822,197,24,38,0,0,0,26430
프랑스,202605,17963,834,747,164,27,44,0,0,0,20365
프랑스,202606,11737,704,525,139,29,32,0,0,0,13618
프랑스,202607,18446,787,807,177,29,33,0,0,0,20668
프랑스,소계,100293,5088,4089,886,227,191,0,0,0,115502
네덜란드,202601,1638,120,89,12,3,1,0,0,0,1963
네덜란드,202602,2303,99,404,16,24,3,0,0,0,3036
네덜란드,202603,4626,166,618,70,35,13,0,0,0,5875
네덜란드,202604,7393,345,820,89,20,8,0,0,0,9124
네덜란드,202605,5799,285,981,60,28,5,0,0,0,7341
네덜란드,202606,4001,228,683,39,27,0,0,0,0,5057
네덜란드,202607,7266,207,884,89,50,6,0,0,0,8727
네덜란드,소계,33026,1450,4479,375,187,36,0,0,0,41123
우크라이나,202601,394,3,76,9,0,2,0,0,0,1501
우크라이나,202602,553,4,94,10,4,0,0,0,0,1803
우크라이나,202603,643,13,98,25,8,1,0,0,0,2418
우크라이나,202604,809,10,120,15,0,2,0,0,0,2544
우크라이나,202605,718,14,81,25,0,2,0,0,0,2640
우크라이나,202606,629,10,90,22,0,0,0,0,0,2327
우크라이나,202607,690,12,107,48,1,0,0,0,0,2695
우크라이나,소계,4436,66,666,154,13,7,0,0,0,15928
이탈리아,202601,2951,228,165,22,15,4,0,0,0,4358
이탈리아,202602,2637,160,186,25,8,1,0,0,0,3840
이탈리아,202603,7248,350,320,48,43,7,0,0,0,8944
이탈리아,202604,7799,478,285,67,14,11,0,0,0,9412
이탈리아,202605,6988,345,277,61,15,13,0,0,0,8913
이탈리아,202606,5949,338,336,65,14,10,0,0,0,7593
이탈리아,202607,6102,264,315,51,25,12,0,0,0,7307
이탈리아,소계,39674,2163,1884,339,134,58,0,0,0,50367
불가리아,202601,147,6,9,1,4,0,0,0,0,278
불가리아,202602,191,6,7,5,1,0,0,0,0,367
불가리아,202603,787,14,101,3,0,0,0,0,0,1234
불가리아,202604,815,59,103,7,5,0,0,0,0,1287
불가리아,202605,659,14,30,4,5,1,0,0,0,917
불가리아,202606,352,18,18,8,1,0,0,0,0,648
불가리아,202607,371,15,26,7,1,1,0,0,0,611
불가리아,소계,3322,132,294,35,17,2,0,0,0,5342
스웨덴,202601,1385,69,65,7,2,3,0,0,0,1606
스웨덴,202602,1348,57,46,7,0,1,0,0,0,1539
스웨덴,202603,2892,119,95,16,2,3,0,0,0,3284
스웨덴,202604,3157,177,109,17,6,1,0,0,0,3678
스웨덴,202605,2436,135,119,28,3,1,0,0,0,2929
스웨덴,202606,3450,142,119,40,2,3,0,0,0,3967
스웨덴,202607,2470,164,108,34,16,10,0,0,0,2985
스웨덴,소계,17138,863,661,149,31,22,0,0,0,19988
폴란드,202601,1845,64,51,8,7,8,0,0,0,2211
폴란드,202602,2690,134,159,11,3,1,0,0,0,3118
폴란드,202603,7739,164,345,47,9,5,0,0,0,8589
폴란드,202604,6162,259,258,38,15,3,0,0,0,7110
폴란드,202605,5808,215,456,57,4,6,0,0,0,6864
폴란드,202606,4519,146,217,38,2,6,0,0,0,5137
폴란드,202607,4408,152,202,25,6,7,0,0,0,5021
폴란드,소계,33171,1134,1688,224,46,36,0,0,0,38050
덴마크,202601,676,37,45,5,2,0,0,0,0,805
덴마크,202602,898,33,42,1,2,2,0,0,0,1013
덴마크,202603,2823,106,106,14,2,1,0,0,0,3166
덴마크,202604,1858,137,119,13,0,2,0,0,0,2282
덴마크,202605,1682,97,85,13,0,10,0,0,0,1974
덴마크,202606,1503,71,75,18,0,2,0,0,0,1773
덴마크,202607,2403,131,119,22,0,0,0,0,0,2795
덴마크,소계,11843,612,591,86,6,17,0,0,0,13808
그리스,202601,394,17,80,9,0,0,0,0,0,727
그리스,202602,404,16,94,4,0,0,0,0,0,722
그리스,202603,958,58,139,10,0,0,0,0,0,1493
그리스,202604,1168,114,154,7,0,0,0,0,0,1776
그리스,202605,730,45,103,7,1,0,0,0,0,1217
그리스,202606,702,25,96,7,0,0,0,0,0,1086
그리스,202607,702,34,99,6,1,0,0,0,0,1225
그리스,소계,5058,309,765,50,2,0,0,0,0,8246
스위스,202601,845,53,42,4,2,0,0,0,0,1068
스위스,202602,1132,62,45,5,2,1,0,0,0,1487
스위스,202603,2298,136,87,19,9,1,0,0,0,2924
스위스,202604,4986,265,207,25,3,2,0,0,0,5932
스위스,202605,3047,176,134,32,3,1,0,0,0,3528
스위스,202606,2168,145,86,46,3,1,0,0,0,2633
스위스,202607,3385,142,140,26,2,3,0,0,0,3784
스위스,소계,17861,979,741,157,24,9,0,0,0,21356
노르웨이,202601,797,44,59,11,0,1,0,0,0,936
노르웨이,202602,859,38,83,2,1,2,0,0,0,1022
노르웨이,202603,2047,79,128,2,3,0,0,0,0,2360
노르웨이,202604,1420,104,96,3,0,3,0,0,0,1758
노르웨이,202605,1080,49,98,19,3,5,0,0,0,1321
노르웨이,202606,2197,79,110,6,0,2,0,0,0,2449
노르웨이,202607,2350,115,139,19,1,7,0,0,0,2731
노르웨이,소계,10750,508,713,62,8,20,0,0,0,12577
스페인,202601,1990,113,125,17,3,2,0,0,0,2400
스페인,202602,2047,111,102,28,12,3,0,0,0,2563
스페인,202603,5991,254,228,62,17,6,0,0,0,6974
스페인,202604,4822,324,203,57,10,9,0,0,0,5628
스페인,202605,5017,238,241,58,11,13,0,0,0,5780
스페인,202606,4628,235,173,53,4,12,0,0,0,5345
스페인,202607,6049,271,215,72,10,7,0,0,0,6929
스페인,소계,30544,1546,1287,347,67,52,0,0,0,35619
루마니아,202601,466,18,56,10,1,0,0,0,0,842
루마니아,202602,470,20,53,3,0,0,0,0,0,897
루마니아,202603,1764,59,106,15,1,1,0,0,0,2556
루마니아,202604,2284,139,184,7,5,3,0,0,0,3308
루마니아,202605,1558,61,82,16,0,1,0,0,0,2279
루마니아,202606,1272,38,72,11,0,1,0,0,0,1860
루마니아,202607,937,49,80,31,1,1,0,0,0,1673
루마니아,소계,8751,384,633,93,8,7,0,0,0,13415
벨기에,202601,640,49,22,8,1,0,0,0,0,761
벨기에,202602,892,53,43,7,2,3,0,0,0,1044
벨기에,202603,1544,81,88,9,1,2,0,0,0,1913
벨기에,202604,3074,149,138,18,3,5,0,0,0,3643
벨기에,202605,2130,99,117,15,1,9,0,0,0,2562
벨기에,202606,1403,78,61,19,6,2,0,0,0,1622
벨기에,202607,2421,136,92,49,2,1,0,0,0,2765
벨기에,소계,12104,645,561,125,16,22,0,0,0,14310
크로아티아,202601,173,6,21,0,0,0,0,0,0,310
크로아티아,202602,180,5,34,1,0,0,0,0,0,474
크로아티아,202603,472,10,42,4,3,0,0,0,0,888
크로아티아,202604,326,32,41,11,0,0,0,0,0,742
크로아티아,202605,323,20,35,4,0,0,0,0,0,756
크로아티아,202606,275,17,26,5,0,0,0,0,0,573
크로아티아,202607,299,9,33,7,3,0,0,0,0,653
크로아티아,소계,2048,99,232,32,6,0,0,0,0,4396
오스트리아,202601,592,45,24,3,2,0,0,0,0,773
오스트리아,202602,766,45,20,0,2,0,0,0,0,922
오스트리아,202603,1864,73,56,13,1,1,0,0,0,2265
오스트리아,202604,1625,117,93,12,8,0,0,0,0,2190
오스트리아,202605,1529,103,71,11,2,1,0,0,0,1787
오스트리아,202606,986,69,47,6,1,2,0,0,0,1192
오스트리아,202607,1634,102,76,14,5,2,0,0,0,1895
오스트리아,소계,8996,554,387,59,21,6,0,0,0,11024
포르투갈,202601,530,24,20,31,2,3,0,0,0,645
포르투갈,202602,847,28,46,28,1,1,0,0,0,1018
포르투갈,202603,1991,54,53,37,7,0,0,0,0,2345
포르투갈,202604,1811,121,100,47,6,2,0,0,0,2287
포르투갈,202605,1667,76,82,41,1,2,0,0,0,2057
포르투갈,202606,1486,71,96,41,4,3,0,0,0,1781
포르투갈,202607,1193,47,117,47,1,3,0,0,0,1481
포르투갈,소계,9525,421,514,272,22,14,0,0,0,11614
아일랜드,202601,648,41,26,10,3,2,0,0,0,744
아일랜드,202602,707,54,40,6,5,0,0,0,0,863
아일랜드,202603,1560,87,62,25,0,6,0,0,0,1910
아일랜드,202604,1374,177,91,22,4,1,0,0,0,1861
아일랜드,202605,1544,86,103,16,1,4,0,0,0,1881
아일랜드,202606,1279,72,86,17,3,2,0,0,0,1604
아일랜드,202607,1172,95,70,23,3,2,0,0,0,1502
아일랜드,소계,8284,612,478,119,19,17,0,0,0,10365
핀란드,202601,785,31,15,2,0,0,0,0,0,864
핀란드,202602,1052,29,22,2,0,2,0,0,0,1120
핀란드,202603,1876,30,28,10,3,3,0,0,0,1983
핀란드,202604,1779,63,76,6,3,7,0,0,0,2015
핀란드,202605,1648,64,56,9,1,2,0,0,0,1811
핀란드,202606,1707,56,50,16,4,0,0,0,0,1864
핀란드,202607,1029,33,30,14,0,4,0,0,0,1129
핀란드,소계,9876,306,277,59,11,18,0,0,0,10786
라트비아,202601,122,1,11,0,0,0,0,0,0,194
라트비아,202602,123,4,15,0,0,0,0,0,0,183
라트비아,202603,354,9,14,4,0,0,0,0,0,421
라트비아,202604,353,19,22,0,1,0,0,0,0,445
라트비아,202605,224,8,17,1,1,1,0,0,0,309
라트비아,202606,247,8,11,4,0,0,0,0,0,352
라트비아,202607,179,5,8,4,0,0,0,0,0,284
라트비아,소계,1602,54,98,13,2,1,0,0,0,2188
체코,202601,554,14,21,3,1,0,0,0,0,595
체코,202602,695,31,30,4,5,0,0,0,0,774
체코,202603,2075,56,69,12,4,2,0,0,0,2242
체코,202604,1908,135,121,12,3,3,0,0,0,2242
체코,202605,1332,58,66,8,3,1,0,0,0,1547
체코,202606,1190,44,38,3,3,3,0,0,0,1290
체코,202607,1428,50,62,15,0,3,0,0,0,1584
체코,소계,9182,388,407,57,19,12,0,0,0,10274
유고슬라비아,202601,17,5,0,1,0,0,0,0,0,23
유고슬라비아,202602,20,1,1,0,0,0,0,0,0,24
유고슬라비아,202603,60,4,0,1,0,0,0,0,0,68
유고슬라비아,202604,134,6,2,0,0,0,0,0,0,148
유고슬라비아,202605,69,2,0,1,0,0,0,0,0,74
유고슬라비아,202606,70,1,2,0,0,0,0,0,0,74
유고슬라비아,202607,43,1,1,0,1,0,0,0,0,46
유고슬라비아,소계,413,20,6,3,1,0,0,0,0,457
헝가리,202601,300,22,6,2,0,0,0,0,0,347
헝가리,202602,303,12,9,0,2,0,0,0,0,342
헝가리,202603,968,31,24,9,1,1,0,0,0,1082
헝가리,202604,1176,96,36,9,2,1,0,0,0,1381
헝가리,202605,1099,54,33,11,5,4,0,0,0,1269
헝가리,202606,782,36,35,11,1,2,0,0,0,915
헝가리,202607,823,24,27,14,2,2,0,0,0,922
헝가리,소계,5451,275,170,56,13,10,0,0,0,6258
리투아니아,202601,273,6,15,6,2,0,0,0,0,313
리투아니아,202602,252,13,13,1,1,0,0,0,0,294
리투아니아,202603,714,26,27,8,2,0,0,0,0,815
리투아니아,202604,744,42,43,1,2,0,0,0,0,898
리투아니아,202605,701,20,39,2,3,2,0,0,0,788
리투아니아,202606,658,19,32,1,2,1,0,0,0,743
리투아니아,202607,415,24,27,2,1,0,0,0,0,476
리투아니아,소계,3757,150,196,21,13,3,0,0,0,4327
슬로바크,202601,187,4,5,2,1,0,0,0,0,207
슬로바크,202602,256,9,13,3,1,0,0,0,0,284
슬로바크,202603,616,21,21,3,0,1,0,0,0,681
슬로바크,202604,563,46,71,13,1,0,0,0,0,719
슬로바크,202605,517,13,44,9,1,0,0,0,0,601
슬로바크,202606,633,25,17,13,1,1,0,0,0,698
슬로바크,202607,422,17,23,13,3,2,0,0,0,487
슬로바크,소계,3194,135,194,56,8,4,0,0,0,3677
벨로루시,202601,63,2,4,1,0,0,0,0,0,74
벨로루시,202602,90,10,3,4,0,0,0,0,0,124
벨로루시,202603,137,30,8,15,0,1,0,0,0,217
벨로루시,202604,241,32,12,16,0,0,0,0,0,371
벨로루시,202605,209,26,10,15,0,0,0,0,0,309
벨로루시,202606,177,19,14,19,0,0,0,0,0,234
벨로루시,202607,203,2,10,5,0,0,0,0,0,238
벨로루시,소계,1120,121,61,75,0,1,0,0,0,1567
슬로베니아,202601,61,4,5,0,1,0,0,0,0,75
슬로베니아,202602,83,1,3,0,1,1,0,0,0,98
슬로베니아,202603,207,10,4,1,1,3,0,0,0,234
슬로베니아,202604,355,18,8,1,0,0,0,0,0,402
슬로베니아,202605,122,8,11,3,0,2,0,0,0,186
슬로베니아,202606,186,2,7,0,3,0,0,0,0,198
슬로베니아,202607,307,10,7,0,0,2,0,0,0,329
슬로베니아,소계,1321,53,45,5,6,8,0,0,0,1522
에스토니아,202601,70,2,8,0,0,0,0,0,0,82
에스토니아,202602,138,6,1,0,0,0,0,0,0,159
에스토니아,202603,403,9,15,4,0,0,0,0,0,436
에스토니아,202604,482,13,7,12,0,1,0,0,0,528
에스토니아,202605,241,20,39,3,0,0,0,0,0,313
에스토니아,202606,300,8,13,0,0,0,0,0,0,322
에스토니아,202607,186,9,12,1,0,0,0,0,0,223
에스토니아,소계,1820,67,95,20,0,1,0,0,0,2063
그루지아,202601,50,0,4,0,0,0,0,0,0,84
그루지아,202602,90,0,0,0,0,0,0,0,0,173
그루지아,202603,104,6,0,0,0,0,0,0,0,155
그루지아,202604,108,9,3,0,0,0,0,0,0,206
그루지아,202605,76,1,11,0,0,0,0,0,0,148
그루지아,202606,85,4,3,1,0,0,0,0,0,144
그루지아,202607,80,0,4,1,0,0,0,0,0,152
그루지아,소계,593,20,25,2,0,0,0,0,0,1062
룩셈부르크,202601,57,6,4,0,0,0,0,0,0,69
룩셈부르크,202602,80,1,1,0,1,0,0,0,0,88
룩셈부르크,202603,294,7,4,0,0,0,0,0,0,335
룩셈부르크,202604,184,16,3,2,0,0,0,0,0,231
룩셈부르크,202605,164,8,14,0,0,0,0,0,0,192
룩셈부르크,202606,120,2,0,0,0,0,0,0,0,124
룩셈부르크,202607,178,9,7,0,0,0,0,0,0,196
룩셈부르크,소계,1077,49,33,2,1,0,0,0,0,1235
아이슬란드,202601,31,2,0,0,0,0,0,0,0,33
아이슬란드,202602,27,0,1,0,0,0,0,0,0,32
아이슬란드,202603,127,2,4,0,0,0,0,0,0,146
아이슬란드,202604,81,17,1,0,0,0,0,0,0,99
아이슬란드,202605,95,3,1,1,0,0,0,0,0,101
아이슬란드,202606,94,6,10,3,0,0,0,0,0,120
아이슬란드,202607,68,3,8,0,0,0,0,0,0,79
아이슬란드,소계,523,33,25,4,0,0,0,0,0,610
몰도바,202601,18,0,0,0,0,0,0,0,0,19
몰도바,202602,24,1,2,0,0,0,0,0,0,31
몰도바,202603,15,0,0,1,0,0,0,0,0,43
몰도바,202604,22,0,1,0,0,0,0,0,0,48
몰도바,202605,30,0,4,0,0,0,0,0,0,49
몰도바,202606,17,1,2,1,0,0,0,0,0,34
몰도바,202607,10,1,0,1,0,0,0,0,0,23
몰도바,소계,136,3,9,3,0,0,0,0,0,247
알바니아,202601,28,3,1,0,1,0,0,0,0,33
알바니아,202602,51,2,0,2,0,0,0,0,0,56
알바니아,202603,132,3,4,0,0,0,0,0,0,146
알바니아,202604,106,10,0,1,0,0,0,0,0,137
알바니아,202605,150,4,4,1,0,1,0,0,0,160
알바니아,202606,64,4,6,1,0,0,0,0,0,77
알바니아,202607,53,0,6,1,0,0,0,0,0,66
알바니아,소계,584,26,21,6,1,1,0,0,0,675
아르메니아,202601,13,0,0,0,0,0,0,0,0,13
아르메니아,202602,28,1,4,0,0,0,0,0,0,33
아르메니아,202603,56,1,0,0,2,1,0,0,0,60
아르메니아,202604,40,0,0,0,0,0,0,0,0,40
아르메니아,202605,36,1,18,2,0,0,0,0,0,57
아르메니아,202606,39,2,2,1,0,0,0,0,0,45
아르메니아,202607,28,2,6,2,0,0,0,0,0,38
아르메니아,소계,240,7,30,5,2,1,0,0,0,286
아제르바이잔,202601,83,1,2,0,0,0,0,0,0,86
아제르바이잔,202602,148,3,7,0,0,0,0,0,0,163
아제르바이잔,202603,190,11,9,4,0,0,0,0,0,221
아제르바이잔,202604,186,19,4,3,0,1,0,0,0,217
아제르바이잔,202605,189,5,2,4,0,1,0,0,0,201
아제르바이잔,202606,150,0,4,2,0,1,0,0,0,161
아제르바이잔,202607,162,2,10,1,0,0,0,0,0,178
아제르바이잔,소계,1108,41,38,14,0,3,0,0,0,1227
몰타,202601,27,0,0,0,0,0,0,0,0,27
몰타,202602,43,2,0,0,0,0,0,0,0,49
몰타,202603,167,5,3,5,0,0,0,0,0,208
몰타,202604,90,11,4,0,0,0,0,0,0,128
몰타,202605,68,8,5,0,0,0,0,0,0,94
몰타,202606,55,3,2,6,0,0,0,0,0,87
몰타,202607,54,11,2,2,0,0,0,0,0,77
몰타,소계,504,40,16,13,0,0,0,0,0,670
보스니아-헤르체고비나,202601,0,0,0,0,0,0,0,0,0,1
보스니아-헤르체고비나,202602,15,0,2,0,0,0,0,0,0,23
보스니아-헤르체고비나,202603,5,0,0,0,0,0,0,0,0,29
보스니아-헤르체고비나,202604,6,0,0,0,0,0,0,0,0,41
보스니아-헤르체고비나,202605,7,0,0,0,0,0,0,0,0,38
보스니아-헤르체고비나,202606,4,0,0,0,0,0,0,0,0,29
보스니아-헤르체고비나,202607,11,0,0,0,0,0,0,0,0,37
보스니아-헤르체고비나,소계,48,0,2,0,0,0,0,0,0,198
리히텐슈타인,202601,8,0,0,0,0,0,0,0,0,8
리히텐슈타인,202602,7,0,0,0,0,0,0,0,0,7
리히텐슈타인,202603,10,0,0,0,0,0,0,0,0,11
리히텐슈타인,202604,26,1,0,1,0,0,0,0,0,30
리히텐슈타인,202605,13,0,0,0,0,0,0,0,0,13
리히텐슈타인,202606,4,0,2,0,0,0,0,0,0,6
리히텐슈타인,202607,15,0,0,0,0,0,0,0,0,15
리히텐슈타인,소계,83,1,2,1,0,0,0,0,0,90
산마리노,202601,1,0,0,0,0,0,0,0,0,1
산마리노,202602,2,0,0,0,0,0,0,0,0,2
산마리노,202603,2,0,0,0,0,0,0,0,0,2
산마리노,202604,0,0,0,0,0,0,0,0,0,0
산마리노,202605,2,0,0,0,0,0,0,0,0,2
산마리노,202606,2,0,0,0,0,0,0,0,0,2
산마리노,202607,1,0,0,0,0,0,0,0,0,1
산마리노,소계,10,0,0,0,0,0,0,0,0,10
마케도니아,202601,0,0,0,0,0,0,0,0,0,0
마케도니아,202602,3,0,1,0,0,0,0,0,0,8
마케도니아,202603,1,0,1,0,0,0,0,0,0,11
마케도니아,202604,2,0,0,0,0,0,0,0,0,24
마케도니아,202605,3,0,0,0,0,0,0,0,0,12
마케도니아,202606,1,0,0,0,0,0,0,0,0,3
마케도니아,202607,4,0,0,0,0,0,0,0,0,14
마케도니아,소계,14,0,2,0,0,0,0,0,0,72
모나코,202601,3,0,0,0,0,0,0,0,0,4
모나코,202602,2,0,0,0,0,0,0,0,0,4
모나코,202603,9,0,0,0,0,0,0,0,0,9
모나코,202604,10,0,0,0,0,0,0,0,0,13
모나코,202605,2,0,0,0,0,0,0,0,0,2
모나코,202606,5,0,2,0,0,0,0,0,0,9
모나코,202607,3,0,1,0,0,0,0,0,0,4
모나코,소계,34,0,3,0,0,0,0,0,0,45
안도라,202601,5,0,0,0,0,0,0,0,0,5
안도라,202602,7,0,0,0,0,0,0,0,0,7
안도라,202603,11,0,0,0,0,0,0,0,0,11
안도라,202604,12,2,1,0,0,0,0,0,0,15
안도라,202605,10,1,0,0,0,0,0,0,0,11
안도라,202606,8,1,0,0,0,0,0,0,0,9
안도라,202607,10,0,2,0,0,0,0,0,0,12
안도라,소계,63,4,3,0,0,0,0,0,0,70
바티칸,202604,1,0,0,0,0,0,0,0,0,1
바티칸,소계,1,0,0,0,0,0,0,0,0,1
영국외지민,202601,0,0,0,0,0,0,0,0,0,0
영국외지민,202602,2,0,2,0,0,0,0,0,0,4
영국외지민,202603,4,0,1,0,0,0,0,0,0,5
영국외지민,202604,5,0,1,0,0,0,0,0,0,6
영국외지민,202605,1,0,0,0,0,0,0,0,0,1
영국외지민,202606,8,0,0,0,0,0,0,0,0,8
영국외지민,202607,8,0,1,0,0,0,0,0,0,9
영국외지민,소계,28,0,5,0,0,0,0,0,0,33
코소보,202601,14,0,0,0,0,0,0,0,0,14
코소보,202602,6,0,0,0,0,0,0,0,0,6
코소보,202603,13,0,0,0,1,0,0,0,0,14
코소보,202604,26,0,0,0,0,0,0,0,0,26
코소보,202605,28,0,0,0,0,0,0,0,0,28
코소보,202606,6,1,0,0,0,0,0,0,0,7
코소보,202607,7,0,0,0,0,0,0,0,0,7
코소보,소계,100,1,0,0,1,0,0,0,0,102
몬테네그로,202601,17,1,10,0,0,0,0,0,0,126
몬테네그로,202602,19,0,15,2,0,0,0,0,0,160
몬테네그로,202603,43,3,14,2,0,0,0,0,0,217
몬테네그로,202604,33,2,10,0,0,0,0,0,0,196
몬테네그로,202605,34,1,16,0,0,0,0,0,0,235
몬테네그로,202606,20,0,14,1,0,0,0,0,0,197
몬테네그로,202607,16,0,9,3,0,0,0,0,0,160
몬테네그로,소계,182,7,88,8,0,0,0,0,0,1291
세르비아,202601,79,6,0,3,0,0,0,0,0,112
세르비아,202602,133,2,14,3,0,0,0,0,0,235
세르비아,202603,261,26,3,7,0,0,0,0,0,438
세르비아,202604,344,58,14,8,0,0,0,0,0,567
세르비아,202605,289,11,14,5,0,0,0,0,0,420
세르비아,202606,159,12,12,4,0,0,0,0,0,266
세르비아,202607,158,18,7,4,1,0,0,0,0,266
세르비아,소계,1423,133,64,34,1,0,0,0,0,2304
구주,소계,666675,39959,41327,9142,1564,1039,0,0,0,874377
오스트레일리아,202601,20181,1382,811,241,44,48,0,0,0,22883
오스트레일리아,202602,10289,635,635,158,40,16,0,0,0,12460
오스트레일리아,202603,21342,792,1212,347,49,25,0,0,0,27728
오스트레일리아,202604,25914,1347,1476,404,53,33,0,0,0,34787
오스트레일리아,202605,21709,862,1254,311,44,30,0,0,0,26414
오스트레일리아,202606,19818,819,958,325,37,23,0,0,0,24221
오스트레일리아,202607,16263,680,772,295,40,20,0,0,0,20094
오스트레일리아,소계,135516,6517,7118,2081,307,195,0,0,0,168587
뉴질랜드,202601,2454,182,132,42,7,6,0,0,0,2862
뉴질랜드,202602,1757,103,78,22,8,1,0,0,0,2060
뉴질랜드,202603,3102,117,156,40,6,2,0,0,0,3803
뉴질랜드,202604,3704,228,212,84,6,15,0,0,0,5049
뉴질랜드,202605,3606,140,205,56,11,1,0,0,0,4438
뉴질랜드,202606,3050,183,205,55,4,7,0,0,0,3853
뉴질랜드,202607,2641,150,155,33,2,8,0,1,0,3392
뉴질랜드,소계,20314,1103,1143,332,44,40,0,1,0,25457
키리바시,202601,0,0,0,0,0,0,0,0,0,2
키리바시,202602,5,0,0,0,0,0,0,0,0,5
키리바시,202603,53,0,0,0,0,0,0,0,0,61
키리바시,202604,2,0,1,0,0,0,0,0,0,11
키리바시,202605,0,0,2,0,0,0,0,0,0,5
키리바시,202606,11,0,1,0,0,0,0,0,0,12
키리바시,202607,13,0,4,0,0,0,0,0,0,18
키리바시,소계,84,0,8,0,0,0,0,0,0,114
피지,202601,28,0,6,0,0,0,0,0,0,80
피지,202602,33,0,5,0,0,0,0,0,0,51
피지,202603,41,3,0,1,0,0,0,0,0,56
피지,202604,48,2,22,0,0,0,0,0,0,81
피지,202605,38,0,15,1,0,0,0,0,0,69
피지,202606,54,0,1,3,0,0,0,0,0,69
피지,202607,105,0,12,0,0,0,0,0,0,126
피지,소계,347,5,61,5,0,0,0,0,0,532
투발루,202601,1,0,2,0,0,0,0,0,0,4
투발루,202602,3,0,4,0,0,0,0,0,0,7
투발루,202603,0,0,2,0,0,0,0,0,0,4
투발루,202604,1,0,1,0,0,0,0,0,0,10
투발루,202605,0,0,6,0,0,0,0,0,0,7
투발루,202606,2,0,8,1,0,0,0,0,0,14
투발루,202607,0,0,0,0,0,0,0,0,0,1
투발루,소계,7,0,23,1,0,0,0,0,0,47
파푸아뉴기니,202601,15,0,1,0,0,0,0,0,0,21
파푸아뉴기니,202602,14,0,0,0,0,0,0,0,0,21
파푸아뉴기니,202603,7,0,1,6,0,0,0,0,0,23
파푸아뉴기니,202604,33,0,0,1,0,0,0,0,0,37
파푸아뉴기니,202605,12,0,4,0,0,0,0,0,0,21
파푸아뉴기니,202606,22,0,3,6,0,0,0,0,0,36
파푸아뉴기니,202607,34,0,2,0,0,0,0,0,0,42
파푸아뉴기니,소계,137,0,11,13,0,0,0,0,0,201
사모아,202601,2,0,0,0,0,0,0,0,0,10
사모아,202602,10,1,0,0,0,0,0,0,0,47
사모아,202603,3,0,0,0,0,0,0,0,0,35
사모아,202604,6,0,1,2,0,0,0,0,0,18
사모아,202605,3,3,3,0,0,0,0,0,0,19
사모아,202606,8,2,1,0,0,0,0,0,0,17
사모아,202607,23,0,2,0,0,0,0,0,0,43
사모아,소계,55,6,7,2,0,0,0,0,0,189
솔로몬군도,202601,6,0,1,0,0,0,0,0,0,7
솔로몬군도,202602,3,0,1,0,0,0,0,0,0,5
솔로몬군도,202603,4,0,1,0,0,0,0,0,0,17
솔로몬군도,202604,5,0,0,0,0,0,0,0,0,6
솔로몬군도,202605,6,0,9,0,0,0,0,0,0,17
솔로몬군도,202606,3,0,3,2,0,0,0,0,0,8
솔로몬군도,202607,25,0,6,0,0,0,0,0,0,31
솔로몬군도,소계,52,0,21,2,0,0,0,0,0,91
통가,202601,6,0,0,0,0,0,0,0,0,6
통가,202602,34,0,0,0,0,1,0,0,0,35
통가,202603,2,0,0,0,0,0,0,0,0,3
통가,202604,5,0,0,0,0,0,0,0,0,5
통가,202605,8,0,8,0,0,0,0,0,0,16
통가,202606,10,0,1,0,0,0,0,0,0,11
통가,202607,17,0,4,0,0,0,0,0,0,21
통가,소계,82,0,13,0,0,1,0,0,0,97
팔라우,202601,4,0,0,0,0,0,0,0,0,4
팔라우,202602,2,0,2,0,0,0,0,0,0,4
팔라우,202603,18,0,1,0,0,0,0,0,0,19
팔라우,202604,7,1,0,1,0,0,0,0,0,9
팔라우,202605,31,0,8,2,0,0,0,0,0,41
팔라우,202606,14,0,2,0,0,0,0,0,0,16
팔라우,202607,24,0,4,0,0,0,0,0,0,28
팔라우,소계,100,1,17,3,0,0,0,0,0,121
미크로네시아,202601,24,0,0,0,0,0,0,0,0,24
미크로네시아,202602,9,0,0,0,0,0,0,0,0,9
미크로네시아,202603,47,0,0,0,0,0,0,0,0,47
미크로네시아,202604,27,0,1,0,0,0,0,0,0,28
미크로네시아,202605,33,0,8,0,0,0,0,0,0,42
미크로네시아,202606,26,0,0,0,0,0,0,0,0,26
미크로네시아,202607,38,0,2,0,0,0,0,0,0,40
미크로네시아,소계,204,0,11,0,0,0,0,0,0,216
마샬군도,202601,11,1,0,0,0,1,0,0,0,13
마샬군도,202602,4,0,0,0,0,0,0,0,0,4
마샬군도,202603,29,0,0,1,0,0,0,0,0,30
마샬군도,202604,8,0,0,0,0,0,0,0,0,8
마샬군도,202605,14,1,5,0,0,0,0,0,0,20
마샬군도,202606,17,0,6,0,0,0,0,0,0,26
마샬군도,202607,22,0,1,1,0,0,0,0,0,24
마샬군도,소계,105,2,12,2,0,1,0,0,0,125
비누아투,202601,16,0,0,3,0,0,0,0,0,21
비누아투,202602,9,0,0,2,0,0,0,0,0,12
비누아투,202603,14,1,0,11,0,0,0,0,0,26
비누아투,202604,19,1,0,10,0,0,0,0,0,32
비누아투,202605,23,0,1,12,0,0,0,0,0,38
비누아투,202606,16,1,0,5,0,0,0,0,0,22
비누아투,202607,46,2,1,19,0,0,0,0,0,68
비누아투,소계,143,5,2,62,0,0,0,0,0,219
나우루,202601,1,0,0,1,0,0,0,0,0,2
나우루,202602,7,0,0,0,0,0,0,0,0,7
나우루,202603,0,0,1,0,0,0,0,0,0,1
나우루,202604,2,0,0,0,0,0,0,0,0,2
나우루,202605,5,5,0,1,0,0,0,0,0,12
나우루,202606,1,1,0,0,0,0,0,0,0,2
나우루,202607,3,0,1,0,0,0,0,0,0,4
나우루,소계,19,6,2,2,0,0,0,0,0,30
토켈라우,202601,0,0,0,0,0,0,0,0,0,0
토켈라우,소계,0,0,0,0,0,0,0,0,0,0
노폴크,202603,0,0,0,0,0,0,0,0,0,3
노폴크,202604,0,0,0,0,0,0,0,0,0,2
노폴크,소계,0,0,0,0,0,0,0,0,0,5
대양주,소계,157165,7645,8449,2505,351,237,0,1,0,196031
남아프리카공화국,202601,958,15,70,21,4,1,0,0,0,1131
남아프리카공화국,202602,1521,14,89,33,8,6,0,0,0,1989
남아프리카공화국,202603,701,14,47,17,4,0,0,0,0,1601
남아프리카공화국,202604,909,52,72,25,3,2,0,0,0,1894
남아프리카공화국,202605,817,27,63,25,4,3,0,0,0,1589
남아프리카공화국,202606,881,27,31,32,0,0,0,0,0,1428
남아프리카공화국,202607,1115,39,92,25,6,2,0,0,0,1823
남아프리카공화국,소계,6902,188,464,178,29,14,0,0,0,11455
나이지리아,202601,97,1,1,0,2,0,0,0,0,117
나이지리아,202602,140,0,5,0,6,0,0,0,0,165
나이지리아,202603,164,0,7,0,1,0,0,0,0,206
나이지리아,202604,157,5,2,0,0,0,0,0,0,212
나이지리아,202605,192,4,3,0,1,0,0,0,0,238
나이지리아,202606,173,4,6,6,1,0,0,0,0,241
나이지리아,202607,191,2,6,1,1,0,0,0,0,269
나이지리아,소계,1114,16,30,7,12,0,0,0,0,1448
이집트,202601,317,3,17,0,6,0,0,0,0,410
이집트,202602,341,1,32,0,2,0,0,0,0,415
이집트,202603,265,3,16,4,2,0,0,0,0,376
이집트,202604,484,11,26,2,0,0,0,0,0,626
이집트,202605,455,3,27,0,0,1,0,0,0,608
이집트,202606,483,3,40,3,9,0,0,0,0,626
이집트,202607,487,3,32,0,3,4,0,0,0,644
이집트,소계,2832,27,190,9,22,5,0,0,0,3705
가나,202601,91,1,3,0,0,0,0,0,0,110
가나,202602,125,0,10,3,0,0,0,0,0,188
가나,202603,148,2,4,0,0,0,0,0,0,216
가나,202604,140,0,2,0,0,0,0,0,0,206
가나,202605,175,1,12,1,0,0,0,0,0,258
가나,202606,225,0,6,0,0,0,0,0,0,305
가나,202607,154,0,7,1,0,0,0,0,0,200
가나,소계,1058,4,44,5,0,0,0,0,0,1483
리비아,202601,162,0,0,0,0,0,0,0,0,166
리비아,202602,108,0,1,0,0,0,0,0,0,109
리비아,202603,81,0,1,0,0,0,0,0,0,82
리비아,202604,259,1,0,0,0,0,0,0,0,261
리비아,202605,174,1,6,0,0,0,0,0,0,181
리비아,202606,199,0,2,0,0,0,0,0,0,201
리비아,202607,251,0,3,0,0,0,0,0,0,254
리비아,소계,1234,2,13,0,0,0,0,0,0,1254
수단,202601,28,1,0,0,0,0,0,0,0,29
수단,202602,24,0,1,0,0,0,0,0,0,25
수단,202603,28,0,0,0,0,0,0,0,0,28
수단,202604,33,0,0,0,0,0,0,0,0,33
수단,202605,32,0,2,0,0,0,0,0,0,34
수단,202606,34,0,2,0,0,0,0,0,0,36
수단,202607,39,0,0,0,0,0,0,0,0,39
수단,소계,218,1,5,0,0,0,0,0,0,224
모로코,202601,212,5,4,4,4,0,0,0,0,234
모로코,202602,269,3,20,2,1,0,0,0,0,306
모로코,202603,228,2,7,2,0,0,0,0,0,292
모로코,202604,448,17,14,5,0,0,0,0,0,534
모로코,202605,520,13,33,3,0,0,0,0,0,591
모로코,202606,361,13,22,3,32,0,0,0,0,466
모로코,202607,393,9,12,0,0,0,0,0,0,440
모로코,소계,2431,62,112,19,37,0,0,0,0,2863
케냐,202601,76,2,3,1,0,0,0,0,0,135
케냐,202602,170,0,9,0,0,0,0,0,0,494
케냐,202603,118,4,2,1,0,0,0,0,0,549
케냐,202604,211,2,9,3,0,0,0,0,0,686
케냐,202605,218,0,22,2,0,0,0,0,0,737
케냐,202606,222,3,6,4,0,0,0,0,0,523
케냐,202607,473,1,12,1,0,1,0,0,0,872
케냐,소계,1488,12,63,12,0,1,0,0,0,3996
튀니지,202601,91,3,11,0,4,0,0,0,0,121
튀니지,202602,154,2,15,0,0,0,0,0,0,215
튀니지,202603,122,2,1,0,2,0,0,0,0,216
튀니지,202604,238,9,22,0,0,1,0,0,0,348
튀니지,202605,253,8,21,1,0,1,0,0,0,355
튀니지,202606,238,5,12,1,2,0,0,0,0,293
튀니지,202607,289,6,14,2,0,1,0,0,0,345
튀니지,소계,1385,35,96,4,8,3,0,0,0,1893
에티오피아,202601,71,0,7,0,0,0,0,0,0,122
에티오피아,202602,797,0,6,1,0,0,0,0,0,853
에티오피아,202603,789,0,1,0,0,0,0,0,0,870
에티오피아,202604,935,0,3,0,0,0,0,0,0,1014
에티오피아,202605,904,2,8,1,3,0,0,0,0,1040
에티오피아,202606,853,1,6,0,0,0,0,0,0,970
에티오피아,202607,992,3,10,3,0,0,0,0,0,1118
에티오피아,소계,5341,6,41,5,3,0,0,0,0,5987
알제리,202601,48,0,3,2,0,0,0,0,0,53
알제리,202602,108,0,7,0,0,0,0,0,0,118
알제리,202603,69,1,0,0,0,0,0,0,0,70
알제리,202604,117,1,3,1,0,0,0,0,0,124
알제리,202605,138,6,8,0,0,0,0,0,0,152
알제리,202606,135,0,2,0,0,0,0,0,0,137
알제리,202607,150,1,12,1,1,0,0,0,0,168
알제리,소계,765,9,35,4,1,0,0,0,0,822
탄자니아,202601,23,0,4,1,0,0,0,0,0,36
탄자니아,202602,87,0,18,0,0,1,0,0,0,157
탄자니아,202603,54,0,1,1,0,0,0,0,0,96
탄자니아,202604,115,0,4,1,1,0,0,0,0,223
탄자니아,202605,170,0,10,0,0,0,0,0,0,285
탄자니아,202606,207,0,15,10,0,0,0,0,0,344
탄자니아,202607,153,0,14,1,0,0,0,0,0,252
탄자니아,소계,809,0,66,14,1,1,0,0,0,1393
앙골라,202601,9,0,0,0,0,0,0,0,0,9
앙골라,202602,9,0,1,0,0,0,0,0,0,10
앙골라,202603,13,0,0,0,0,0,0,0,0,16
앙골라,202604,13,2,0,0,0,0,0,0,0,20
앙골라,202605,22,0,0,0,0,0,0,0,0,22
앙골라,202606,20,0,0,1,0,0,0,0,0,21
앙골라,202607,33,0,5,0,0,0,0,0,0,38
앙골라,소계,119,2,6,1,0,0,0,0,0,136
카메룬,202601,19,0,2,0,0,0,0,0,0,21
카메룬,202602,22,0,0,0,0,0,0,0,0,22
카메룬,202603,30,0,1,0,0,0,0,0,0,45
카메룬,202604,33,0,3,1,0,0,0,0,0,56
카메룬,202605,45,0,0,0,0,0,0,0,0,65
카메룬,202606,45,0,0,0,1,0,0,0,0,64
카메룬,202607,47,0,2,0,0,0,0,0,0,73
카메룬,소계,241,0,8,1,1,0,0,0,0,346
우간다,202601,25,1,2,0,0,0,0,0,0,30
우간다,202602,38,0,1,0,0,0,0,0,0,47
우간다,202603,25,1,0,0,0,1,0,0,0,99
우간다,202604,53,0,2,0,1,0,0,0,0,105
우간다,202605,84,3,1,0,0,0,0,0,0,124
우간다,202606,35,0,1,6,0,0,0,0,0,77
우간다,202607,34,0,5,7,0,1,0,0,0,73
우간다,소계,294,5,12,13,1,2,0,0,0,555
모리셔스,202601,37,3,1,0,0,0,0,0,0,61
모리셔스,202602,25,1,3,0,0,0,0,0,0,88
모리셔스,202603,64,3,6,1,0,0,0,0,0,235
모리셔스,202604,124,15,3,3,0,0,0,0,0,346
모리셔스,202605,118,2,0,2,0,0,0,0,0,219
모리셔스,202606,59,3,9,5,0,0,0,0,0,187
모리셔스,202607,82,4,12,0,0,0,0,0,0,181
모리셔스,소계,509,31,34,11,0,0,0,0,0,1317
짐바브웨,202601,10,0,1,0,0,0,0,0,0,38
짐바브웨,202602,22,0,2,0,0,0,0,0,0,179
짐바브웨,202603,29,0,5,0,0,0,0,0,0,374
짐바브웨,202604,56,0,4,1,0,0,0,0,0,439
짐바브웨,202605,37,1,4,0,0,0,0,0,0,348
짐바브웨,202606,75,1,0,4,0,0,0,0,0,275
짐바브웨,202607,55,1,17,0,0,0,0,0,0,326
짐바브웨,소계,284,3,33,5,0,0,0,0,0,1979
코트디부아르,202601,11,0,0,1,0,1,0,0,0,15
코트디부아르,202602,37,0,4,0,0,0,0,0,0,53
코트디부아르,202603,13,2,1,0,0,0,0,0,0,23
코트디부아르,202604,43,0,0,0,0,0,0,0,0,47
코트디부아르,202605,75,0,0,0,0,0,0,0,0,83
코트디부아르,202606,38,1,1,1,0,0,0,0,0,45
코트디부아르,202607,74,0,12,0,0,0,0,0,0,91
코트디부아르,소계,291,3,18,2,0,1,0,0,0,357
콩고,202601,0,0,0,1,0,0,0,0,0,1
콩고,202602,4,0,0,0,0,0,0,0,0,4
콩고,202603,0,0,0,0,0,0,0,0,0,0
콩고,202604,10,0,0,0,0,0,0,0,0,12
콩고,202605,3,0,0,0,0,0,0,0,0,3
콩고,202606,4,0,0,3,0,0,0,0,0,7
콩고,202607,7,0,0,0,0,0,0,0,0,7
콩고,소계,28,0,0,4,0,0,0,0,0,34
세네갈,202601,24,0,0,0,1,0,0,0,0,25
세네갈,202602,27,1,2,0,0,0,0,0,0,30
세네갈,202603,25,0,0,0,0,0,0,0,0,25
세네갈,202604,72,0,1,0,0,0,0,0,0,73
세네갈,202605,21,0,0,0,0,0,0,0,0,21
세네갈,202606,29,0,0,0,0,0,0,0,0,29
세네갈,202607,54,0,6,0,0,0,0,0,0,60
세네갈,소계,252,1,9,0,1,0,0,0,0,263
베냉,202601,2,0,0,0,0,0,0,0,0,2
베냉,202602,3,0,0,0,0,0,0,0,0,3
베냉,202603,4,0,0,0,0,0,0,0,0,4
베냉,202604,11,0,0,0,0,0,0,0,0,11
베냉,202605,9,1,0,0,0,0,0,0,0,11
베냉,202606,8,0,0,1,0,0,0,0,0,9
베냉,202607,18,0,4,2,0,0,0,0,0,24
베냉,소계,55,1,4,3,0,0,0,0,0,64
기니,202601,5,0,0,0,0,0,0,0,0,6
기니,202602,5,0,0,1,0,0,0,0,0,12
기니,202603,5,0,0,0,0,0,0,0,0,8
기니,202604,5,0,0,1,0,0,0,0,0,6
기니,202605,18,0,0,0,0,0,0,0,0,18
기니,202606,10,0,0,0,0,0,0,0,0,10
기니,202607,15,0,3,0,0,0,0,0,0,21
기니,소계,63,0,3,2,0,0,0,0,0,81
가봉,202601,8,0,0,0,0,0,0,0,0,8
가봉,202602,13,0,0,0,0,0,0,0,0,13
가봉,202603,6,0,0,0,0,0,0,0,0,6
가봉,202604,17,0,0,0,0,0,0,0,0,17
가봉,202605,20,0,2,1,0,0,0,0,0,23
가봉,202606,18,0,0,0,0,0,0,0,0,18
가봉,202607,20,0,0,0,0,0,0,0,0,20
가봉,소계,102,0,2,1,0,0,0,0,0,105
콩고민주공화국,202601,19,1,0,0,0,0,0,0,0,20
콩고민주공화국,202602,42,1,0,0,0,0,0,0,0,43
콩고민주공화국,202603,42,0,0,0,0,0,0,0,0,45
콩고민주공화국,202604,55,0,1,0,0,0,0,0,0,57
콩고민주공화국,202605,20,2,0,0,0,0,0,0,0,22
콩고민주공화국,202606,52,0,0,0,0,0,0,0,0,52
콩고민주공화국,202607,41,0,0,0,0,0,0,0,0,41
콩고민주공화국,소계,271,4,1,0,0,0,0,0,0,280
라이베리아,202601,9,0,0,0,0,0,0,0,0,15
라이베리아,202602,9,2,2,0,0,0,0,0,0,13
라이베리아,202603,13,0,2,0,0,0,0,0,0,19
라이베리아,202604,20,0,0,0,0,0,0,0,0,20
라이베리아,202605,14,0,0,0,0,0,0,0,0,14
라이베리아,202606,13,0,0,1,0,0,0,0,0,14
라이베리아,202607,18,0,0,0,0,0,0,0,0,18
라이베리아,소계,96,2,4,1,0,0,0,0,0,113
카보베르데,202601,0,0,0,0,0,0,0,0,0,0
카보베르데,202602,6,0,0,0,0,0,0,0,0,8
카보베르데,202603,7,1,0,0,0,0,0,0,0,8
카보베르데,202604,9,1,0,0,0,0,0,0,0,11
카보베르데,202605,1,0,0,0,0,0,0,0,0,1
카보베르데,202606,3,1,0,1,0,0,0,0,0,5
카보베르데,202607,5,0,2,0,0,0,0,0,0,8
카보베르데,소계,31,3,2,1,0,0,0,0,0,41
잠비아,202601,12,0,9,0,0,0,0,0,0,21
잠비아,202602,4,0,0,0,0,0,0,0,0,4
잠비아,202603,30,0,0,0,0,0,0,0,0,31
잠비아,202604,47,0,0,0,0,0,0,0,0,52
잠비아,202605,29,0,0,0,0,0,0,0,0,41
잠비아,202606,26,0,0,1,0,0,0,0,0,42
잠비아,202607,65,0,5,1,0,0,0,0,0,96
잠비아,소계,213,0,14,2,0,0,0,0,0,287
말리,202601,11,0,0,1,0,0,0,0,0,12
말리,202602,5,0,0,0,0,0,0,0,0,5
말리,202603,5,1,0,0,0,0,0,0,0,6
말리,202604,9,0,0,0,0,0,0,0,0,9
말리,202605,9,0,0,0,0,0,0,0,0,9
말리,202606,12,0,1,0,0,0,0,0,0,13
말리,202607,6,0,2,0,1,0,0,0,0,9
말리,소계,57,1,3,1,1,0,0,0,0,63
세이셸,202601,0,0,0,0,0,0,0,0,0,0
세이셸,202602,4,0,0,0,0,0,0,0,0,5
세이셸,202603,1,0,0,0,0,0,0,0,0,1
세이셸,202604,5,0,0,0,0,0,0,0,0,5
세이셸,202605,5,0,3,0,0,0,0,0,0,8
세이셸,202606,7,0,0,0,0,0,0,0,0,8
세이셸,202607,11,0,4,0,0,0,0,0,0,15
세이셸,소계,33,0,7,0,0,0,0,0,0,42
마다가스카르,202601,10,0,1,1,0,0,0,0,0,54
마다가스카르,202602,34,0,0,0,0,0,0,0,0,272
마다가스카르,202603,11,0,2,3,0,0,0,0,0,221
마다가스카르,202604,29,0,9,0,0,0,0,0,0,232
마다가스카르,202605,25,0,2,0,0,0,0,0,0,292
마다가스카르,202606,33,0,1,3,0,0,0,0,0,176
마다가스카르,202607,27,0,1,0,0,0,0,0,0,262
마다가스카르,소계,169,0,16,7,0,0,0,0,0,1509
스와질란드,202601,7,0,3,0,0,0,0,0,0,10
스와질란드,202602,5,0,3,0,2,4,0,0,0,14
스와질란드,202603,5,0,0,0,0,1,0,0,0,6
스와질란드,202604,15,0,1,0,0,0,0,0,0,16
스와질란드,202605,6,0,1,0,0,0,0,0,0,7
스와질란드,202606,21,0,0,0,0,0,0,0,0,21
스와질란드,202607,22,1,0,0,0,0,0,0,0,23
스와질란드,소계,81,1,8,0,2,5,0,0,0,97
시에라리온,202601,1,0,0,0,0,0,0,0,0,1
시에라리온,202602,4,0,0,0,0,0,0,0,0,4
시에라리온,202603,5,0,0,0,0,0,0,0,0,5
시에라리온,202604,19,0,0,0,0,0,0,0,0,19
시에라리온,202605,8,0,0,0,0,0,0,0,0,8
시에라리온,202606,35,0,0,1,0,0,0,0,0,36
시에라리온,202607,4,0,1,0,0,0,0,0,0,5
시에라리온,소계,76,0,1,1,0,0,0,0,0,78
토고,202601,3,0,0,0,0,0,0,0,0,3
토고,202602,12,1,0,0,0,0,0,0,0,13
토고,202603,8,1,0,0,0,0,0,0,0,9
토고,202604,7,0,0,1,0,0,0,0,0,8
토고,202605,17,0,0,0,0,0,0,0,0,17
토고,202606,12,0,0,7,0,0,0,0,0,19
토고,202607,14,0,2,0,0,0,0,0,0,16
토고,소계,73,2,2,8,0,0,0,0,0,85
르완다,202601,31,0,0,2,0,0,0,0,0,40
르완다,202602,75,0,0,3,0,0,0,0,0,120
르완다,202603,96,0,0,0,0,0,0,0,0,118
르완다,202604,45,3,1,1,0,0,0,0,0,66
르완다,202605,46,0,7,1,0,0,0,0,0,91
르완다,202606,86,0,0,0,0,0,0,0,0,105
르완다,202607,79,0,1,0,0,0,0,0,0,102
르완다,소계,458,3,9,7,0,0,0,0,0,642
나미비아,202601,2,0,0,0,0,0,0,0,0,2
나미비아,202602,7,0,0,0,0,0,0,0,0,7
나미비아,202603,7,1,2,0,0,0,0,0,0,16
나미비아,202604,5,0,0,0,0,0,0,0,0,25
나미비아,202605,4,0,0,0,0,0,0,0,0,20
나미비아,202606,12,0,1,1,0,0,0,0,0,21
나미비아,202607,14,0,10,2,0,0,0,0,0,26
나미비아,소계,51,1,13,3,0,0,0,0,0,117
모잠비크,202601,16,0,4,0,0,0,0,0,0,21
모잠비크,202602,5,0,0,0,0,0,0,0,0,9
모잠비크,202603,5,0,1,0,0,0,0,0,0,14
모잠비크,202604,14,0,0,0,0,0,0,0,0,24
모잠비크,202605,27,0,1,0,0,0,0,0,0,43
모잠비크,202606,17,0,5,0,0,0,0,0,0,35
모잠비크,202607,23,0,7,0,0,0,0,0,0,43
모잠비크,소계,107,0,18,0,0,0,0,0,0,189
부르키나파소,202601,2,0,0,2,0,0,0,0,0,4
부르키나파소,202602,5,0,0,3,0,0,0,0,0,8
부르키나파소,202603,6,0,0,0,0,0,0,0,0,6
부르키나파소,202604,6,0,0,11,0,0,0,0,0,17
부르키나파소,202605,10,0,0,0,0,0,0,0,0,11
부르키나파소,202606,15,0,0,0,0,0,0,0,0,15
부르키나파소,202607,15,0,2,4,0,0,0,0,0,21
부르키나파소,소계,59,0,2,20,0,0,0,0,0,82
차드,202602,2,0,0,0,0,0,0,0,0,2
차드,202603,5,0,0,0,0,0,0,0,0,5
차드,202604,4,0,0,0,0,0,0,0,0,4
차드,202605,5,0,0,0,0,0,0,0,0,5
차드,202606,1,0,0,3,0,0,0,0,0,4
차드,202607,1,0,0,0,0,0,0,0,0,1
차드,소계,18,0,0,3,0,0,0,0,0,21
말라위,202601,18,0,0,0,0,0,0,0,0,18
말라위,202602,9,0,0,0,0,0,0,0,0,9
말라위,202603,10,0,0,0,0,0,0,0,0,25
말라위,202604,13,0,0,0,0,0,0,0,0,40
말라위,202605,24,0,1,0,0,0,0,0,0,67
말라위,202606,8,0,1,1,0,0,0,0,0,41
말라위,202607,18,0,4,0,0,0,0,0,0,74
말라위,소계,100,0,6,1,0,0,0,0,0,274
보츠와나,202601,8,0,0,0,0,0,0,0,0,8
보츠와나,202602,5,0,1,0,0,0,0,0,0,6
보츠와나,202603,12,0,2,0,0,0,0,0,0,19
보츠와나,202604,16,0,0,0,0,0,0,0,0,26
보츠와나,202605,15,0,0,0,0,0,0,0,0,17
보츠와나,202606,13,0,0,0,0,0,0,0,0,16
보츠와나,202607,18,0,0,1,0,0,0,0,0,20
보츠와나,소계,87,0,3,1,0,0,0,0,0,112
감비아,202601,4,0,0,0,0,0,0,0,0,8
감비아,202602,7,0,1,0,0,0,0,0,0,32
감비아,202603,6,0,0,0,0,0,0,0,0,41
감비아,202604,13,1,2,0,0,0,0,0,0,37
감비아,202605,5,0,3,0,0,0,0,0,0,76
감비아,202606,4,0,0,0,0,0,0,0,0,64
감비아,202607,2,0,1,0,0,0,0,0,0,81
감비아,소계,41,1,7,0,0,0,0,0,0,339
레소토,202601,1,0,0,0,0,0,0,0,0,1
레소토,202602,3,0,0,0,0,0,0,0,0,3
레소토,202603,1,0,0,0,0,0,0,0,0,2
레소토,202604,7,0,0,0,0,0,0,0,0,7
레소토,202605,4,0,0,0,0,0,0,0,0,4
레소토,202606,8,0,0,0,0,0,0,0,0,8
레소토,202607,6,1,1,0,0,0,0,0,0,9
레소토,소계,30,1,1,0,0,0,0,0,0,34
모리타니,202601,1,0,0,0,0,0,0,0,0,1
모리타니,202602,2,0,0,0,0,0,0,0,0,7
모리타니,202603,2,0,0,0,0,0,0,0,0,7
모리타니,202604,3,0,0,0,0,0,0,0,0,5
모리타니,202605,5,0,0,0,0,0,0,0,0,9
모리타니,202606,8,0,0,0,0,0,0,0,0,10
모리타니,202607,2,0,0,0,0,0,0,0,0,2
모리타니,소계,23,0,0,0,0,0,0,0,0,41
부룬디,202601,28,0,1,1,0,0,0,0,0,30
부룬디,202602,77,0,1,2,0,0,0,0,0,80
부룬디,202603,97,0,0,2,0,0,0,0,0,99
부룬디,202604,28,0,0,3,0,0,0,0,0,31
부룬디,202605,13,2,0,0,0,0,0,0,0,15
부룬디,202606,21,0,0,1,0,0,0,0,0,22
부룬디,202607,23,0,0,0,0,0,0,0,0,23
부룬디,소계,287,2,2,9,0,0,0,0,0,300
기니비사우,202601,1,0,0,0,0,0,0,0,0,1
기니비사우,202602,0,0,0,0,0,0,0,0,0,0
기니비사우,202604,1,0,0,0,0,0,0,0,0,1
기니비사우,202605,0,0,0,1,0,0,0,0,0,1
기니비사우,202606,2,0,0,3,0,0,0,0,0,5
기니비사우,202607,1,0,0,0,0,0,0,0,0,1
기니비사우,소계,5,0,0,4,0,0,0,0,0,9
중앙아프리카공화국,202601,1,0,0,0,0,0,0,0,0,1
중앙아프리카공화국,202602,9,0,0,0,0,0,0,0,0,9
중앙아프리카공화국,202603,2,0,0,0,0,0,0,0,0,2
중앙아프리카공화국,202604,1,0,0,0,0,0,0,0,0,1
중앙아프리카공화국,202605,5,0,0,0,0,0,0,0,0,5
중앙아프리카공화국,202606,0,1,0,0,0,0,0,0,0,1
중앙아프리카공화국,202607,4,0,0,0,0,0,0,0,0,4
중앙아프리카공화국,소계,22,1,0,0,0,0,0,0,0,23
에리트레아,202601,0,0,0,0,0,0,0,0,0,0
에리트레아,202602,2,0,0,0,0,0,0,0,0,2
에리트레아,202603,0,0,0,0,0,0,0,0,0,0
에리트레아,202604,0,0,0,1,0,0,0,0,0,1
에리트레아,202605,3,0,0,0,0,0,0,0,0,3
에리트레아,202606,1,0,0,0,0,0,0,0,0,1
에리트레아,202607,1,0,1,0,0,0,0,0,0,2
에리트레아,소계,7,0,1,1,0,0,0,0,0,9
상투메프린시페,202604,3,0,0,0,0,0,0,0,0,3
상투메프린시페,202607,0,0,1,0,0,0,0,0,0,1
상투메프린시페,소계,3,0,1,0,0,0,0,0,0,4
소말리아,202601,2,0,0,0,0,0,0,0,0,2
소말리아,202602,0,0,0,0,0,0,0,0,0,0
소말리아,202603,0,0,0,0,0,0,0,0,0,0
소말리아,202604,6,0,0,0,0,0,0,0,0,6
소말리아,202605,6,0,0,0,0,0,0,0,0,6
소말리아,202606,4,0,0,0,0,0,0,0,0,4
소말리아,202607,2,0,0,0,0,0,0,0,0,2
소말리아,소계,20,0,0,0,0,0,0,0,0,20
코모로,202601,1,0,0,0,0,0,0,0,0,1
코모로,202602,0,0,0,0,0,0,0,0,0,0
코모로,202603,1,0,0,0,0,0,0,0,0,1
코모로,202604,1,0,0,0,0,0,0,0,0,1
코모로,202605,3,0,0,0,0,0,0,0,0,3
코모로,202606,1,0,0,0,0,0,0,0,0,1
코모로,202607,8,0,28,0,0,0,0,0,0,36
코모로,소계,15,0,28,0,0,0,0,0,0,43
니제르,202602,0,0,0,0,0,0,0,0,0,0
니제르,202603,0,0,0,0,0,0,0,0,0,0
니제르,202604,3,0,0,0,0,0,0,0,0,3
니제르,202605,3,0,0,0,0,0,0,0,0,3
니제르,202606,5,0,0,0,0,0,0,0,0,5
니제르,202607,7,0,0,0,0,0,0,0,0,7
니제르,소계,18,0,0,0,0,0,0,0,0,18
적도기니,202601,0,0,1,0,0,0,0,0,0,1
적도기니,202602,3,0,0,0,0,0,0,0,0,3
적도기니,202603,0,0,0,0,0,0,0,0,0,0
적도기니,202604,2,0,0,0,0,0,0,0,0,3
적도기니,202605,2,0,1,0,0,0,0,0,0,3
적도기니,202606,0,0,1,0,0,0,0,0,0,1
적도기니,202607,1,0,2,0,0,0,0,0,0,3
적도기니,소계,8,0,5,0,0,0,0,0,0,14
지부티,202601,1,0,0,0,0,0,0,0,0,1
지부티,202603,0,0,0,0,0,0,0,0,0,2
지부티,202604,1,0,0,0,0,0,0,0,0,3
지부티,202605,0,0,0,0,0,0,0,0,0,2
지부티,202606,0,0,0,0,0,0,0,0,0,2
지부티,202607,0,0,0,0,0,0,0,0,0,2
지부티,소계,2,0,0,0,0,0,0,0,0,12
남수단공화국,202601,6,0,0,0,0,0,0,0,0,6
남수단공화국,202602,6,0,0,0,0,0,0,0,0,6
남수단공화국,202603,4,0,0,0,0,0,0,0,0,4
남수단공화국,202604,2,0,0,0,0,0,0,0,0,2
남수단공화국,202605,12,0,0,0,0,0,0,0,0,12
남수단공화국,202606,13,0,0,0,0,0,0,0,0,13
남수단공화국,202607,16,0,1,0,0,0,0,0,0,17
남수단공화국,소계,59,0,1,0,0,0,0,0,0,60
아프리카주,소계,30335,430,1443,370,119,32,0,0,0,46718
교포,202601,889,260,163,39,18,9,0,0,0,1388
교포,202602,830,198,134,38,15,11,0,0,0,1234
교포,202603,1076,263,249,83,19,20,0,0,0,1719
교포,202604,1028,281,231,66,29,16,0,0,0,1670
교포,202605,910,264,227,60,16,13,0,0,0,1502
교포,202606,848,284,179,57,15,11,0,0,0,1402
교포,202607,653,190,151,32,22,11,0,0,0,1070
교포,소계,6234,1740,1334,375,134,91,0,0,0,9985
미상,202601,7,0,1,0,0,0,0,0,0,8
미상,202602,12,0,0,0,0,0,0,0,0,19
미상,202603,16,0,2,0,0,0,0,0,0,32
미상,202604,11,0,0,0,0,0,0,0,0,22
미상,202605,15,0,3,1,0,0,0,0,0,32
미상,202606,8,0,2,0,0,0,0,0,0,14
미상,202607,5,0,0,0,0,0,0,0,0,23
미상,소계,74,0,8,1,0,0,0,0,0,150
기타,소계,6308,1740,1342,376,134,91,0,0,0,10135
전체,전체,8051935,833657,1230011,1004717,67461,79167,0,1,0,12803142