{"type":"FeatureCollection","crs":{"type":"name","properties":{"name":"urn:ogc:def:crs:EPSG::5179"}},"features":[{"type":"Feature","properties":{"sgis_cd":"33020","datalab_cd":"43130","name":"충주시"},"geometry":{"type":"Polygon","coordinates":[[[1021662,1912518],[1021674,1912110],[1021876,1911309],[1021995,1911310],[1022090,1910914],[1022200,1910207],[1022135,1910115],[1022283,1909329],[1022371,1909273],[1022446,1908929],[1022650,1908334],[1022685,1908107],[1022896,1907748],[1023100,1907519],[1023573,1906745],[1023756,1906612],[1024057,1906293],[1024389,1906062],[1024792,1905697],[1025516,1905207],[1025561,1905097],[1025712,1905006],[1025942,1905148],[1026052,1905265],[1026241,1905212],[1026435,1905239],[1026789,1905104],[1027258,1905416],[1027499,1905418],[1027671,1905356],[1028138,1905412],[1028877,1905996],[1029054,1905979],[1029282,1906044],[1029701,1905943],[1029962,1905926],[1030066,1905989],[1030848,1906080],[1031022,1906147],[1031084,1906218],[1031190,1906694],[1031274,1906856],[1031363,1906897],[1031462,1906908],[1031546,1906861],[1031547,1906637],[1031600,1906475],[1031897,1906461],[1032082,1906352],[1032127,1906418],[1032086,1906781],[1032138,1906984],[1032335,1907133],[1032602,1907124],[1032814,1907295],[1033026,1907353],[1033300,1907290],[1033370,1907217],[1033655,1907073],[1033753,1907124],[1034323,1906996],[1034484,1906838],[1034626,1906777],[1034679,1906791],[1034758,1906672],[1034977,1906563],[1035111,1906447],[1035422,1905750],[1035687,1906017],[1035688,1906128],[1035861,1906546],[1035874,1906744],[1035823,1906888],[1036064,1907076],[1036148,1907465],[1036254,1907587],[1036279,1907675],[1036525,1907721],[1036715,1907837],[1036847,1907873],[1037360,1907541],[1037631,1907294],[1037851,1907505],[1037979,1907360],[1038143,1907385],[1038327,1907302],[1038455,1907352],[1038536,1907265],[1038830,1907339],[1039003,1907331],[1039302,1907107],[1039548,1907184],[1039639,1907156],[1039725,1907191],[1039969,1907073],[1040151,1907152],[1040344,1907139],[1040403,1907065],[1040805,1906979],[1040811,1906868],[1040877,1906791],[1041163,1906651],[1041322,1906683],[1041336,1906633],[1041584,1906488],[1041575,1906342],[1041647,1906231],[1041719,1905972],[1041839,1905877],[1041862,1905764],[1041833,1905715],[1041895,1905590],[1041865,1905527],[1041883,1905361],[1041774,1905043],[1041794,1904930],[1041827,1904890],[1042069,1904866],[1042176,1904936],[1042217,1904874],[1042404,1904810],[1042519,1904507],[1042691,1904258],[1042780,1903868],[1042866,1903720],[1043164,1903762],[1043224,1903724],[1043268,1903469],[1043112,1903224],[1043091,1903041],[1043105,1902949],[1043190,1902859],[1043177,1902519],[1043060,1902277],[1043114,1902082],[1043080,1901923],[1043147,1901740],[1043125,1901641],[1043169,1901557],[1043281,1901480],[1043661,1901459],[1043812,1901386],[1043909,1901266],[1044035,1901369],[1044352,1901179],[1044388,1900917],[1044565,1900317],[1044775,1900098],[1044879,1900147],[1045051,1900147],[1045292,1900110],[1045380,1900048],[1045598,1900070],[1045453,1900223],[1045459,1900352],[1045400,1900465],[1045520,1900633],[1045542,1900812],[1045487,1900967],[1045497,1901121],[1045616,1901442],[1045806,1901521],[1046012,1901855],[1046188,1902263],[1046346,1902117],[1046537,1902024],[1047391,1901834],[1047656,1901623],[1047724,1901607],[1047945,1901672],[1048305,1902021],[1048442,1902032],[1048519,1901964],[1048549,1901610],[1048733,1901222],[1048691,1901076],[1048485,1900999],[1048472,1900824],[1048636,1900591],[1049008,1900210],[1049114,1899956],[1049713,1900035],[1049912,1900020],[1050039,1899930],[1050051,1899852],[1049731,1899354],[1049675,1899127],[1049705,1899062],[1049832,1899014],[1049830,1898826],[1049923,1898816],[1050033,1898871],[1050379,1898722],[1050579,1898795],[1050681,1898719],[1050826,1898723],[1050965,1898599],[1051167,1898569],[1051288,1898409],[1051472,1898346],[1051641,1898098],[1051733,1898037],[1051778,1897878],[1052022,1897655],[1052029,1897538],[1051923,1897437],[1051804,1897406],[1051828,1897241],[1051742,1897068],[1051916,1896794],[1051955,1896652],[1052077,1896507],[1052065,1896334],[1051985,1896116],[1051925,1896072],[1051933,1895970],[1051841,1895880],[1051797,1895766],[1051904,1895377],[1051636,1894586],[1051759,1894571],[1051821,1894501],[1051822,1894346],[1051976,1894146],[1051976,1893944],[1051889,1893881],[1051888,1893538],[1051953,1893408],[1052087,1893317],[1052159,1893197],[1052368,1892699],[1052352,1892639],[1052239,1892555],[1052134,1892346],[1052266,1892258],[1052302,1892060],[1052484,1891929],[1052519,1891808],[1052273,1891742],[1052154,1891614],[1052089,1891436],[1052259,1891355],[1052383,1891211],[1052271,1890896],[1052196,1890815],[1052164,1890421],[1051689,1890192],[1051580,1890039],[1051577,1889951],[1051377,1889917],[1051292,1889813],[1051265,1889599],[1051288,1889447],[1051454,1889306],[1051509,1888808],[1051600,1888795],[1051631,1888744],[1051904,1888756],[1051967,1888719],[1052003,1888654],[1052052,1888155],[1052124,1888086],[1052510,1888056],[1052528,1887739],[1052589,1887618],[1052613,1887242],[1052572,1886946],[1052544,1886938],[1052205,1885484],[1052297,1884926],[1052253,1884317],[1052282,1884152],[1052227,1883779],[1052075,1883420],[1051795,1883474],[1051206,1883669],[1050459,1884218],[1050248,1884545],[1050130,1884637],[1049918,1884701],[1049853,1884785],[1049674,1884781],[1049359,1884634],[1048846,1884348],[1048814,1884283],[1048299,1884143],[1048107,1884134],[1048309,1884009],[1048359,1883755],[1048330,1883508],[1048237,1883507],[1048274,1883391],[1048296,1882711],[1048355,1882503],[1048604,1882230],[1048852,1882060],[1048918,1882064],[1049005,1881976],[1049499,1881808],[1049750,1881638],[1049868,1881366],[1049943,1880668],[1050102,1880327],[1050874,1879788],[1051016,1879589],[1050976,1879338],[1050745,1879390],[1050444,1879159],[1050612,1878673],[1050495,1878523],[1050466,1878326],[1050466,1878128],[1050531,1877998],[1050474,1877848],[1050381,1877742],[1050458,1877434],[1050305,1877237],[1049914,1876875],[1049818,1876721],[1049959,1876595],[1049946,1876451],[1049496,1876173],[1049451,1875904],[1049285,1875740],[1049253,1875490],[1049102,1875021],[1048621,1874830],[1048564,1874679],[1048562,1874438],[1048448,1874230],[1048529,1874058],[1048491,1873945],[1048361,1873788],[1048009,1873640],[1047874,1873430],[1047745,1873109],[1047859,1872745],[1047981,1872743],[1048111,1872587],[1048301,1872512],[1048462,1872383],[1048709,1872319],[1049104,1872108],[1049274,1872085],[1049503,1871938],[1049762,1871873],[1049825,1871399],[1049978,1871263],[1050106,1871225],[1050172,1871247],[1050486,1871771],[1050713,1872047],[1050938,1872113],[1051217,1872269],[1051308,1872268],[1051689,1872461],[1052065,1872523],[1052342,1872748],[1052522,1872576],[1052727,1872489],[1052774,1872141],[1052861,1872030],[1052861,1871893],[1052939,1871773],[1053015,1871238],[1052958,1871125],[1053016,1871065],[1053035,1870952],[1053228,1870861],[1053287,1870755],[1053553,1870730],[1053712,1870610],[1053937,1870561],[1054142,1870440],[1054459,1870390],[1054660,1870427],[1054861,1870562],[1055084,1870609],[1055478,1870808],[1055868,1870821],[1056239,1870660],[1056496,1870696],[1056535,1870213],[1056454,1870095],[1056255,1869958],[1056173,1869846],[1056088,1869807],[1055857,1869827],[1055530,1869633],[1055206,1869606],[1055156,1869433],[1054662,1869377],[1054391,1869426],[1054339,1868841],[1054390,1868794],[1054254,1868542],[1054248,1868202],[1054152,1867854],[1054043,1867702],[1053695,1867738],[1053471,1867604],[1053315,1867575],[1053188,1867451],[1053110,1867478],[1052895,1867353],[1052947,1866678],[1052642,1866660],[1052456,1866725],[1052084,1866952],[1052112,1867161],[1052084,1867277],[1052190,1867377],[1052218,1867497],[1051975,1867787],[1051601,1868025],[1051481,1868244],[1051342,1868315],[1051000,1868638],[1050899,1868637],[1050603,1868881],[1050320,1868954],[1050254,1868900],[1050042,1868921],[1049878,1868835],[1049701,1868934],[1049663,1868920],[1049550,1869078],[1049469,1869128],[1049278,1869086],[1049185,1869121],[1048959,1869395],[1048918,1869385],[1048805,1869476],[1048359,1869293],[1048072,1869381],[1047835,1869735],[1047753,1869772],[1047285,1869812],[1047140,1869761],[1046733,1869882],[1046643,1869746],[1046719,1869573],[1046661,1869471],[1046572,1868927],[1046735,1868692],[1046651,1868454],[1046534,1868321],[1046483,1868138],[1046220,1867914],[1046082,1867871],[1045819,1867966],[1045705,1867882],[1045634,1867746],[1045472,1867812],[1044926,1868163],[1044780,1868143],[1044611,1868227],[1044400,1868423],[1043936,1868390],[1043404,1868726],[1043283,1868767],[1043026,1868752],[1043087,1868962],[1042965,1869228],[1043021,1869418],[1042972,1869578],[1042450,1869606],[1042127,1869801],[1042065,1869898],[1042055,1870087],[1042188,1870280],[1042307,1870659],[1042383,1870808],[1042547,1870987],[1042413,1871206],[1042292,1871644],[1042233,1871639],[1042105,1871766],[1042018,1871961],[1041928,1871996],[1041936,1872247],[1041624,1872624],[1041710,1872865],[1041726,1873111],[1041801,1873266],[1041710,1873372],[1041840,1873557],[1041243,1873808],[1041058,1874195],[1040756,1874441],[1040704,1874559],[1040465,1874654],[1040099,1874982],[1039965,1875039],[1039795,1874992],[1039701,1875117],[1039671,1875273],[1039699,1875352],[1039830,1875435],[1039915,1875561],[1039895,1875673],[1040048,1876158],[1040269,1876365],[1040211,1876532],[1040085,1876616],[1039737,1876737],[1039212,1876695],[1038983,1876771],[1038779,1876698],[1038911,1876822],[1038689,1876713],[1038750,1876687],[1038652,1876655],[1038431,1876725],[1038396,1876689],[1038350,1876716],[1038247,1876511],[1038091,1876440],[1038049,1876340],[1038005,1876342],[1037810,1876152],[1037410,1875974],[1037226,1875944],[1036999,1876172],[1036864,1876454],[1036537,1876546],[1036468,1876469],[1036397,1876472],[1036043,1876623],[1035962,1876702],[1035966,1877154],[1035920,1877217],[1035923,1877325],[1035748,1877597],[1035699,1877751],[1035645,1877642],[1035280,1877255],[1035099,1877145],[1034131,1876941],[1033991,1877571],[1033162,1877540],[1032987,1877646],[1032775,1877703],[1032430,1877607],[1032150,1877963],[1032061,1878002],[1031923,1878570],[1031629,1878826],[1031432,1878910],[1031396,1879052],[1031320,1879066],[1031262,1879022],[1030827,1879046],[1030644,1879192],[1030621,1879255],[1030418,1879262],[1030335,1879380],[1030211,1879415],[1030101,1879533],[1030263,1879774],[1030471,1879949],[1030280,1880218],[1030361,1880354],[1030497,1880424],[1030444,1880604],[1030496,1880667],[1030499,1880836],[1030562,1880970],[1030548,1881093],[1030266,1881349],[1030073,1881357],[1029981,1881399],[1029868,1881339],[1029810,1881436],[1029803,1881569],[1029705,1881692],[1029603,1881728],[1029587,1881905],[1029548,1881940],[1029591,1882114],[1029693,1882165],[1029647,1882437],[1029527,1882473],[1029424,1882433],[1029333,1882504],[1029046,1882497],[1029011,1882691],[1028909,1882668],[1028855,1882761],[1028633,1882831],[1028588,1882737],[1028521,1882722],[1028514,1882610],[1028439,1882568],[1028138,1882589],[1028047,1882509],[1027776,1882529],[1027555,1882400],[1027452,1882563],[1027350,1882622],[1027363,1882916],[1027299,1883105],[1026959,1883184],[1026792,1883280],[1026696,1883278],[1026583,1883184],[1026388,1883187],[1026261,1883098],[1026256,1882894],[1026159,1882780],[1026081,1882766],[1026125,1882521],[1026063,1882384],[1025969,1882292],[1025567,1882109],[1025322,1882186],[1025178,1882086],[1025087,1881916],[1025019,1881869],[1024841,1881800],[1024713,1881807],[1024541,1881698],[1024410,1881745],[1024319,1881853],[1024225,1881888],[1024200,1882011],[1024049,1882078],[1023961,1882286],[1023899,1882299],[1023758,1882473],[1023583,1882410],[1023488,1882530],[1023361,1882885],[1023219,1882963],[1023492,1883137],[1023378,1883371],[1023023,1883681],[1022981,1883852],[1022872,1883917],[1022824,1883878],[1022762,1884001],[1022773,1884097],[1022729,1884066],[1022651,1884080],[1022520,1884423],[1022266,1884186],[1022166,1884213],[1021826,1884155],[1021775,1883990],[1021589,1883924],[1021471,1883818],[1021304,1883802],[1021075,1884003],[1020850,1883933],[1020735,1883942],[1020683,1884142],[1020525,1884296],[1020472,1884418],[1020195,1884539],[1020071,1884421],[1020010,1884486],[1019805,1884572],[1019769,1884502],[1019460,1884526],[1019411,1884470],[1019253,1884466],[1019097,1884765],[1018747,1884925],[1018704,1885133],[1018620,1885178],[1018450,1885172],[1018324,1885282],[1018273,1885462],[1018160,1885649],[1018101,1885898],[1018138,1885972],[1017847,1886171],[1017741,1886204],[1017582,1886186],[1017498,1886260],[1017311,1886298],[1017348,1886469],[1017316,1886505],[1017322,1886646],[1017278,1886698],[1017169,1886772],[1016981,1886810],[1016609,1887018],[1016675,1887175],[1016673,1887354],[1016581,1887508],[1016422,1887528],[1016379,1887493],[1016229,1887496],[1016203,1887451],[1015943,1887501],[1015824,1887563],[1015686,1887569],[1015574,1887489],[1015452,1887529],[1015319,1887502],[1015156,1887718],[1015017,1887732],[1014937,1887636],[1014840,1887594],[1014733,1887362],[1014600,1887313],[1014574,1887268],[1014676,1887338],[1014570,1887219],[1014690,1887276],[1014661,1887183],[1014706,1887152],[1014732,1887237],[1014768,1887200],[1014820,1887296],[1014892,1887274],[1014895,1887240],[1014939,1887291],[1015000,1887232],[1014961,1887119],[1015009,1887187],[1015053,1887153],[1015054,1887108],[1014959,1887071],[1015040,1887096],[1015042,1887057],[1014882,1886908],[1014892,1886855],[1014911,1886873],[1014870,1886703],[1014399,1886560],[1014345,1886611],[1014194,1886623],[1013873,1886831],[1013847,1886904],[1013589,1887143],[1013447,1887160],[1013433,1887275],[1013677,1887577],[1013678,1887635],[1013586,1887763],[1013606,1887948],[1013575,1888146],[1013744,1888464],[1013634,1888790],[1013823,1889031],[1013846,1889125],[1013796,1889223],[1013969,1889309],[1014005,1889402],[1014152,1889453],[1014727,1889411],[1014698,1889546],[1014509,1889549],[1014222,1889968],[1014190,1890202],[1013993,1890280],[1013980,1890417],[1013887,1890533],[1013988,1890639],[1013903,1890834],[1013966,1890902],[1013998,1891086],[1014177,1891221],[1014317,1891454],[1014476,1891576],[1014643,1891643],[1014613,1891852],[1014661,1892026],[1014612,1892461],[1014807,1892626],[1014816,1892691],[1014893,1892754],[1014999,1892763],[1015141,1892883],[1015300,1892917],[1015258,1893204],[1015304,1893289],[1015294,1893531],[1015455,1893615],[1015734,1893968],[1015972,1894016],[1016144,1894189],[1016329,1894220],[1016508,1894329],[1016585,1894404],[1016577,1894542],[1016626,1894616],[1016882,1894789],[1016913,1894905],[1016997,1894962],[1016955,1895114],[1016983,1895202],[1016917,1895316],[1016942,1895425],[1016872,1895555],[1016916,1895659],[1016907,1895760],[1016823,1895920],[1016850,1896060],[1016786,1896358],[1016809,1896444],[1016670,1896650],[1016646,1896965],[1016577,1897200],[1016482,1897256],[1016431,1897353],[1016289,1897427],[1016259,1897494],[1016312,1897742],[1016459,1897852],[1016498,1897962],[1016585,1898053],[1017081,1898097],[1017095,1898296],[1017193,1898566],[1017411,1898760],[1017486,1899001],[1017715,1899241],[1017785,1899674],[1017596,1899971],[1017608,1900103],[1017656,1900146],[1017766,1900134],[1017853,1900501],[1017943,1900507],[1018179,1900626],[1018294,1900747],[1018671,1900792],[1018783,1900822],[1018795,1900871],[1018895,1900878],[1018888,1901002],[1018953,1901176],[1019091,1901280],[1019180,1901244],[1019230,1901283],[1019304,1901238],[1019346,1901328],[1019591,1901361],[1019645,1901403],[1019619,1901428],[1019643,1901540],[1019796,1901812],[1019800,1901940],[1019730,1902010],[1019734,1902483],[1019591,1902732],[1019385,1902941],[1019255,1902999],[1019066,1903008],[1018833,1903253],[1018822,1903369],[1018713,1903493],[1018661,1903624],[1018739,1903774],[1018617,1904131],[1018329,1904285],[1018232,1904264],[1018042,1904349],[1017787,1904362],[1017486,1904525],[1017277,1904746],[1017236,1905227],[1017317,1905378],[1017272,1905585],[1017334,1905853],[1017426,1905951],[1017623,1906004],[1017810,1906121],[1018138,1906565],[1018115,1906686],[1018192,1906900],[1018141,1906956],[1018185,1907124],[1018187,1907661],[1018342,1907917],[1018355,1908013],[1018498,1908022],[1018612,1908180],[1018611,1908302],[1018714,1908502],[1018676,1908573],[1018740,1908671],[1018849,1908692],[1018909,1908858],[1018988,1908875],[1019066,1909074],[1019042,1909172],[1019172,1909247],[1019227,1909308],[1019253,1909428],[1019318,1909473],[1019663,1909388],[1019721,1909252],[1019777,1909223],[1020097,1909331],[1020116,1909510],[1020178,1909575],[1020233,1909768],[1020229,1909899],[1020263,1909908],[1020208,1910085],[1020267,1910358],[1020416,1910488],[1020480,1910620],[1020453,1910693],[1020541,1910717],[1020634,1910804],[1020630,1911062],[1020663,1911135],[1020607,1911255],[1020641,1911331],[1020604,1911422],[1020723,1911487],[1020750,1911584],[1020803,1911620],[1020836,1911787],[1020904,1911884],[1020875,1912165],[1020930,1912193],[1021006,1912401],[1021121,1912487],[1021181,1912478],[1021335,1912602],[1021454,1912623],[1021605,1912889],[1021660,1912921],[1021706,1912869],[1021723,1912719],[1021662,1912518]]]}},{"type":"Feature","properties":{"sgis_cd":"33030","datalab_cd":"43150","name":"제천시"},"geometry":{"type":"Polygon","coordinates":[[[1042689,1917663],[1042796,1917661],[1042845,1917726],[1043048,1917804],[1043180,1917772],[1043480,1917515],[1043699,1917441],[1043829,1917302],[1043929,1917384],[1044251,1917447],[1044376,1917290],[1044453,1917309],[1044842,1917168],[1044910,1917191],[1045047,1917148],[1045140,1916985],[1045303,1916917],[1045460,1916658],[1045578,1916587],[1045741,1916549],[1045815,1916572],[1045964,1916442],[1046050,1916294],[1046116,1915961],[1046117,1915428],[1046208,1915016],[1046225,1914733],[1046398,1914216],[1046648,1914255],[1046727,1914158],[1046815,1914163],[1046911,1914094],[1047208,1914017],[1047202,1913745],[1047273,1913610],[1047326,1913543],[1047561,1913443],[1047801,1913159],[1047813,1913012],[1047655,1912865],[1047636,1912794],[1047300,1912576],[1047275,1912344],[1047130,1912243],[1047077,1912156],[1046990,1911783],[1046886,1911712],[1046881,1911633],[1046990,1911472],[1047178,1911303],[1047233,1911159],[1047234,1910698],[1047273,1910614],[1047474,1910331],[1047680,1910190],[1048023,1910160],[1048262,1910372],[1048552,1910235],[1048798,1910230],[1048976,1910379],[1049234,1910448],[1049452,1910618],[1049742,1910736],[1049957,1910596],[1050212,1910717],[1050590,1910785],[1050766,1910786],[1050936,1910634],[1051163,1910722],[1051257,1910702],[1051974,1911075],[1052205,1911341],[1052587,1911329],[1052807,1911401],[1052838,1911460],[1052931,1911467],[1053179,1911620],[1053275,1911613],[1053691,1911834],[1053805,1911956],[1054023,1912053],[1054071,1912152],[1054277,1912292],[1054288,1912410],[1054228,1912545],[1054323,1912616],[1054494,1912869],[1054501,1913114],[1054584,1913268],[1054544,1913465],[1054608,1913671],[1054866,1913957],[1055212,1914222],[1055163,1914356],[1055072,1914453],[1055113,1914496],[1055133,1914679],[1055291,1914861],[1055403,1915179],[1055468,1915259],[1055671,1915226],[1055705,1915157],[1055845,1915174],[1055924,1915013],[1056086,1914862],[1056090,1914780],[1056143,1914737],[1056635,1914760],[1056822,1914714],[1056955,1914610],[1056983,1914137],[1057277,1913863],[1057390,1913917],[1057561,1913736],[1057744,1913743],[1057895,1913379],[1058040,1913204],[1058085,1913183],[1058382,1913257],[1058688,1913158],[1058822,1912987],[1058919,1912927],[1058958,1912944],[1059185,1913095],[1059182,1913141],[1059293,1913224],[1059414,1913430],[1059633,1913456],[1059715,1913572],[1059663,1914223],[1059755,1914295],[1059972,1914603],[1059755,1914897],[1059796,1915074],[1059925,1915139],[1059963,1915199],[1060061,1915223],[1060160,1915403],[1060687,1915710],[1061477,1916488],[1061609,1916545],[1061780,1916546],[1062099,1916715],[1062184,1916907],[1062772,1916895],[1062803,1916800],[1062991,1916561],[1063149,1916514],[1063381,1916595],[1063417,1916322],[1063397,1916125],[1063889,1915958],[1064027,1915716],[1064038,1915625],[1064115,1915519],[1064117,1915408],[1064253,1915144],[1064420,1915134],[1064506,1914955],[1064635,1914841],[1064625,1914602],[1064692,1914552],[1065028,1914493],[1065086,1914552],[1065155,1914530],[1065260,1914675],[1065416,1914752],[1065430,1914703],[1065567,1914725],[1065680,1914656],[1065728,1914546],[1065977,1914500],[1066029,1914448],[1066366,1914718],[1066551,1914808],[1066614,1914790],[1066704,1914640],[1066768,1914613],[1066767,1914521],[1066883,1914389],[1066886,1914292],[1067169,1913999],[1067093,1913938],[1066999,1913969],[1067013,1913934],[1067071,1913892],[1067179,1913948],[1067246,1913869],[1067412,1913335],[1067582,1913083],[1068013,1912695],[1068061,1912528],[1068183,1912399],[1068415,1912497],[1068577,1912618],[1068749,1912596],[1069081,1912648],[1069250,1912575],[1069434,1912671],[1069561,1912662],[1069622,1912828],[1069932,1913207],[1070207,1913158],[1070416,1913308],[1070508,1913274],[1070534,1913315],[1070716,1913354],[1070978,1913345],[1071101,1913419],[1071304,1913414],[1071409,1913461],[1071684,1913448],[1071789,1913488],[1071877,1913689],[1072189,1913996],[1072219,1914072],[1072444,1914152],[1072421,1914047],[1072632,1913960],[1072756,1913763],[1072840,1913708],[1073091,1913696],[1073175,1913583],[1073380,1913429],[1073549,1913432],[1073640,1913368],[1073943,1913321],[1073902,1913182],[1073695,1912870],[1073634,1912637],[1073639,1912432],[1073541,1912239],[1073537,1912078],[1073626,1911921],[1073623,1911817],[1073435,1911520],[1073433,1911399],[1073339,1911264],[1073209,1911230],[1073189,1911283],[1072987,1911378],[1072905,1911292],[1072930,1911067],[1072667,1911163],[1072336,1911196],[1072334,1911236],[1072186,1911196],[1072140,1911005],[1072217,1910814],[1072156,1910571],[1072264,1910445],[1071989,1910425],[1071937,1910147],[1071775,1910161],[1071754,1910058],[1071687,1909997],[1071575,1910025],[1071538,1910114],[1071242,1910062],[1071003,1909723],[1070801,1909729],[1070622,1909687],[1070665,1909152],[1070777,1908896],[1070779,1908661],[1070850,1908399],[1070655,1908385],[1070325,1908261],[1070106,1908225],[1069940,1908351],[1069461,1908401],[1069343,1908579],[1069104,1908437],[1068916,1908496],[1068884,1908316],[1068685,1908157],[1068645,1908013],[1068426,1907790],[1068368,1907626],[1068401,1907281],[1068041,1907223],[1067874,1907126],[1068008,1906845],[1068035,1906641],[1068127,1906642],[1068426,1906445],[1068578,1906105],[1068579,1905860],[1068756,1905641],[1068978,1905551],[1069056,1905332],[1069266,1905146],[1069436,1905214],[1069688,1905226],[1069714,1905139],[1069768,1905148],[1070063,1905016],[1070218,1904864],[1070401,1904804],[1070673,1904444],[1070711,1904244],[1070902,1904245],[1071025,1904192],[1071059,1904005],[1071156,1903924],[1071257,1903728],[1071368,1903663],[1071394,1903591],[1071339,1903443],[1071382,1903189],[1071363,1902892],[1071444,1902373],[1071591,1902175],[1071819,1902066],[1071872,1901778],[1071827,1901550],[1071657,1901450],[1071588,1901208],[1071618,1901025],[1071502,1900785],[1071428,1900489],[1071150,1900288],[1071088,1900283],[1070980,1900385],[1070899,1900313],[1070677,1900289],[1070552,1900231],[1070430,1900408],[1070256,1900543],[1069940,1900682],[1069847,1900901],[1069834,1901048],[1069490,1901427],[1069349,1901337],[1069238,1901529],[1069104,1901629],[1069182,1901973],[1069083,1902188],[1068808,1902249],[1068768,1902319],[1068677,1902319],[1068576,1902223],[1068483,1902192],[1068426,1902075],[1068456,1901915],[1068432,1901838],[1068283,1901925],[1068176,1901928],[1068176,1901680],[1068092,1901524],[1068142,1901384],[1068024,1901291],[1067924,1901345],[1067872,1901298],[1067816,1901373],[1067761,1901312],[1067812,1901207],[1067685,1901113],[1067534,1900895],[1067451,1900874],[1067342,1900685],[1067210,1900580],[1067211,1900445],[1067500,1900324],[1067673,1899940],[1067647,1899719],[1067750,1899346],[1067804,1899347],[1067943,1899220],[1067951,1899097],[1068072,1899135],[1068160,1899032],[1068339,1899177],[1068422,1899137],[1068393,1899032],[1068355,1899050],[1068268,1899005],[1068103,1898749],[1068036,1898743],[1068001,1898683],[1067859,1898617],[1067706,1898499],[1067673,1898429],[1067587,1898418],[1067562,1898489],[1067295,1898510],[1067124,1898424],[1067027,1898224],[1066910,1898173],[1066751,1897974],[1066742,1897764],[1066600,1897652],[1066380,1897851],[1066144,1897775],[1065968,1897616],[1065727,1897478],[1065725,1897393],[1065628,1897212],[1065667,1897063],[1065654,1896835],[1065503,1896568],[1065381,1896503],[1065187,1896509],[1064953,1896321],[1064488,1896219],[1064435,1895995],[1064456,1895817],[1064216,1895711],[1064185,1895523],[1064134,1895466],[1063826,1895327],[1063932,1895192],[1063919,1895043],[1064113,1894852],[1064116,1894800],[1064035,1894704],[1064056,1894524],[1064024,1894440],[1063934,1894385],[1064102,1893959],[1064027,1893915],[1063874,1893680],[1063776,1893445],[1064185,1893291],[1064428,1893108],[1064460,1892985],[1064401,1892696],[1064506,1892419],[1064490,1892322],[1064625,1892203],[1064629,1892115],[1064758,1892021],[1064982,1892035],[1065177,1892101],[1065338,1892068],[1065597,1892112],[1065858,1891990],[1065976,1891816],[1066172,1891655],[1066215,1891500],[1066335,1891346],[1066353,1891174],[1066461,1890990],[1066571,1890916],[1066577,1890788],[1066622,1890721],[1066770,1890619],[1066817,1890498],[1066907,1890482],[1067078,1890363],[1067126,1890244],[1067083,1890191],[1067193,1890116],[1067268,1889939],[1067247,1889851],[1067315,1889781],[1067382,1889586],[1067342,1889551],[1067409,1889342],[1067368,1889207],[1067268,1889106],[1067113,1889084],[1067083,1889044],[1067146,1888931],[1067339,1888854],[1067496,1888586],[1067432,1888391],[1067458,1888298],[1067409,1888190],[1067417,1888044],[1067264,1887827],[1067323,1887643],[1067371,1887631],[1067583,1886957],[1067634,1886638],[1067591,1886332],[1067646,1886305],[1067690,1886094],[1067651,1885828],[1067793,1885742],[1067857,1885649],[1067885,1885558],[1067830,1885408],[1068001,1885286],[1068113,1885053],[1068244,1884981],[1067829,1884479],[1067698,1884406],[1067632,1884318],[1067746,1884245],[1067804,1884148],[1068065,1884039],[1068074,1883882],[1067981,1883726],[1067912,1883695],[1067935,1883673],[1067767,1883704],[1067650,1883641],[1067496,1883473],[1067482,1883392],[1067299,1883111],[1067236,1883107],[1067039,1882965],[1066966,1882980],[1066883,1882936],[1066642,1883151],[1066547,1883177],[1066548,1883085],[1066450,1882932],[1066323,1882867],[1066376,1882732],[1066547,1882578],[1066522,1882427],[1066388,1882382],[1066295,1882302],[1066149,1882320],[1066087,1882394],[1066027,1882388],[1065921,1882168],[1065783,1882169],[1065790,1882077],[1065575,1881947],[1065565,1881623],[1065508,1881622],[1065555,1881611],[1065597,1881310],[1065555,1881027],[1065603,1880980],[1065598,1880797],[1065666,1880700],[1065623,1880060],[1065737,1879745],[1065919,1879707],[1066124,1879511],[1066207,1879163],[1066264,1879065],[1066435,1878990],[1066477,1878775],[1066380,1878264],[1066389,1878063],[1066269,1877810],[1066312,1877704],[1066249,1877401],[1066276,1877221],[1066521,1876954],[1066587,1876946],[1066718,1876736],[1066915,1876533],[1066617,1876351],[1066525,1876173],[1066455,1876112],[1066374,1876106],[1066292,1876008],[1066172,1875783],[1066204,1875276],[1066108,1875137],[1066032,1875127],[1065986,1875037],[1066046,1874916],[1065927,1874641],[1065914,1874348],[1065710,1874267],[1065608,1874148],[1065485,1874093],[1065548,1873884],[1065560,1873658],[1065478,1873517],[1065469,1873188],[1065635,1872874],[1065857,1872693],[1065692,1872405],[1065710,1872155],[1065096,1872153],[1064528,1872297],[1064225,1872474],[1063892,1872578],[1063524,1872624],[1063543,1872564],[1063369,1872153],[1063367,1871814],[1063404,1871674],[1063629,1871324],[1063712,1870975],[1063687,1870837],[1063733,1870698],[1063700,1870527],[1063801,1870354],[1063836,1870202],[1063891,1869410],[1063975,1869260],[1063892,1868712],[1063927,1868580],[1063808,1868441],[1063495,1868407],[1063075,1868483],[1062763,1868583],[1061868,1868994],[1061612,1868915],[1061387,1868898],[1061077,1868935],[1060220,1869396],[1059871,1869533],[1059588,1869503],[1059339,1869419],[1059096,1869405],[1058713,1869549],[1058446,1869512],[1058248,1869559],[1058096,1869647],[1058028,1869760],[1057951,1870128],[1057875,1870243],[1057448,1870411],[1057369,1870487],[1057228,1870761],[1057164,1870777],[1056953,1870698],[1056591,1870713],[1056239,1870660],[1055868,1870821],[1055478,1870808],[1055084,1870609],[1054861,1870562],[1054660,1870427],[1054459,1870390],[1054142,1870440],[1053937,1870561],[1053712,1870610],[1053553,1870730],[1053287,1870755],[1053228,1870861],[1053035,1870952],[1053016,1871065],[1052958,1871125],[1053015,1871238],[1052939,1871773],[1052861,1871893],[1052861,1872030],[1052774,1872141],[1052727,1872489],[1052522,1872576],[1052342,1872748],[1052065,1872523],[1051689,1872461],[1051308,1872268],[1051217,1872269],[1050938,1872113],[1050713,1872047],[1050486,1871771],[1050172,1871247],[1050106,1871225],[1049978,1871263],[1049825,1871399],[1049762,1871873],[1049503,1871938],[1049274,1872085],[1049104,1872108],[1048709,1872319],[1048462,1872383],[1048301,1872512],[1048111,1872587],[1047981,1872743],[1047859,1872745],[1047745,1873109],[1047771,1873204],[1048009,1873640],[1048361,1873788],[1048491,1873945],[1048529,1874058],[1048448,1874230],[1048562,1874438],[1048564,1874679],[1048621,1874830],[1049102,1875021],[1049253,1875490],[1049285,1875740],[1049451,1875904],[1049496,1876173],[1049946,1876451],[1049959,1876595],[1049818,1876721],[1049914,1876875],[1050305,1877237],[1050458,1877434],[1050381,1877742],[1050474,1877848],[1050531,1877998],[1050466,1878128],[1050466,1878326],[1050495,1878523],[1050612,1878673],[1050444,1879159],[1050745,1879390],[1050976,1879338],[1051016,1879589],[1050874,1879788],[1050102,1880327],[1049943,1880668],[1049868,1881366],[1049750,1881638],[1049499,1881808],[1049005,1881976],[1048918,1882064],[1048852,1882060],[1048604,1882230],[1048355,1882503],[1048296,1882711],[1048274,1883391],[1048237,1883507],[1048330,1883508],[1048359,1883755],[1048309,1884009],[1048107,1884134],[1048299,1884143],[1048814,1884283],[1048846,1884348],[1049359,1884634],[1049674,1884781],[1049853,1884785],[1049918,1884701],[1050130,1884637],[1050248,1884545],[1050459,1884218],[1051206,1883669],[1051795,1883474],[1052075,1883420],[1052227,1883779],[1052282,1884152],[1052253,1884317],[1052297,1884926],[1052205,1885484],[1052544,1886938],[1052572,1886946],[1052613,1887242],[1052589,1887618],[1052528,1887739],[1052510,1888056],[1052124,1888086],[1052052,1888155],[1052003,1888654],[1051967,1888719],[1051904,1888756],[1051631,1888744],[1051600,1888795],[1051509,1888808],[1051454,1889306],[1051288,1889447],[1051265,1889599],[1051292,1889813],[1051377,1889917],[1051577,1889951],[1051580,1890039],[1051689,1890192],[1052164,1890421],[1052196,1890815],[1052271,1890896],[1052383,1891211],[1052259,1891355],[1052089,1891436],[1052154,1891614],[1052273,1891742],[1052519,1891808],[1052484,1891929],[1052302,1892060],[1052266,1892258],[1052134,1892346],[1052239,1892555],[1052352,1892639],[1052368,1892699],[1052159,1893197],[1052087,1893317],[1051953,1893408],[1051888,1893538],[1051889,1893881],[1051976,1893944],[1051976,1894146],[1051822,1894346],[1051821,1894501],[1051759,1894571],[1051636,1894586],[1051904,1895377],[1051797,1895766],[1051841,1895880],[1051933,1895970],[1051925,1896072],[1051985,1896116],[1052000,1896217],[1052051,1896269],[1052076,1896493],[1051742,1897068],[1051828,1897241],[1051804,1897406],[1051923,1897437],[1052029,1897538],[1052027,1897635],[1051778,1897878],[1051733,1898037],[1051641,1898098],[1051472,1898346],[1051288,1898409],[1051167,1898569],[1050965,1898599],[1050826,1898723],[1050681,1898719],[1050579,1898795],[1050379,1898722],[1050033,1898871],[1049923,1898816],[1049830,1898826],[1049832,1899014],[1049705,1899062],[1049675,1899127],[1049731,1899354],[1050051,1899852],[1050039,1899930],[1049912,1900020],[1049713,1900035],[1049114,1899956],[1049008,1900210],[1048636,1900591],[1048472,1900824],[1048485,1900999],[1048691,1901076],[1048733,1901222],[1048549,1901610],[1048519,1901964],[1048442,1902032],[1048305,1902021],[1047945,1901672],[1047724,1901607],[1047656,1901623],[1047391,1901834],[1046537,1902024],[1046346,1902117],[1046188,1902263],[1046012,1901855],[1045806,1901521],[1045616,1901442],[1045497,1901121],[1045487,1900967],[1045542,1900812],[1045520,1900633],[1045400,1900465],[1045459,1900352],[1045453,1900223],[1045598,1900070],[1045380,1900048],[1045292,1900110],[1045051,1900147],[1044879,1900147],[1044775,1900098],[1044565,1900317],[1044388,1900917],[1044352,1901179],[1044035,1901369],[1043909,1901266],[1043812,1901386],[1043661,1901459],[1043281,1901480],[1043169,1901557],[1043125,1901641],[1043147,1901740],[1043080,1901923],[1043114,1902082],[1043060,1902277],[1043177,1902519],[1043190,1902859],[1043105,1902949],[1043091,1903041],[1043112,1903224],[1043268,1903469],[1043224,1903724],[1043164,1903762],[1042866,1903720],[1042780,1903868],[1042691,1904258],[1042519,1904507],[1042404,1904810],[1042217,1904874],[1042176,1904936],[1042069,1904866],[1041827,1904890],[1041794,1904930],[1041774,1905043],[1041883,1905361],[1041865,1905527],[1041895,1905590],[1041833,1905715],[1041862,1905764],[1041839,1905877],[1041719,1905972],[1041647,1906231],[1041575,1906342],[1041584,1906488],[1041336,1906633],[1041322,1906683],[1041163,1906651],[1040877,1906791],[1040811,1906868],[1040805,1906979],[1040403,1907065],[1040344,1907139],[1040151,1907152],[1039969,1907073],[1039725,1907191],[1039639,1907156],[1039548,1907184],[1039302,1907107],[1039003,1907331],[1038830,1907339],[1038536,1907265],[1038455,1907352],[1038327,1907302],[1038143,1907385],[1037979,1907360],[1037851,1907505],[1037935,1907978],[1038191,1908170],[1038324,1908534],[1038493,1908648],[1038423,1908878],[1038464,1909037],[1038399,1909376],[1038522,1909699],[1038615,1909739],[1038687,1909873],[1038658,1909986],[1038721,1910087],[1038563,1910265],[1038426,1910564],[1038241,1911457],[1038294,1911519],[1038310,1911884],[1038385,1911995],[1038375,1912107],[1038212,1912503],[1038115,1912627],[1037910,1913266],[1037892,1913566],[1037572,1913693],[1037479,1913785],[1037400,1914106],[1037429,1914194],[1037843,1914835],[1038249,1915121],[1038927,1915855],[1039486,1915837],[1039641,1915980],[1039679,1916240],[1039829,1916407],[1040147,1916657],[1040586,1916868],[1041197,1917004],[1041453,1917318],[1041573,1917389],[1041655,1917527],[1041848,1917603],[1042032,1917596],[1042555,1917824],[1042689,1917663]]]}},{"type":"Feature","properties":{"sgis_cd":"33041","datalab_cd":"43111","name":"청주시 상당구"},"geometry":{"type":"Polygon","coordinates":[[[1014965,1858777],[1015170,1858571],[1015358,1858253],[1015584,1858151],[1015671,1858011],[1015842,1857988],[1016034,1857747],[1016035,1857688],[1016410,1857717],[1016479,1857976],[1016615,1858086],[1016689,1858067],[1016783,1857958],[1016770,1857742],[1016865,1857521],[1016975,1857359],[1017209,1857134],[1017357,1857125],[1017476,1857001],[1017621,1856934],[1017848,1856983],[1017992,1856933],[1018112,1856778],[1018073,1856563],[1018124,1856378],[1018060,1856217],[1018168,1856005],[1018268,1855956],[1018352,1855851],[1018484,1855921],[1018623,1855835],[1018870,1855518],[1018881,1855355],[1019092,1855269],[1019019,1854722],[1019320,1854561],[1019530,1854499],[1019569,1854336],[1019704,1854268],[1019778,1854124],[1019873,1854079],[1019972,1853920],[1019906,1853771],[1019940,1853744],[1020294,1853863],[1020220,1853725],[1020214,1853515],[1020154,1853401],[1020195,1853307],[1020102,1853056],[1019680,1852698],[1019591,1852565],[1019373,1852474],[1019265,1852379],[1019261,1852418],[1018994,1852217],[1019002,1852088],[1019182,1851958],[1019003,1852061],[1018919,1851831],[1018802,1851698],[1018968,1851409],[1018939,1851334],[1018973,1851052],[1018850,1850982],[1018712,1850700],[1018878,1850540],[1019009,1850289],[1019264,1850434],[1019468,1850402],[1019583,1850474],[1019674,1850461],[1019768,1850392],[1019965,1850399],[1020093,1850209],[1020039,1850124],[1020188,1849665],[1020691,1849405],[1020844,1849214],[1020987,1849109],[1021284,1849291],[1021360,1849106],[1021250,1848753],[1021476,1848588],[1021515,1848515],[1021459,1848390],[1021545,1848335],[1021920,1848290],[1021779,1848164],[1021838,1848083],[1021839,1847937],[1021950,1847823],[1022139,1847737],[1022280,1847612],[1022271,1847369],[1022350,1847559],[1022307,1847264],[1022413,1847238],[1022376,1847142],[1022473,1847096],[1022563,1847104],[1022951,1846746],[1023166,1846636],[1023209,1846569],[1023275,1846560],[1023378,1846417],[1023664,1846165],[1023690,1845897],[1023762,1845890],[1023856,1845751],[1023866,1845660],[1024034,1845431],[1024030,1845296],[1024102,1845162],[1024036,1845094],[1024129,1844849],[1024107,1844500],[1024051,1844451],[1024085,1844328],[1024035,1844237],[1024041,1844057],[1024078,1844034],[1023833,1843997],[1023748,1843819],[1023679,1843825],[1023575,1843719],[1023529,1843749],[1023375,1843663],[1022828,1843616],[1022755,1843536],[1022546,1843434],[1022341,1843227],[1021994,1843078],[1021652,1843402],[1021608,1843505],[1021640,1843630],[1021560,1843743],[1021229,1843893],[1021177,1844136],[1021106,1844236],[1021199,1844398],[1021211,1844637],[1021151,1844714],[1020900,1844730],[1020670,1844893],[1020539,1844898],[1020458,1844966],[1020371,1844907],[1020301,1844732],[1020253,1844706],[1020112,1844876],[1019935,1844953],[1019829,1844912],[1019694,1845004],[1019602,1844929],[1019318,1844969],[1019225,1844907],[1019123,1844930],[1019066,1844840],[1019064,1844673],[1018948,1844604],[1018907,1844532],[1018908,1844416],[1018753,1844268],[1018388,1844167],[1018278,1844061],[1018268,1843980],[1018195,1843906],[1018176,1843775],[1018107,1843721],[1017762,1843563],[1017694,1843493],[1017409,1843426],[1017325,1843441],[1017287,1843512],[1017167,1843521],[1017006,1843649],[1016920,1843666],[1016901,1843745],[1016731,1843821],[1016460,1843815],[1016380,1843858],[1016280,1843791],[1016148,1843857],[1016111,1844035],[1016020,1844090],[1015996,1844243],[1015804,1844333],[1015690,1844338],[1015777,1844329],[1015578,1844184],[1015406,1844224],[1015082,1844093],[1015128,1844342],[1015071,1844439],[1015072,1844527],[1015011,1844651],[1014837,1844765],[1014797,1844965],[1014367,1844987],[1014273,1844838],[1014218,1844847],[1013918,1844716],[1013774,1844736],[1013690,1844842],[1013628,1845236],[1013528,1845225],[1013297,1845309],[1013206,1845300],[1013080,1845427],[1012855,1845275],[1012568,1844873],[1012319,1844726],[1012135,1844720],[1011925,1844482],[1011855,1844188],[1011643,1843986],[1011685,1843913],[1011650,1843783],[1011797,1843526],[1011793,1843465],[1011679,1843395],[1011667,1843195],[1011499,1843140],[1011354,1843009],[1011322,1843028],[1011098,1842711],[1010931,1842592],[1010921,1842441],[1010976,1842337],[1010948,1842272],[1010828,1842316],[1010770,1842262],[1010536,1842200],[1010070,1841511],[1010054,1841399],[1009950,1841371],[1009989,1841201],[1009954,1841008],[1010122,1840838],[1010136,1840693],[1010210,1840575],[1010327,1840496],[1010487,1840199],[1010230,1839900],[1010171,1839701],[1010187,1839556],[1010134,1839534],[1010056,1839304],[1009857,1839249],[1009720,1839166],[1009718,1839115],[1009336,1838990],[1009271,1838912],[1009079,1838971],[1008858,1838958],[1008601,1838749],[1008435,1838731],[1008221,1838425],[1008017,1838401],[1007866,1838458],[1007678,1838398],[1007622,1838321],[1007416,1838220],[1007327,1838265],[1007237,1838251],[1007173,1838113],[1007193,1837886],[1007130,1837832],[1007118,1837730],[1006887,1837766],[1006832,1837713],[1006691,1837709],[1006431,1837592],[1006230,1837431],[1006151,1837242],[1006045,1837205],[1005965,1837061],[1005821,1836986],[1005848,1836871],[1006084,1836580],[1006142,1836276],[1006194,1836222],[1006216,1835966],[1006350,1835650],[1006462,1835575],[1006564,1835420],[1006506,1835359],[1006556,1834881],[1006513,1834829],[1006585,1834529],[1006522,1834497],[1006413,1834211],[1006326,1834208],[1006349,1834073],[1006272,1833952],[1006332,1833690],[1006287,1833520],[1006327,1833507],[1006376,1833280],[1006450,1833200],[1006486,1833050],[1006464,1832871],[1006833,1832643],[1006878,1832540],[1007027,1832515],[1006792,1832478],[1006582,1832265],[1006530,1832107],[1006299,1832064],[1006200,1831953],[1006028,1831852],[1005964,1831739],[1006008,1831559],[1005795,1831451],[1005772,1831377],[1005620,1831403],[1005587,1831221],[1005442,1830896],[1005289,1830820],[1005348,1830692],[1005252,1830496],[1005032,1830469],[1005112,1830264],[1005069,1830034],[1004988,1829976],[1004953,1829873],[1004987,1829794],[1004742,1829684],[1004866,1829561],[1004807,1829421],[1004814,1829262],[1004744,1829125],[1004766,1829063],[1004613,1828688],[1004567,1828620],[1004409,1828557],[1004399,1828463],[1004306,1828362],[1004298,1828235],[1004224,1828216],[1004171,1828094],[1004122,1828089],[1004060,1827839],[1004100,1827634],[1003933,1827630],[1003542,1827466],[1003519,1827492],[1002741,1827141],[1002571,1827047],[1001737,1826361],[1001492,1825853],[1000988,1823644],[1000852,1823457],[1000723,1823418],[1000402,1823411],[1000139,1823461],[999967,1823909],[999769,1824204],[999726,1824662],[999602,1825063],[999404,1825362],[999219,1825776],[999097,1826098],[999079,1826286],[999417,1827070],[999744,1827461],[1000312,1827976],[1000401,1828250],[1000340,1828456],[1000250,1828658],[1000053,1828735],[999249,1828418],[998826,1828356],[998615,1828372],[998397,1828478],[998114,1828768],[997991,1828981],[998001,1829214],[998154,1829572],[998352,1829867],[998503,1830266],[998615,1830769],[998570,1831000],[998163,1831102],[997954,1831430],[997887,1831690],[997921,1831802],[997831,1831938],[997821,1832510],[997576,1832606],[997402,1832549],[997084,1832624],[997044,1832766],[996898,1832869],[996777,1832873],[996474,1833065],[996291,1833072],[996276,1833124],[996217,1833140],[996118,1833474],[996053,1833508],[995982,1833632],[995858,1833705],[995742,1833645],[995502,1833650],[995511,1833835],[995417,1833927],[995453,1834051],[995425,1834335],[995256,1834560],[995267,1834716],[995186,1834748],[995099,1835053],[995109,1835248],[995375,1835381],[995631,1835440],[995887,1835668],[995936,1835784],[995835,1836125],[995962,1836257],[996030,1836433],[995971,1836822],[995983,1837142],[995942,1837209],[995941,1837334],[995786,1837502],[995779,1837697],[995846,1837765],[995782,1837834],[995735,1838030],[995692,1838055],[995701,1838200],[995295,1838226],[995266,1838483],[995344,1838831],[995269,1839120],[995462,1839019],[995583,1838858],[995774,1838850],[995934,1838963],[996149,1839026],[996329,1838958],[996569,1838805],[996636,1838703],[996726,1838690],[996863,1838545],[996976,1838526],[996998,1838303],[997386,1838344],[997498,1838456],[997599,1838498],[997620,1838565],[997948,1838678],[998179,1838881],[998281,1838838],[998455,1838855],[998567,1838632],[998657,1838574],[998703,1838652],[998676,1838718],[998740,1838746],[998778,1838855],[998606,1839048],[998563,1839167],[998608,1839273],[998580,1839356],[998482,1839479],[998410,1839493],[998341,1839669],[998234,1839660],[998169,1839941],[998276,1840226],[998362,1840303],[998369,1840401],[998194,1840486],[998063,1840440],[998031,1840500],[997879,1840519],[997834,1840564],[997683,1840501],[997497,1840346],[997314,1840421],[997213,1840387],[997069,1840480],[997088,1840583],[997050,1840667],[997170,1840966],[997110,1841133],[997146,1841207],[997119,1841342],[997184,1841747],[997238,1841736],[997381,1841903],[997378,1842163],[997476,1842249],[997577,1842258],[997679,1842328],[997654,1842474],[997684,1842596],[997787,1842560],[998081,1842598],[998155,1842678],[998217,1842661],[998250,1842763],[998446,1842808],[998521,1842756],[998647,1842827],[998730,1842820],[998714,1842746],[998944,1842682],[999070,1842728],[999122,1842814],[999206,1842814],[999255,1842751],[999334,1842823],[999222,1842984],[999903,1843396],[999867,1843459],[999966,1843575],[999873,1843816],[999889,1844225],[999786,1843980],[999671,1843916],[999729,1844109],[999698,1844400],[999750,1844769],[999738,1845714],[999680,1845963],[999707,1846083],[999771,1846141],[999709,1846292],[999771,1846356],[999561,1846476],[999550,1846419],[999467,1846491],[999502,1846520],[999454,1846659],[999432,1847286],[998529,1847920],[998436,1848116],[998423,1848377],[998569,1848520],[998619,1848618],[998625,1848745],[998577,1849374],[998528,1849580],[998460,1849659],[998542,1849688],[998946,1849671],[998934,1849826],[999360,1849864],[999457,1849991],[999652,1849967],[999875,1849879],[999917,1849926],[1000085,1849926],[1000162,1850045],[1000345,1850135],[1000456,1850245],[1000544,1850235],[1000753,1850514],[1000855,1850591],[1001160,1850560],[1001197,1850610],[1001280,1850592],[1001404,1850733],[1001648,1850773],[1002164,1851105],[1002233,1851363],[1002288,1851407],[1002367,1851403],[1002529,1851632],[1002822,1851707],[1003021,1851856],[1002969,1851886],[1002923,1852000],[1003018,1852080],[1003023,1852139],[1003133,1852200],[1003215,1852357],[1003301,1852400],[1003374,1852341],[1003470,1852384],[1003549,1852352],[1003591,1852393],[1003775,1852300],[1003856,1852307],[1004090,1852582],[1004214,1852619],[1004345,1852839],[1004420,1852780],[1004711,1852777],[1004925,1852892],[1005053,1852904],[1005097,1852868],[1005262,1852895],[1005365,1853032],[1005639,1852904],[1005856,1852960],[1005880,1852925],[1005986,1852937],[1006109,1853089],[1006134,1853199],[1006211,1853267],[1006325,1853305],[1006483,1853296],[1006571,1853436],[1006588,1853541],[1006768,1853701],[1006857,1853722],[1006937,1853901],[1007027,1853946],[1007076,1854028],[1007213,1854033],[1007290,1854077],[1007342,1854037],[1007389,1854076],[1007673,1853945],[1007760,1854156],[1007890,1854218],[1007995,1854370],[1008139,1854390],[1008189,1854461],[1008098,1854712],[1008102,1854853],[1008449,1855025],[1008575,1855213],[1008603,1855324],[1008707,1855361],[1008719,1855484],[1008983,1855612],[1009111,1855556],[1009261,1855564],[1009420,1855667],[1010006,1855745],[1010091,1855856],[1010132,1855857],[1010243,1856072],[1010252,1856319],[1010415,1856469],[1010479,1856588],[1010633,1856583],[1010986,1856298],[1011162,1856484],[1011240,1856523],[1011309,1856497],[1011376,1856614],[1011595,1856592],[1011697,1856649],[1011870,1856663],[1011908,1856766],[1012077,1856758],[1012347,1856671],[1012411,1856548],[1012613,1856415],[1012622,1856236],[1012719,1856078],[1012883,1856106],[1012964,1856025],[1013198,1855930],[1013408,1856021],[1013505,1856012],[1013591,1856127],[1013830,1856277],[1013920,1856516],[1014074,1856674],[1014204,1856886],[1014208,1857039],[1014401,1857352],[1014405,1857418],[1014527,1857454],[1014560,1857581],[1014479,1857698],[1014428,1857938],[1014478,1858076],[1014414,1858263],[1014485,1858567],[1014453,1858647],[1014531,1858678],[1014629,1858854],[1014686,1858972],[1014689,1859118],[1014805,1859089],[1014965,1858777]]]}},{"type":"Feature","properties":{"sgis_cd":"33042","datalab_cd":"43112","name":"청주시 서원구"},"geometry":{"type":"Polygon","coordinates":[[[998443,1849694],[998528,1849580],[998577,1849374],[998625,1848745],[998619,1848618],[998569,1848520],[998423,1848377],[998436,1848116],[998529,1847920],[999432,1847286],[999454,1846659],[999502,1846520],[999467,1846491],[999550,1846419],[999561,1846476],[999771,1846356],[999709,1846292],[999771,1846141],[999707,1846083],[999680,1845963],[999738,1845714],[999750,1844769],[999698,1844400],[999729,1844109],[999671,1843916],[999786,1843980],[999889,1844225],[999873,1843816],[999966,1843575],[999867,1843459],[999903,1843396],[999222,1842984],[999334,1842823],[999255,1842751],[999206,1842814],[999122,1842814],[999070,1842728],[998944,1842682],[998714,1842746],[998730,1842820],[998647,1842827],[998521,1842756],[998446,1842808],[998250,1842763],[998217,1842661],[998155,1842678],[998081,1842598],[997787,1842560],[997684,1842596],[997654,1842474],[997679,1842328],[997577,1842258],[997476,1842249],[997378,1842163],[997381,1841903],[997238,1841736],[997184,1841747],[997119,1841342],[997146,1841207],[997110,1841133],[997170,1840966],[997050,1840667],[997088,1840583],[997069,1840480],[997213,1840387],[997314,1840421],[997497,1840346],[997683,1840501],[997834,1840564],[997879,1840519],[998031,1840500],[998063,1840440],[998194,1840486],[998369,1840401],[998362,1840303],[998276,1840226],[998169,1839941],[998234,1839660],[998341,1839669],[998410,1839493],[998482,1839479],[998580,1839356],[998608,1839273],[998563,1839167],[998606,1839048],[998778,1838855],[998740,1838746],[998676,1838718],[998703,1838652],[998657,1838574],[998567,1838632],[998455,1838855],[998281,1838838],[998179,1838881],[997948,1838678],[997620,1838565],[997599,1838498],[997498,1838456],[997386,1838344],[996998,1838303],[996976,1838526],[996863,1838545],[996726,1838690],[996636,1838703],[996569,1838805],[996329,1838958],[996149,1839026],[995934,1838963],[995774,1838850],[995583,1838858],[995462,1839019],[995269,1839120],[995344,1838831],[995266,1838483],[995295,1838226],[995701,1838200],[995692,1838055],[995735,1838030],[995782,1837834],[995846,1837765],[995779,1837697],[995786,1837502],[995941,1837334],[995942,1837209],[995983,1837142],[995971,1836822],[996030,1836433],[995962,1836257],[995835,1836125],[995936,1835784],[995887,1835668],[995631,1835440],[995375,1835381],[995109,1835248],[995099,1835053],[995186,1834748],[995267,1834716],[995256,1834560],[995425,1834335],[995453,1834051],[995417,1833927],[995511,1833835],[995502,1833650],[995742,1833645],[995858,1833705],[995982,1833632],[996053,1833508],[996118,1833474],[996217,1833140],[996276,1833124],[996291,1833072],[996474,1833065],[996777,1832873],[996898,1832869],[997044,1832766],[997084,1832624],[997402,1832549],[997576,1832606],[997821,1832510],[997831,1831938],[997921,1831802],[997887,1831690],[997921,1831540],[998163,1831102],[998249,1831062],[997726,1830912],[997530,1830823],[997326,1830658],[997015,1830274],[996755,1829657],[996731,1829190],[996645,1828727],[996273,1828303],[995946,1828078],[995639,1827965],[995265,1827959],[994890,1828153],[994394,1828688],[994082,1828690],[994088,1828731],[994358,1828714],[994334,1828759],[993499,1828811],[992380,1828572],[991753,1828576],[991317,1828641],[991121,1828891],[991015,1828888],[991037,1829213],[990969,1829458],[991165,1829456],[991135,1829976],[991224,1830525],[991414,1830998],[991414,1831502],[991313,1831987],[990696,1832680],[991027,1832860],[991431,1832900],[991646,1833019],[991924,1833078],[991939,1833150],[991990,1833184],[992012,1833347],[991970,1833413],[991888,1833424],[991889,1833467],[991750,1833613],[991851,1833806],[991778,1833832],[991724,1833958],[991857,1834333],[991807,1834591],[991855,1834678],[991711,1834762],[991603,1834904],[991489,1834922],[991465,1835003],[991525,1835042],[991383,1835525],[991171,1835648],[991152,1835704],[991079,1835708],[991048,1835777],[990835,1835881],[990858,1835966],[990991,1836004],[991127,1836112],[991181,1836221],[991327,1836185],[991435,1836251],[991601,1836237],[991656,1836167],[991732,1836157],[991817,1836225],[991801,1836612],[991762,1836682],[991811,1836795],[991680,1836899],[991551,1837080],[991572,1837256],[991497,1837736],[991419,1837804],[991340,1837793],[991185,1838200],[991067,1838233],[990854,1838059],[990363,1838037],[990268,1838095],[990063,1838079],[989959,1838163],[989714,1838153],[989607,1838206],[989573,1838353],[989611,1838459],[989606,1838644],[989499,1838744],[989545,1838909],[989412,1839021],[989128,1839125],[989120,1839268],[989192,1839433],[989091,1839719],[988864,1840018],[988688,1840003],[988595,1840225],[988650,1840273],[988815,1840280],[988948,1840360],[988922,1840429],[989082,1840581],[989003,1840692],[988909,1840745],[988581,1840637],[988550,1840658],[988722,1840837],[988984,1840976],[989043,1841124],[989006,1841129],[989027,1841266],[989197,1841379],[989372,1841708],[989635,1841950],[989709,1842084],[989865,1842170],[989988,1842761],[990124,1843023],[990240,1843103],[990341,1843120],[990602,1843416],[990898,1843661],[991102,1844029],[991146,1844251],[991274,1844353],[991617,1844505],[991703,1844680],[991704,1844802],[992060,1845117],[992095,1845234],[992366,1845432],[992489,1845431],[992435,1845358],[992436,1845228],[992555,1845193],[992535,1845054],[992729,1844952],[992702,1844820],[992807,1844602],[992764,1844381],[992798,1844312],[992913,1844330],[992988,1844299],[993051,1844408],[993230,1844434],[993261,1844508],[993447,1844573],[993420,1844617],[993449,1844732],[993529,1844638],[993906,1844599],[994083,1844537],[994134,1844719],[994118,1844857],[994036,1845001],[994112,1845128],[994118,1845344],[994263,1845400],[994332,1845498],[994361,1845602],[994341,1845869],[994409,1845891],[994421,1845956],[994686,1846106],[994915,1846397],[995063,1846509],[995065,1846921],[994911,1847277],[994927,1847313],[995149,1847424],[995521,1847422],[995559,1848011],[995807,1848304],[995932,1848303],[996085,1848371],[996125,1848900],[996314,1848959],[996306,1848861],[996447,1848881],[996577,1849053],[996750,1848923],[996839,1848951],[996911,1848875],[997041,1848875],[997045,1849108],[997224,1849107],[997250,1849417],[997633,1849421],[998288,1849809],[998354,1849662],[998327,1849804],[998390,1849858],[998434,1849853],[998443,1849694]]]}},{"type":"Feature","properties":{"sgis_cd":"33043","datalab_cd":"43113","name":"청주시 흥덕구"},"geometry":{"type":"Polygon","coordinates":[[[983804,1858489],[983944,1858419],[984309,1858421],[984368,1858478],[984479,1858482],[984522,1858413],[984826,1858203],[984970,1858150],[985133,1858145],[985665,1857886],[986663,1857887],[986814,1857758],[987139,1857703],[987390,1857716],[987390,1857766],[987734,1857757],[987826,1857636],[987975,1857588],[988017,1857524],[988255,1857393],[988577,1857238],[988756,1857223],[988812,1857172],[989147,1857259],[989368,1857401],[989428,1857484],[989916,1857742],[990194,1857768],[990488,1857733],[990596,1857702],[990930,1857440],[991031,1857319],[991088,1857153],[991600,1856942],[991623,1856905],[991549,1856791],[991603,1856754],[991732,1856747],[991855,1856902],[992026,1856898],[992036,1856758],[991851,1856529],[991860,1856394],[992961,1855361],[992903,1855299],[993139,1855162],[993250,1854901],[993377,1854761],[993367,1854581],[993877,1854597],[993893,1854075],[994027,1854098],[994199,1853977],[994373,1853946],[994884,1854099],[995233,1854146],[995394,1854030],[995452,1853910],[995274,1853748],[995282,1853663],[995381,1853528],[995299,1853288],[995318,1853051],[995435,1852994],[995922,1853012],[996092,1852979],[996595,1852507],[997207,1851617],[997336,1851618],[997425,1851501],[997520,1851349],[997699,1850883],[998378,1849840],[998327,1849800],[998354,1849662],[998288,1849809],[997633,1849421],[997250,1849417],[997224,1849107],[997045,1849108],[997041,1848875],[996911,1848875],[996839,1848951],[996750,1848923],[996577,1849053],[996447,1848881],[996306,1848861],[996314,1848959],[996125,1848900],[996085,1848371],[995932,1848303],[995807,1848304],[995559,1848011],[995521,1847422],[995149,1847424],[994927,1847313],[994911,1847277],[995065,1846921],[995063,1846509],[994915,1846397],[994686,1846106],[994421,1845956],[994409,1845891],[994341,1845869],[994361,1845602],[994332,1845498],[994263,1845400],[994118,1845344],[994112,1845128],[994036,1845001],[994118,1844857],[994134,1844719],[994083,1844537],[993906,1844599],[993529,1844638],[993449,1844732],[993420,1844617],[993447,1844573],[993261,1844508],[993230,1844434],[993051,1844408],[992988,1844299],[992913,1844330],[992798,1844312],[992764,1844381],[992807,1844602],[992702,1844820],[992729,1844952],[992535,1845054],[992555,1845193],[992436,1845228],[992435,1845358],[992489,1845431],[992385,1845439],[992232,1845353],[992095,1845234],[992072,1845130],[991952,1844998],[991882,1844984],[991704,1844802],[991703,1844680],[991617,1844505],[991274,1844353],[991146,1844251],[991102,1844029],[990898,1843661],[990602,1843416],[990341,1843120],[990240,1843103],[990124,1843023],[989988,1842761],[989865,1842170],[989709,1842084],[989635,1841950],[989372,1841708],[989197,1841379],[989027,1841266],[989006,1841129],[988436,1840976],[988248,1840963],[988205,1840928],[988190,1840813],[988054,1840701],[987695,1840751],[987605,1840684],[987516,1840510],[987262,1840459],[987138,1840445],[987014,1840572],[986857,1840506],[986667,1840504],[986488,1840682],[986385,1840687],[986321,1840753],[986086,1840703],[985987,1840747],[986077,1840716],[986057,1840765],[985974,1840776],[985893,1840667],[985750,1840665],[985648,1840580],[985487,1840530],[985416,1840576],[985378,1840854],[985250,1841159],[985375,1841369],[985306,1841438],[985305,1841488],[985014,1841658],[984970,1841756],[984983,1841833],[984902,1841917],[984771,1841912],[984485,1842095],[984322,1842373],[984367,1842433],[984334,1842510],[984043,1842600],[984030,1842627],[984169,1842694],[984026,1842901],[983289,1842802],[982624,1842817],[982454,1842862],[982331,1842963],[982272,1843076],[982093,1843146],[982060,1843249],[982097,1843339],[982303,1843461],[982543,1843748],[982532,1844239],[982698,1844685],[982697,1844857],[982556,1845187],[982219,1845554],[982125,1845562],[982256,1845735],[982220,1845993],[982283,1845928],[982277,1846125],[982179,1846136],[982128,1846246],[982140,1846529],[982056,1846732],[982016,1846774],[981795,1846810],[981751,1846890],[981787,1847394],[981448,1847442],[981381,1847548],[981288,1848152],[981389,1848441],[981419,1848659],[981297,1848789],[981156,1848799],[980979,1848714],[980821,1848463],[980536,1848546],[980331,1848504],[980278,1848426],[980236,1848483],[980225,1848612],[980079,1848792],[979944,1849124],[980066,1849353],[980290,1849223],[980582,1849399],[980479,1849715],[980590,1849917],[980660,1849961],[980664,1850110],[980702,1850113],[980729,1850253],[980853,1850261],[980916,1850370],[980886,1850439],[980945,1850719],[981064,1850947],[981133,1851001],[981150,1851155],[981115,1851240],[981157,1851287],[981419,1851300],[981495,1851343],[981762,1851313],[981881,1851483],[982104,1851603],[982217,1851587],[982236,1851812],[982334,1851997],[982583,1852199],[982562,1852261],[982673,1852717],[982620,1852783],[982594,1852938],[982686,1853075],[982803,1853390],[982777,1853523],[982812,1853801],[982539,1854036],[982526,1854137],[982295,1854214],[982205,1854159],[982093,1854236],[981834,1854219],[981735,1854314],[981430,1854366],[981198,1854489],[981114,1854650],[981063,1854640],[980967,1854737],[980819,1854765],[980853,1854911],[980978,1854991],[981195,1855290],[981421,1855499],[981536,1855468],[981754,1855546],[981826,1855537],[981910,1855702],[982253,1855794],[982447,1855940],[982534,1856066],[982772,1856206],[982886,1856328],[982799,1856449],[982820,1856530],[982772,1856672],[982682,1856713],[982826,1857279],[982933,1857357],[982844,1857532],[982892,1857662],[982853,1857807],[982920,1858101],[983131,1858440],[982967,1858469],[982982,1858518],[983250,1858432],[983645,1858499],[983749,1858558],[983804,1858489]]]}},{"type":"Feature","properties":{"sgis_cd":"33044","datalab_cd":"43114","name":"청주시 청원구"},"geometry":{"type":"Polygon","coordinates":[[[1006037,1863993],[1006012,1863904],[1006120,1863751],[1006187,1863707],[1006348,1863730],[1006393,1863617],[1006698,1863255],[1006855,1863201],[1006877,1863143],[1007057,1863213],[1007104,1863129],[1007319,1862997],[1007465,1862650],[1007656,1862647],[1007798,1862499],[1007937,1862505],[1007889,1862135],[1007781,1861930],[1007904,1861756],[1008031,1861721],[1008062,1861675],[1008037,1861637],[1008102,1861312],[1008050,1861177],[1008107,1861062],[1008263,1860933],[1008341,1860927],[1008387,1860855],[1008513,1860814],[1008569,1860735],[1008711,1860729],[1008775,1860688],[1008969,1860859],[1009185,1860843],[1009208,1860882],[1009314,1860822],[1009361,1860669],[1009469,1860601],[1009521,1860448],[1009504,1860245],[1009655,1860193],[1009641,1860050],[1009704,1859989],[1009669,1859892],[1009705,1859813],[1009871,1859696],[1009862,1859541],[1009825,1859496],[1009852,1859362],[1009766,1859153],[1009947,1859025],[1009900,1858904],[1009934,1858835],[1010163,1858722],[1010288,1858358],[1010255,1858242],[1010325,1858057],[1010308,1857856],[1010538,1857710],[1010614,1857596],[1010602,1857245],[1010539,1857067],[1010574,1856817],[1010533,1856600],[1010479,1856588],[1010415,1856469],[1010252,1856319],[1010243,1856072],[1010132,1855857],[1010091,1855856],[1010006,1855745],[1009420,1855667],[1009261,1855564],[1009111,1855556],[1008983,1855612],[1008719,1855484],[1008707,1855361],[1008603,1855324],[1008575,1855213],[1008449,1855025],[1008102,1854853],[1008098,1854712],[1008189,1854461],[1008139,1854390],[1007995,1854370],[1007890,1854218],[1007760,1854156],[1007673,1853945],[1007389,1854076],[1007342,1854037],[1007290,1854077],[1007213,1854033],[1007076,1854028],[1007027,1853946],[1006937,1853901],[1006857,1853722],[1006768,1853701],[1006588,1853541],[1006571,1853436],[1006483,1853296],[1006325,1853305],[1006211,1853267],[1006134,1853199],[1006109,1853089],[1005986,1852937],[1005880,1852925],[1005856,1852960],[1005639,1852904],[1005365,1853032],[1005262,1852895],[1005097,1852868],[1005053,1852904],[1004925,1852892],[1004711,1852777],[1004420,1852780],[1004345,1852839],[1004214,1852619],[1004090,1852582],[1003856,1852307],[1003775,1852300],[1003591,1852393],[1003549,1852352],[1003470,1852384],[1003374,1852341],[1003301,1852400],[1003215,1852357],[1003133,1852200],[1003023,1852139],[1003018,1852080],[1002923,1852000],[1002969,1851886],[1003021,1851856],[1002822,1851707],[1002529,1851632],[1002367,1851403],[1002288,1851407],[1002233,1851363],[1002164,1851105],[1001648,1850773],[1001404,1850733],[1001280,1850592],[1001197,1850610],[1001156,1850559],[1000855,1850591],[1000753,1850514],[1000544,1850235],[1000456,1850245],[1000345,1850135],[1000162,1850045],[1000085,1849926],[999917,1849926],[999875,1849879],[999652,1849967],[999457,1849991],[999360,1849864],[998934,1849826],[998946,1849671],[998542,1849688],[998460,1849659],[998434,1849853],[998378,1849840],[998345,1849881],[997699,1850883],[997520,1851349],[997425,1851501],[997336,1851618],[997207,1851617],[996873,1852062],[996640,1852460],[996092,1852979],[995922,1853012],[995435,1852994],[995318,1853051],[995299,1853288],[995381,1853528],[995282,1853663],[995274,1853748],[995452,1853910],[995394,1854030],[995233,1854146],[994884,1854099],[994373,1853946],[994199,1853977],[994027,1854098],[993893,1854075],[993877,1854597],[993367,1854581],[993377,1854761],[993250,1854901],[993139,1855162],[992903,1855299],[992961,1855361],[991860,1856394],[991851,1856529],[992036,1856758],[992026,1856898],[991855,1856902],[991732,1856747],[991603,1856754],[991549,1856791],[991623,1856905],[991600,1856942],[991088,1857153],[991031,1857319],[990945,1857425],[990596,1857702],[990194,1857768],[989916,1857742],[989428,1857484],[989368,1857401],[989147,1857259],[988812,1857172],[988756,1857223],[988577,1857238],[988255,1857393],[988017,1857524],[987975,1857588],[987826,1857636],[987734,1857757],[987390,1857766],[987390,1857716],[987139,1857703],[986814,1857758],[986663,1857887],[985665,1857886],[985133,1858145],[984970,1858150],[984826,1858203],[984522,1858413],[984479,1858482],[984368,1858478],[984309,1858421],[983944,1858419],[983749,1858556],[984145,1859199],[984393,1859349],[984416,1859527],[984670,1859625],[984790,1859604],[984879,1859420],[984924,1859434],[985120,1859241],[985261,1859265],[985436,1859046],[985642,1859088],[985714,1859287],[985835,1859421],[985935,1859431],[985919,1859518],[985997,1859749],[985850,1860057],[985748,1860107],[985706,1860205],[985484,1860240],[985493,1860552],[985459,1860710],[985413,1860710],[985399,1860782],[985209,1860984],[985063,1860984],[985038,1861061],[985207,1861212],[985317,1861630],[985568,1861651],[985619,1861624],[985806,1861709],[985922,1861689],[986068,1861747],[986134,1861708],[986301,1861721],[986418,1861660],[986643,1861776],[986812,1861788],[986949,1861852],[986983,1861961],[987108,1862002],[987159,1862075],[987258,1862476],[987309,1862551],[987511,1862412],[987723,1862563],[987843,1862566],[987879,1862609],[988079,1862545],[988360,1862617],[988385,1862454],[988485,1862384],[988602,1862212],[988830,1862217],[988902,1862279],[989221,1862339],[989235,1862270],[989457,1862238],[989737,1862400],[989858,1862361],[989937,1862123],[989992,1862086],[989931,1861974],[990030,1861878],[990061,1861717],[990280,1861622],[990490,1861627],[990483,1861546],[990594,1861460],[990588,1861309],[990640,1861199],[990699,1861193],[990718,1861100],[990990,1860989],[991093,1861043],[991158,1861028],[991188,1860937],[991447,1860758],[991500,1860792],[991469,1860888],[991572,1861186],[991545,1861248],[991573,1861358],[991691,1861423],[991826,1861573],[991929,1861579],[992089,1861723],[992100,1861891],[992038,1862007],[992083,1861977],[992164,1862133],[992276,1862143],[992426,1862061],[992489,1862067],[992825,1862180],[992988,1862175],[993086,1862264],[993258,1862299],[993266,1862183],[993479,1862171],[993484,1862046],[993308,1861985],[993286,1861862],[993382,1861575],[993461,1861541],[993493,1861417],[993557,1861447],[993759,1861430],[993799,1861513],[993934,1861546],[993996,1861489],[994260,1861496],[994473,1861692],[994566,1861685],[994765,1861568],[994798,1861355],[994861,1861259],[994926,1861267],[994976,1861185],[995157,1861290],[995286,1861200],[995621,1861261],[995488,1861739],[995413,1861842],[995531,1862013],[995528,1862331],[995618,1862433],[995622,1862546],[996155,1862951],[996219,1863068],[996291,1863076],[996465,1863534],[996509,1863517],[996586,1863573],[996794,1863509],[996952,1863538],[997030,1863488],[997087,1863536],[997170,1863467],[997359,1863413],[997656,1863561],[997991,1863882],[998318,1864032],[998269,1864152],[998376,1864209],[998530,1864233],[998911,1864145],[999147,1863965],[999225,1864001],[999209,1864087],[999293,1864256],[999484,1864301],[999521,1864417],[999742,1864653],[1000446,1864595],[1000772,1864310],[1000816,1864019],[1000881,1863847],[1000916,1863877],[1000919,1863802],[1000835,1863492],[1000678,1863305],[1000691,1863231],[1000805,1863189],[1001659,1863470],[1002261,1863522],[1002864,1863635],[1003171,1863828],[1004432,1864152],[1004933,1864396],[1005452,1864501],[1005782,1864684],[1005801,1864587],[1005888,1864514],[1006037,1863993]]]}},{"type":"Feature","properties":{"sgis_cd":"33520","datalab_cd":"43720","name":"보은군"},"geometry":{"type":"Polygon","coordinates":[[[1026216,1845675],[1026318,1845464],[1026585,1845212],[1026697,1844958],[1026585,1844678],[1026559,1844488],[1026586,1844399],[1026489,1844201],[1026529,1843912],[1026784,1843566],[1026798,1843457],[1026701,1843315],[1026700,1843223],[1026880,1843191],[1026892,1843099],[1026981,1843007],[1027104,1842985],[1027147,1842909],[1027208,1842895],[1027277,1842664],[1027365,1842674],[1027562,1842528],[1027645,1842555],[1027665,1842501],[1027763,1842508],[1027854,1842451],[1028000,1842459],[1028213,1842256],[1028289,1842301],[1028338,1842214],[1028344,1842059],[1028398,1842060],[1028468,1841924],[1028770,1841749],[1029032,1841507],[1029290,1841576],[1029321,1841495],[1029446,1841770],[1029539,1841883],[1029902,1841756],[1030010,1841654],[1030073,1841468],[1030159,1841422],[1030656,1841472],[1030713,1841300],[1030854,1841314],[1031216,1841515],[1031527,1841543],[1031982,1841368],[1032250,1841191],[1032233,1840966],[1032622,1840756],[1032794,1840358],[1033027,1840291],[1033139,1840218],[1033364,1839534],[1033381,1839351],[1033204,1838708],[1033160,1838407],[1033513,1838191],[1033577,1838097],[1033654,1837732],[1033927,1837510],[1034315,1837532],[1034704,1837378],[1034797,1837400],[1035179,1837050],[1035318,1837025],[1035481,1837126],[1035715,1837026],[1035772,1836924],[1036030,1836782],[1036043,1836714],[1035940,1836596],[1035892,1836443],[1035912,1836218],[1036007,1835965],[1035909,1835826],[1035936,1835743],[1036001,1835721],[1036118,1835585],[1036030,1835118],[1036177,1834761],[1036265,1834709],[1036296,1834607],[1036368,1834559],[1036366,1834351],[1036278,1834244],[1036235,1834115],[1035940,1833878],[1035895,1833670],[1035704,1833588],[1035609,1833498],[1035363,1833483],[1035184,1833222],[1034950,1833094],[1034815,1832902],[1034589,1832886],[1034503,1832956],[1034214,1832902],[1034076,1832914],[1034012,1832694],[1034068,1832547],[1033686,1832369],[1033636,1832069],[1033615,1831791],[1033804,1831711],[1033921,1831582],[1034095,1831511],[1034158,1831263],[1034214,1831194],[1034255,1830985],[1034071,1830776],[1034129,1830588],[1034063,1830469],[1034118,1830168],[1033899,1830008],[1033962,1829861],[1034067,1829764],[1034223,1829428],[1034112,1829281],[1034035,1829024],[1033958,1828973],[1033942,1828683],[1034023,1828565],[1033924,1828376],[1033902,1828168],[1033819,1828046],[1033585,1827981],[1033465,1827600],[1033496,1827527],[1033441,1827252],[1033394,1827187],[1033285,1827176],[1033288,1827117],[1033362,1827089],[1033542,1826815],[1033483,1826742],[1033463,1826598],[1033567,1826417],[1033576,1826264],[1033623,1826211],[1033593,1826000],[1033656,1825857],[1033655,1825569],[1033602,1825568],[1033508,1825467],[1033436,1825259],[1033498,1825211],[1033865,1825223],[1033931,1825270],[1034308,1825270],[1034308,1825028],[1034270,1824883],[1034153,1824791],[1033984,1824410],[1033805,1824310],[1033682,1824158],[1033656,1823821],[1033594,1823812],[1033463,1823625],[1033504,1823295],[1033473,1823243],[1033370,1823127],[1033186,1823036],[1033133,1822968],[1033006,1822967],[1032938,1822911],[1032627,1822900],[1032666,1822738],[1032632,1822538],[1032754,1822351],[1032756,1822205],[1032805,1822167],[1032786,1822074],[1032850,1821982],[1032793,1821918],[1032554,1821848],[1032545,1821782],[1032611,1821751],[1032701,1821616],[1032887,1821634],[1033052,1821577],[1033103,1821626],[1033184,1821630],[1033319,1821538],[1033614,1821572],[1033695,1821523],[1033952,1821062],[1033924,1820973],[1034010,1820721],[1034120,1820658],[1034157,1820590],[1034280,1820578],[1034457,1820352],[1034366,1820058],[1034413,1819876],[1034364,1819704],[1034268,1819578],[1034129,1819504],[1034078,1819401],[1033773,1819420],[1033638,1819328],[1033362,1819474],[1033233,1819641],[1032875,1819577],[1032663,1819616],[1032577,1819709],[1032402,1819670],[1032191,1819694],[1031966,1819499],[1031822,1819503],[1031684,1819353],[1031428,1819444],[1031260,1819401],[1031146,1819449],[1030668,1819409],[1030561,1819489],[1030249,1819586],[1030133,1819147],[1030046,1819111],[1029839,1819130],[1029745,1819266],[1029780,1819585],[1029748,1819666],[1029642,1819700],[1029475,1819671],[1029383,1819830],[1029097,1819998],[1029060,1820185],[1028975,1820226],[1028953,1820322],[1028625,1820429],[1028572,1820512],[1028098,1820522],[1027835,1820591],[1027578,1820550],[1027167,1820607],[1026962,1820596],[1026897,1820736],[1026675,1820718],[1026436,1820841],[1026371,1821016],[1026067,1821319],[1025613,1821101],[1025357,1821130],[1025235,1821303],[1025004,1821295],[1024879,1821235],[1024853,1821153],[1024738,1821129],[1024286,1821146],[1024081,1821302],[1023822,1821421],[1023767,1821559],[1023672,1821617],[1023531,1821808],[1023347,1821539],[1023040,1821488],[1022892,1821542],[1022781,1821424],[1022527,1821313],[1022503,1821175],[1022349,1821163],[1022245,1821080],[1022252,1820974],[1022126,1820957],[1022061,1821013],[1021786,1821076],[1021759,1821160],[1021550,1821351],[1021456,1821354],[1021288,1821575],[1021058,1821696],[1020959,1821899],[1020894,1821810],[1020826,1821552],[1020757,1821442],[1020650,1821403],[1020439,1821500],[1020383,1821636],[1020357,1821625],[1020368,1821748],[1020271,1821782],[1020243,1821841],[1020149,1821800],[1019910,1821853],[1019587,1822112],[1019447,1822342],[1019435,1822453],[1019225,1822594],[1019231,1822711],[1019185,1822782],[1018919,1822916],[1018875,1823039],[1018668,1823245],[1018677,1823539],[1018839,1823857],[1018866,1824015],[1018834,1824050],[1018418,1824021],[1018303,1824167],[1017942,1824054],[1017734,1824155],[1017647,1824154],[1017485,1824291],[1017380,1824317],[1017344,1824411],[1017218,1824379],[1016690,1824558],[1016460,1824452],[1016256,1824573],[1016144,1824726],[1016190,1824791],[1016169,1824905],[1016112,1825140],[1016019,1825244],[1016027,1825459],[1015997,1825512],[1016091,1825809],[1016169,1825869],[1016114,1826286],[1016172,1826384],[1016179,1826511],[1016116,1826568],[1015790,1826645],[1015759,1826761],[1015496,1827005],[1015267,1827129],[1015113,1827358],[1014861,1827505],[1014749,1827497],[1014695,1827451],[1014662,1827396],[1014677,1827307],[1014565,1827285],[1014522,1827234],[1014512,1827075],[1014458,1827012],[1014272,1826990],[1014248,1826914],[1014176,1826872],[1014140,1826735],[1014021,1826727],[1014001,1826692],[1013927,1826712],[1013873,1826812],[1013802,1826800],[1013659,1826985],[1013531,1827197],[1013530,1827301],[1013451,1827296],[1013303,1827211],[1013231,1827290],[1013169,1827483],[1012972,1827534],[1012881,1827510],[1012812,1827348],[1012722,1827314],[1012669,1827230],[1012557,1826979],[1012544,1826742],[1012496,1826669],[1012516,1826599],[1012479,1826506],[1012334,1826463],[1012094,1826714],[1011931,1826782],[1011794,1826973],[1011761,1826717],[1011630,1826569],[1011641,1826526],[1011495,1826250],[1011518,1826129],[1011438,1825892],[1011481,1825685],[1011371,1825479],[1011293,1825426],[1011176,1825003],[1011105,1824972],[1011065,1825011],[1010989,1825002],[1010915,1824892],[1010761,1824775],[1010751,1824716],[1010810,1824691],[1010829,1824523],[1010752,1824463],[1010519,1824432],[1010577,1824206],[1010505,1824023],[1010535,1823836],[1010485,1823754],[1010507,1823676],[1010451,1823584],[1010470,1823526],[1010374,1823426],[1010383,1823324],[1010267,1823243],[1010230,1823072],[1010064,1822879],[1009647,1822837],[1009593,1822896],[1009333,1822946],[1009333,1823136],[1009279,1823315],[1009385,1823396],[1009365,1823456],[1009190,1823563],[1009114,1823323],[1009054,1823301],[1008865,1823369],[1008828,1823416],[1008884,1823649],[1008843,1823832],[1008773,1823818],[1008652,1823692],[1008563,1823747],[1008426,1823731],[1008373,1823782],[1008454,1823932],[1008428,1823968],[1008162,1823807],[1008056,1823871],[1008024,1824007],[1007894,1823935],[1007879,1824070],[1007936,1824170],[1007816,1824222],[1007656,1824189],[1007635,1824254],[1007736,1824327],[1007736,1824389],[1007692,1824425],[1007577,1824416],[1007495,1824581],[1007459,1824553],[1007475,1824429],[1007435,1824296],[1007308,1824181],[1007342,1824024],[1007328,1823789],[1007265,1823541],[1007160,1823374],[1006559,1822799],[1005901,1822272],[1005714,1822243],[1005213,1821977],[1005214,1822122],[1005018,1821960],[1004915,1821704],[1004850,1821705],[1004814,1821943],[1004939,1821968],[1005150,1822204],[1005352,1822305],[1005271,1822486],[1005050,1822465],[1004770,1822637],[1004636,1823111],[1004492,1823291],[1004182,1823475],[1004086,1823480],[1003845,1823841],[1003751,1824242],[1003790,1824640],[1003552,1824788],[1003387,1824734],[1003346,1824762],[1003277,1824719],[1003264,1824659],[1003160,1824603],[1003119,1824645],[1002634,1824633],[1002529,1824837],[1002334,1824820],[1002331,1824934],[1002180,1825100],[1002082,1825064],[1002000,1824929],[1001878,1824895],[1001787,1824699],[1001709,1824724],[1001481,1824980],[1001301,1824994],[1001510,1825914],[1001737,1826361],[1002571,1827047],[1002741,1827141],[1003519,1827492],[1003542,1827466],[1003933,1827630],[1004100,1827634],[1004060,1827839],[1004122,1828089],[1004171,1828094],[1004224,1828216],[1004298,1828235],[1004306,1828362],[1004399,1828463],[1004409,1828557],[1004567,1828620],[1004613,1828688],[1004766,1829063],[1004744,1829125],[1004814,1829262],[1004807,1829421],[1004866,1829561],[1004742,1829684],[1004987,1829794],[1004953,1829873],[1004988,1829976],[1005069,1830034],[1005112,1830264],[1005032,1830469],[1005252,1830496],[1005348,1830692],[1005289,1830820],[1005442,1830896],[1005587,1831221],[1005620,1831403],[1005772,1831377],[1005795,1831451],[1006008,1831559],[1005964,1831739],[1006028,1831852],[1006200,1831953],[1006299,1832064],[1006530,1832107],[1006582,1832265],[1006792,1832478],[1007027,1832515],[1006878,1832540],[1006833,1832643],[1006464,1832871],[1006486,1833050],[1006450,1833200],[1006376,1833280],[1006327,1833507],[1006287,1833520],[1006332,1833690],[1006272,1833952],[1006349,1834073],[1006326,1834208],[1006413,1834211],[1006522,1834497],[1006585,1834529],[1006513,1834829],[1006556,1834881],[1006506,1835359],[1006564,1835420],[1006462,1835575],[1006350,1835650],[1006216,1835966],[1006194,1836222],[1006142,1836276],[1006084,1836580],[1005848,1836871],[1005821,1836986],[1005965,1837061],[1006045,1837205],[1006151,1837242],[1006230,1837431],[1006431,1837592],[1006691,1837709],[1006832,1837713],[1006887,1837766],[1007118,1837730],[1007130,1837832],[1007193,1837886],[1007173,1838113],[1007237,1838251],[1007327,1838265],[1007416,1838220],[1007622,1838321],[1007678,1838398],[1007866,1838458],[1008017,1838401],[1008221,1838425],[1008435,1838731],[1008601,1838749],[1008858,1838958],[1009079,1838971],[1009271,1838912],[1009336,1838990],[1009718,1839115],[1009720,1839166],[1009857,1839249],[1010056,1839304],[1010134,1839534],[1010187,1839556],[1010171,1839701],[1010230,1839900],[1010487,1840199],[1010327,1840496],[1010210,1840575],[1010136,1840693],[1010122,1840838],[1009954,1841008],[1009989,1841201],[1009950,1841371],[1010054,1841399],[1010070,1841511],[1010536,1842200],[1010770,1842262],[1010828,1842316],[1010948,1842272],[1010976,1842337],[1010921,1842441],[1010931,1842592],[1011098,1842711],[1011322,1843028],[1011354,1843009],[1011499,1843140],[1011667,1843195],[1011679,1843395],[1011793,1843465],[1011797,1843526],[1011650,1843783],[1011685,1843913],[1011643,1843986],[1011855,1844188],[1011925,1844482],[1012135,1844720],[1012319,1844726],[1012568,1844873],[1012855,1845275],[1013080,1845427],[1013206,1845300],[1013297,1845309],[1013528,1845225],[1013628,1845236],[1013690,1844842],[1013774,1844736],[1013918,1844716],[1014218,1844847],[1014273,1844838],[1014367,1844987],[1014797,1844965],[1014837,1844765],[1015011,1844651],[1015072,1844527],[1015071,1844439],[1015128,1844342],[1015082,1844093],[1015406,1844224],[1015578,1844184],[1015777,1844329],[1015690,1844338],[1015804,1844333],[1015996,1844243],[1016020,1844090],[1016111,1844035],[1016148,1843857],[1016280,1843791],[1016380,1843858],[1016460,1843815],[1016731,1843821],[1016901,1843745],[1016920,1843666],[1017006,1843649],[1017167,1843521],[1017287,1843512],[1017325,1843441],[1017409,1843426],[1017694,1843493],[1017762,1843563],[1018107,1843721],[1018176,1843775],[1018195,1843906],[1018268,1843980],[1018278,1844061],[1018388,1844167],[1018753,1844268],[1018908,1844416],[1018907,1844532],[1018948,1844604],[1019064,1844673],[1019066,1844840],[1019123,1844930],[1019225,1844907],[1019318,1844969],[1019602,1844929],[1019694,1845004],[1019829,1844912],[1019935,1844953],[1020112,1844876],[1020253,1844706],[1020301,1844732],[1020371,1844907],[1020458,1844966],[1020539,1844898],[1020670,1844893],[1020900,1844730],[1021151,1844714],[1021211,1844637],[1021199,1844398],[1021106,1844236],[1021177,1844136],[1021229,1843893],[1021560,1843743],[1021640,1843630],[1021608,1843505],[1021652,1843402],[1021994,1843078],[1022341,1843227],[1022546,1843434],[1022755,1843536],[1022828,1843616],[1023375,1843663],[1023529,1843749],[1023575,1843719],[1023679,1843825],[1023748,1843819],[1023833,1843997],[1024078,1844034],[1024041,1844057],[1024035,1844237],[1024085,1844328],[1024051,1844451],[1024107,1844500],[1024129,1844849],[1024036,1845094],[1024358,1845412],[1024498,1845387],[1024724,1845512],[1024744,1845614],[1025169,1845693],[1025263,1845862],[1025389,1845935],[1025447,1846130],[1025599,1846252],[1026096,1845871],[1026216,1845675]]]}},{"type":"Feature","properties":{"sgis_cd":"33530","datalab_cd":"43730","name":"옥천군"},"geometry":{"type":"Polygon","coordinates":[[[1013298,1827214],[1013530,1827301],[1013531,1827197],[1013659,1826985],[1013802,1826800],[1013873,1826812],[1013927,1826712],[1014001,1826692],[1014021,1826727],[1014140,1826735],[1014176,1826872],[1014248,1826914],[1014272,1826990],[1014458,1827012],[1014512,1827075],[1014522,1827234],[1014565,1827285],[1014677,1827307],[1014662,1827396],[1014695,1827451],[1014749,1827497],[1014861,1827505],[1015113,1827358],[1015267,1827129],[1015496,1827005],[1015759,1826761],[1015790,1826645],[1016163,1826542],[1016172,1826384],[1016114,1826286],[1016169,1825869],[1016091,1825809],[1015997,1825512],[1016027,1825459],[1016019,1825244],[1016112,1825140],[1016169,1824905],[1016190,1824791],[1016144,1824726],[1016256,1824573],[1016460,1824452],[1016690,1824558],[1017218,1824379],[1017344,1824411],[1017380,1824317],[1017485,1824291],[1017647,1824154],[1017734,1824155],[1017942,1824054],[1018303,1824167],[1018418,1824021],[1018834,1824050],[1018866,1824015],[1018839,1823857],[1018677,1823539],[1018668,1823245],[1018875,1823039],[1018919,1822916],[1019185,1822782],[1019231,1822711],[1019225,1822594],[1019435,1822453],[1019447,1822342],[1019587,1822112],[1019910,1821853],[1020149,1821800],[1020243,1821841],[1020271,1821782],[1020368,1821748],[1020357,1821625],[1020383,1821636],[1020439,1821500],[1020650,1821403],[1020757,1821442],[1020826,1821552],[1020894,1821810],[1020959,1821899],[1021058,1821696],[1021288,1821575],[1021456,1821354],[1021550,1821351],[1021759,1821160],[1021786,1821076],[1022061,1821013],[1022126,1820957],[1022252,1820974],[1022245,1821080],[1022349,1821163],[1022503,1821175],[1022527,1821313],[1022781,1821424],[1022892,1821542],[1023040,1821488],[1023347,1821539],[1023531,1821808],[1023672,1821617],[1023767,1821559],[1023822,1821421],[1024081,1821302],[1024286,1821146],[1024738,1821129],[1024853,1821153],[1024879,1821235],[1025004,1821295],[1025235,1821303],[1025357,1821130],[1025613,1821101],[1026067,1821319],[1026371,1821016],[1026436,1820841],[1026675,1820718],[1026897,1820736],[1026962,1820596],[1027167,1820607],[1027578,1820550],[1027835,1820591],[1028098,1820522],[1028572,1820512],[1028625,1820429],[1028953,1820322],[1028975,1820226],[1029060,1820185],[1029097,1819998],[1029383,1819830],[1029475,1819671],[1029642,1819700],[1029748,1819666],[1029780,1819585],[1029745,1819266],[1029839,1819130],[1030046,1819111],[1030133,1819147],[1030249,1819586],[1030561,1819489],[1030668,1819409],[1031146,1819449],[1031260,1819401],[1031428,1819444],[1031684,1819353],[1031822,1819503],[1031966,1819499],[1032148,1819672],[1032246,1819709],[1032338,1819669],[1032577,1819709],[1032663,1819616],[1032875,1819577],[1033233,1819641],[1033362,1819474],[1033638,1819328],[1033773,1819420],[1034078,1819401],[1034417,1819312],[1034435,1819227],[1034557,1819119],[1034575,1818801],[1034624,1818753],[1034616,1818674],[1034677,1818534],[1034838,1818440],[1035010,1818271],[1035104,1818100],[1035069,1818016],[1035066,1817754],[1034601,1817546],[1034549,1817296],[1034591,1817042],[1034556,1816925],[1034430,1816918],[1034347,1816773],[1034332,1816570],[1034219,1816475],[1034137,1816508],[1034038,1816462],[1033835,1816542],[1033738,1816502],[1033691,1816531],[1033215,1816296],[1033266,1816103],[1033203,1815895],[1033065,1815779],[1033008,1815608],[1032842,1815578],[1032825,1815417],[1032694,1815393],[1032526,1815493],[1032445,1815409],[1032478,1815139],[1032341,1815205],[1032028,1815009],[1032014,1814937],[1031825,1814865],[1031736,1814989],[1031665,1815011],[1031595,1814839],[1031645,1814798],[1031580,1814673],[1031595,1814498],[1031524,1814430],[1031551,1814129],[1031480,1813774],[1031452,1813712],[1031344,1813657],[1031314,1813568],[1031114,1813466],[1031051,1813487],[1030987,1813287],[1030903,1813309],[1030776,1813230],[1030567,1813199],[1030359,1813022],[1030101,1812874],[1030119,1812765],[1030079,1812700],[1029829,1812718],[1029509,1812578],[1029179,1812577],[1029141,1812471],[1029071,1812444],[1028959,1812310],[1029013,1812171],[1028817,1812030],[1028704,1812234],[1028642,1812503],[1028639,1812748],[1028560,1812767],[1028474,1812573],[1028223,1812361],[1028166,1812346],[1028119,1812421],[1027787,1812438],[1027747,1812503],[1027698,1812498],[1027396,1812006],[1027289,1811977],[1027249,1811903],[1027054,1811862],[1026982,1811786],[1026967,1811610],[1027062,1811473],[1027071,1811390],[1027038,1811203],[1026899,1811261],[1026639,1811171],[1026511,1811196],[1026462,1811143],[1026515,1811034],[1026440,1810395],[1026163,1810477],[1025957,1810446],[1025871,1810319],[1025839,1810183],[1025753,1810133],[1025564,1810269],[1025482,1810380],[1025355,1810346],[1025294,1810272],[1025229,1810302],[1025108,1810271],[1024926,1810321],[1024822,1810392],[1024768,1810544],[1024680,1810490],[1024633,1810527],[1024545,1810480],[1024408,1810338],[1024260,1810363],[1024187,1810302],[1024227,1810130],[1024176,1810059],[1024219,1809983],[1024180,1809854],[1024112,1809793],[1024020,1809859],[1023928,1809853],[1023871,1809804],[1023868,1809721],[1023754,1809699],[1023723,1809664],[1023754,1809490],[1023518,1809234],[1023550,1809177],[1023479,1809068],[1023520,1808884],[1023488,1808788],[1023585,1808757],[1023499,1808308],[1023387,1808181],[1023291,1808176],[1023175,1808105],[1022978,1807881],[1022741,1807992],[1022621,1808117],[1022428,1808054],[1022347,1808112],[1022097,1808154],[1022069,1808220],[1021756,1808211],[1021559,1808342],[1021411,1808359],[1021339,1808414],[1021174,1808412],[1020952,1808662],[1020745,1808817],[1020581,1808798],[1020378,1808633],[1020252,1808439],[1020034,1808269],[1020030,1808153],[1019912,1808045],[1019777,1808043],[1019669,1808115],[1019554,1808015],[1019222,1807950],[1019119,1807760],[1019116,1807810],[1019114,1807660],[1019048,1807657],[1019283,1807341],[1018847,1807353],[1018557,1807288],[1018299,1807016],[1018125,1807077],[1017993,1806869],[1017915,1806709],[1017823,1806311],[1017749,1806269],[1017692,1806060],[1017606,1805942],[1017544,1806007],[1017450,1805925],[1017374,1805755],[1017395,1805673],[1017345,1805568],[1017370,1805460],[1017332,1805373],[1017375,1805298],[1017367,1805211],[1017285,1805059],[1017192,1804566],[1017105,1804476],[1017056,1804489],[1016999,1804437],[1016968,1804353],[1016921,1804348],[1016842,1804233],[1016753,1804225],[1016718,1804272],[1016659,1804243],[1016614,1803958],[1016415,1803771],[1016446,1803554],[1016255,1803329],[1016221,1803183],[1016271,1803089],[1016044,1803074],[1015644,1802902],[1015608,1802919],[1015506,1802795],[1015277,1802927],[1015147,1802911],[1014927,1802962],[1014717,1802914],[1014455,1803137],[1014384,1803263],[1014246,1803312],[1014032,1803583],[1013832,1803264],[1013541,1803117],[1013550,1802912],[1013493,1802705],[1013508,1802523],[1013689,1802312],[1013687,1802068],[1013448,1801655],[1013437,1801414],[1013344,1801115],[1013439,1800933],[1013453,1800724],[1013564,1800484],[1013667,1800386],[1013728,1800225],[1013878,1800122],[1013699,1799998],[1013658,1799695],[1013845,1799622],[1013842,1799493],[1013899,1799418],[1013841,1799331],[1013860,1799210],[1013827,1799088],[1013683,1798867],[1013620,1798833],[1013615,1798748],[1013487,1798694],[1013542,1798400],[1013669,1798326],[1013779,1798124],[1013842,1798084],[1013941,1797913],[1013945,1797808],[1013872,1797647],[1013717,1797494],[1013670,1797220],[1013464,1797078],[1013358,1797162],[1013139,1797145],[1012937,1797240],[1012807,1797475],[1012643,1797528],[1012541,1797642],[1012487,1797651],[1012378,1797830],[1012219,1797918],[1012148,1797888],[1012057,1798000],[1012071,1798170],[1012031,1798212],[1011709,1797977],[1011602,1797960],[1011541,1798015],[1011431,1797881],[1011269,1797971],[1011143,1798218],[1010941,1798215],[1010864,1798308],[1010671,1798298],[1010574,1798377],[1010317,1798481],[1010281,1798552],[1009999,1798461],[1009882,1798533],[1009791,1798706],[1009734,1798734],[1009511,1798626],[1009341,1798706],[1009150,1798583],[1008765,1798661],[1008652,1799042],[1008576,1799111],[1008502,1799324],[1008359,1799459],[1008416,1799698],[1008312,1799788],[1008468,1799970],[1008571,1800206],[1008750,1800351],[1008833,1800585],[1008925,1800614],[1008900,1800692],[1008959,1800886],[1008922,1801128],[1008848,1801265],[1008894,1801385],[1008880,1801455],[1008657,1801639],[1008805,1801910],[1008780,1802120],[1008810,1802217],[1008506,1802482],[1008337,1802519],[1008309,1802686],[1008188,1802723],[1008148,1802824],[1008134,1803126],[1007975,1803148],[1007829,1803078],[1007780,1803100],[1007756,1803379],[1007621,1803675],[1007511,1803791],[1007407,1803828],[1007340,1803800],[1007209,1803852],[1007148,1803957],[1006728,1803868],[1006547,1803982],[1006312,1804037],[1006204,1803935],[1006020,1803865],[1005904,1803584],[1005734,1803372],[1005686,1803421],[1005630,1803412],[1005600,1803491],[1005534,1803531],[1005412,1803509],[1005235,1803373],[1005035,1803330],[1004886,1803223],[1004291,1803126],[1004074,1803148],[1004053,1803471],[1004142,1803567],[1004266,1803901],[1004383,1804502],[1004480,1804580],[1004410,1804725],[1004243,1804710],[1003902,1804926],[1003799,1804911],[1003631,1804956],[1003407,1805062],[1003275,1805380],[1003153,1805566],[1003307,1805958],[1003256,1806000],[1002926,1805962],[1002735,1805720],[1002606,1805661],[1002421,1805678],[1002356,1805540],[1002143,1805474],[1002113,1805346],[1001967,1805181],[1001903,1805180],[1001847,1805120],[1001629,1804825],[1001414,1804814],[1001325,1804889],[1001229,1804790],[1001189,1804827],[1001074,1804830],[1000853,1804634],[1000195,1804492],[999931,1804564],[999333,1804527],[999339,1804696],[999394,1804811],[999306,1805020],[999345,1805093],[999310,1805239],[999260,1805327],[999126,1805308],[999049,1805420],[999034,1805536],[998971,1805590],[998992,1805723],[998962,1805865],[998887,1806022],[999136,1806309],[999057,1806522],[999100,1806676],[999079,1806749],[999006,1806790],[998876,1806777],[998771,1806885],[998783,1807043],[998747,1807110],[998875,1807345],[998952,1807772],[999090,1807832],[999125,1807900],[999052,1808062],[998990,1808382],[999337,1808688],[999370,1808781],[999711,1809105],[999758,1809229],[999868,1809337],[999909,1809532],[999802,1809711],[999786,1809915],[999620,1810055],[999602,1810312],[999468,1810572],[999435,1810573],[999343,1810854],[999208,1811078],[999247,1811331],[999424,1811515],[999532,1811495],[999642,1811343],[999691,1811535],[999769,1811584],[999805,1811926],[999908,1812038],[999838,1812288],[999739,1812352],[999657,1812588],[999470,1812751],[999497,1812803],[999623,1812846],[999792,1813147],[999805,1813229],[999731,1813400],[999719,1813566],[999639,1813614],[999998,1813712],[1000266,1814250],[1000148,1814623],[1000154,1814938],[1000083,1815061],[1000141,1815427],[1000049,1815598],[1000050,1815767],[1000120,1815853],[1000438,1815956],[1000407,1816075],[1000542,1816102],[1000724,1816205],[1000667,1816544],[1000821,1816598],[1001074,1816524],[1001167,1816673],[1001336,1816709],[1001416,1816808],[1001582,1816749],[1001544,1816882],[1001738,1816994],[1001834,1817113],[1001939,1817370],[1002009,1817435],[1002072,1817659],[1001974,1817829],[1002054,1817913],[1002065,1818011],[1002195,1818229],[1002186,1818402],[1002229,1818467],[1002161,1818720],[1002227,1818785],[1002240,1818886],[1002331,1818953],[1002384,1819181],[1002324,1819311],[1002318,1819615],[1002227,1819756],[1002232,1819890],[1002311,1820010],[1002322,1820168],[1002271,1820250],[1002240,1820441],[1002225,1820704],[1002293,1820862],[1002205,1820999],[1002236,1821115],[1002302,1821095],[1002404,1821132],[1002539,1821284],[1002637,1821321],[1002606,1821403],[1002704,1821524],[1002849,1821494],[1002997,1821586],[1002998,1821786],[1003164,1821896],[1003356,1821941],[1003512,1822190],[1003517,1822268],[1003571,1822251],[1003605,1822182],[1003866,1822170],[1003911,1822069],[1004203,1822105],[1004356,1822173],[1004486,1822155],[1004605,1821950],[1004720,1821974],[1004814,1821943],[1004850,1821705],[1004915,1821704],[1005018,1821960],[1005214,1822122],[1005213,1821977],[1005714,1822243],[1005901,1822272],[1006559,1822799],[1007220,1823443],[1007328,1823789],[1007342,1824024],[1007308,1824181],[1007435,1824296],[1007475,1824429],[1007459,1824553],[1007495,1824581],[1007577,1824416],[1007692,1824425],[1007736,1824389],[1007736,1824327],[1007635,1824254],[1007656,1824189],[1007816,1824222],[1007936,1824170],[1007879,1824070],[1007894,1823935],[1008024,1824007],[1008056,1823871],[1008162,1823807],[1008428,1823968],[1008454,1823932],[1008373,1823782],[1008426,1823731],[1008563,1823747],[1008652,1823692],[1008773,1823818],[1008843,1823832],[1008884,1823649],[1008828,1823416],[1008865,1823369],[1009054,1823301],[1009114,1823323],[1009190,1823563],[1009365,1823456],[1009385,1823396],[1009279,1823315],[1009333,1823136],[1009333,1822946],[1009593,1822896],[1009647,1822837],[1010064,1822879],[1010230,1823072],[1010267,1823243],[1010383,1823324],[1010374,1823426],[1010470,1823526],[1010451,1823584],[1010507,1823676],[1010485,1823754],[1010535,1823836],[1010505,1824023],[1010577,1824206],[1010519,1824432],[1010752,1824463],[1010829,1824523],[1010810,1824691],[1010751,1824716],[1010761,1824775],[1010915,1824892],[1010989,1825002],[1011065,1825011],[1011105,1824972],[1011176,1825003],[1011293,1825426],[1011371,1825479],[1011481,1825685],[1011438,1825892],[1011518,1826129],[1011495,1826250],[1011641,1826526],[1011630,1826569],[1011761,1826717],[1011794,1826973],[1011931,1826782],[1012094,1826714],[1012334,1826463],[1012479,1826506],[1012516,1826599],[1012496,1826669],[1012544,1826742],[1012557,1826979],[1012669,1827230],[1012722,1827314],[1012812,1827348],[1012881,1827510],[1012972,1827534],[1013169,1827483],[1013231,1827290],[1013298,1827214]]]}},{"type":"Feature","properties":{"sgis_cd":"33540","datalab_cd":"43740","name":"영동군"},"geometry":{"type":"Polygon","coordinates":[[[1030922,1813296],[1030998,1813281],[1030902,1813133],[1030939,1812945],[1030775,1812802],[1030656,1812572],[1030661,1812385],[1030763,1812282],[1030819,1812144],[1030926,1812065],[1030989,1811950],[1030982,1811819],[1031143,1811549],[1031109,1811220],[1031050,1811109],[1031037,1810764],[1031128,1810512],[1031356,1810223],[1031409,1809953],[1031379,1809853],[1031457,1809594],[1031454,1809481],[1031389,1809378],[1031512,1809023],[1031487,1808907],[1031560,1808744],[1031524,1808633],[1031643,1808564],[1031919,1808726],[1032339,1808857],[1032411,1808927],[1032767,1808768],[1032996,1808876],[1033073,1808847],[1033271,1808874],[1033808,1808789],[1034367,1808565],[1034452,1808861],[1034652,1809282],[1034739,1809671],[1035013,1810285],[1035209,1810585],[1035447,1810783],[1035777,1811214],[1036172,1811595],[1036298,1811646],[1036421,1811329],[1036404,1811152],[1036465,1810965],[1036489,1810674],[1036418,1810511],[1036560,1809987],[1036649,1809879],[1036957,1809623],[1037315,1809478],[1037579,1809296],[1038037,1809130],[1038216,1809221],[1038302,1809128],[1038700,1809056],[1038793,1808914],[1038858,1808916],[1038959,1808825],[1039015,1808452],[1039245,1808293],[1039264,1808174],[1039335,1808066],[1039484,1807960],[1039724,1807871],[1039774,1807809],[1039962,1807865],[1040183,1807867],[1040286,1807413],[1040258,1807319],[1040305,1807112],[1040276,1806786],[1040358,1806693],[1040839,1806759],[1041341,1806224],[1041549,1806191],[1041759,1806316],[1041848,1806170],[1042056,1806001],[1042276,1806010],[1042403,1806202],[1042971,1806478],[1042999,1806643],[1042934,1806705],[1042938,1806779],[1042825,1806998],[1042908,1807147],[1043000,1807180],[1043220,1807491],[1043471,1807396],[1043680,1807420],[1043815,1807509],[1043928,1807450],[1044063,1807458],[1044169,1807544],[1044181,1807665],[1044249,1807699],[1044298,1807811],[1044409,1807911],[1044577,1807988],[1044688,1807973],[1044767,1808020],[1044955,1807802],[1045057,1807915],[1045203,1807986],[1045331,1808193],[1045407,1808190],[1045590,1808297],[1045653,1808390],[1045803,1808439],[1045927,1808419],[1046272,1808141],[1046312,1808016],[1046621,1807906],[1047267,1807976],[1047330,1807694],[1047440,1807629],[1047515,1807655],[1047608,1807604],[1047772,1807291],[1047816,1807317],[1047945,1807274],[1048580,1806952],[1048833,1806931],[1049172,1806728],[1049028,1806236],[1049002,1806211],[1048754,1806255],[1048537,1806223],[1048464,1806135],[1048308,1805738],[1048112,1805566],[1048129,1805271],[1047941,1805121],[1047952,1805080],[1047825,1805054],[1047614,1804885],[1047687,1804853],[1047732,1804633],[1047783,1804571],[1047769,1804491],[1047886,1804361],[1047907,1804188],[1048103,1804069],[1048153,1803961],[1048228,1803911],[1048242,1803747],[1048354,1803726],[1048469,1803632],[1048474,1803308],[1048572,1803190],[1048442,1802912],[1048555,1802770],[1048659,1802502],[1048735,1802399],[1049217,1802246],[1049443,1802283],[1049464,1802086],[1049418,1801949],[1049452,1801891],[1049380,1801647],[1049495,1801318],[1049512,1801122],[1049606,1801023],[1049731,1800970],[1050007,1800691],[1050149,1800693],[1050177,1800599],[1050108,1800550],[1049939,1800580],[1049877,1800510],[1049755,1800511],[1049705,1800549],[1049641,1800525],[1049437,1800352],[1049263,1800302],[1049116,1800092],[1049036,1800041],[1048894,1799998],[1048761,1800068],[1048620,1799857],[1048499,1799862],[1048427,1799803],[1048315,1799998],[1048242,1800032],[1048210,1800200],[1048080,1800262],[1047941,1800469],[1047805,1800483],[1047802,1800561],[1047717,1800679],[1047468,1800729],[1047345,1801021],[1047127,1801137],[1047108,1801182],[1046737,1801331],[1046522,1801337],[1046457,1801405],[1046336,1801367],[1046159,1801451],[1046022,1801400],[1045821,1801476],[1045518,1801248],[1045358,1801239],[1045217,1801291],[1045184,1801228],[1044988,1801203],[1044807,1801242],[1044773,1801125],[1044654,1801081],[1044476,1800897],[1044449,1800719],[1044330,1800601],[1044324,1800433],[1043980,1800379],[1043943,1800469],[1043589,1800576],[1043464,1800428],[1043306,1800323],[1042975,1800213],[1043023,1800099],[1043146,1799972],[1043398,1800015],[1043262,1799967],[1043044,1799672],[1042820,1799540],[1042814,1799137],[1042739,1799058],[1042820,1798966],[1042815,1798914],[1043050,1798655],[1043087,1798547],[1043178,1798498],[1043191,1798348],[1043284,1798109],[1043414,1798007],[1043536,1798004],[1043541,1797866],[1043402,1797612],[1043437,1797547],[1043380,1797338],[1043402,1797159],[1043434,1797084],[1043543,1797040],[1043757,1796856],[1043760,1796777],[1043827,1796707],[1044086,1796620],[1044032,1796405],[1044085,1796316],[1044117,1795867],[1044164,1795816],[1044315,1795793],[1044377,1795711],[1044509,1795713],[1044645,1795611],[1044723,1795492],[1044529,1795230],[1044381,1795163],[1044382,1795090],[1044147,1795040],[1044121,1794988],[1044155,1794897],[1043854,1794591],[1043900,1794325],[1044008,1794213],[1043908,1794072],[1043893,1793938],[1043840,1793869],[1043903,1793585],[1043851,1793522],[1043848,1793411],[1043927,1793251],[1043986,1792977],[1043885,1792811],[1043951,1792703],[1043891,1792532],[1043809,1792446],[1043558,1792405],[1043274,1792143],[1043067,1792127],[1042934,1791892],[1042872,1791852],[1042563,1791754],[1042309,1791754],[1042266,1791633],[1042009,1791329],[1042002,1791032],[1041868,1790748],[1041918,1790645],[1041920,1790411],[1042119,1790134],[1042212,1789809],[1042187,1789674],[1042005,1789355],[1041847,1789172],[1041826,1788832],[1041383,1788714],[1041375,1788480],[1041274,1788229],[1041298,1787940],[1041355,1787770],[1041489,1787728],[1041510,1787453],[1041568,1787436],[1041542,1787146],[1041501,1787065],[1041584,1786792],[1041583,1786642],[1041506,1786429],[1041501,1786033],[1041220,1785909],[1040837,1785585],[1040702,1785405],[1040725,1785298],[1040598,1784993],[1040517,1784851],[1040318,1784729],[1040275,1784568],[1039974,1784463],[1039297,1783887],[1039106,1783875],[1038972,1783810],[1038955,1783842],[1038747,1783703],[1038601,1783777],[1038524,1783900],[1038401,1783963],[1038297,1784078],[1038079,1784120],[1037880,1784215],[1037791,1784170],[1037565,1784202],[1037498,1784255],[1037207,1783902],[1037091,1783810],[1036967,1783830],[1036876,1783758],[1036746,1783535],[1036508,1783307],[1036495,1783200],[1036348,1783025],[1036329,1782707],[1036276,1782546],[1035811,1782424],[1035780,1782349],[1035479,1782381],[1035275,1782201],[1035131,1782166],[1035003,1782068],[1034911,1782051],[1034791,1782164],[1034669,1782183],[1034676,1781910],[1034545,1781788],[1034548,1781314],[1034291,1781001],[1033996,1780796],[1033948,1780696],[1033577,1780775],[1033467,1780841],[1033134,1780832],[1032990,1780890],[1032825,1781046],[1032761,1781284],[1032487,1781683],[1032266,1781790],[1032042,1781844],[1031782,1782528],[1031437,1782550],[1031400,1782596],[1031159,1782527],[1030917,1782403],[1030806,1782278],[1030547,1782166],[1030494,1782212],[1030363,1782201],[1029765,1782091],[1029691,1781956],[1029347,1781836],[1029300,1781747],[1029063,1781635],[1028995,1781543],[1028811,1781486],[1028696,1781300],[1028495,1781296],[1028345,1781397],[1028252,1781301],[1028069,1781263],[1028028,1781214],[1027861,1781165],[1027788,1781219],[1027718,1781206],[1027525,1781056],[1027344,1781094],[1027310,1781133],[1027171,1781068],[1027126,1781125],[1026979,1781066],[1026783,1780948],[1026744,1780712],[1026508,1780545],[1026458,1780479],[1026457,1780388],[1026338,1780384],[1026204,1780258],[1026087,1779990],[1025918,1779780],[1025557,1779992],[1025369,1780001],[1024805,1779874],[1024799,1779839],[1024226,1779559],[1023987,1779520],[1023814,1779544],[1023569,1779643],[1023364,1779852],[1023364,1779931],[1023665,1780558],[1023629,1780839],[1023570,1780958],[1023404,1781004],[1022873,1780831],[1022905,1780886],[1022671,1781011],[1022418,1781364],[1022281,1781456],[1021946,1781319],[1021894,1781055],[1021825,1780937],[1021758,1780911],[1021574,1781014],[1021381,1781467],[1021157,1781744],[1020795,1781742],[1020593,1781587],[1020499,1781452],[1020539,1781585],[1020274,1781752],[1020140,1781629],[1020036,1781704],[1019746,1781690],[1019580,1781976],[1019224,1782117],[1019066,1782136],[1018668,1782049],[1018533,1781924],[1018563,1782002],[1018534,1782027],[1018344,1781970],[1018191,1782064],[1018175,1782121],[1018037,1782210],[1017979,1782465],[1017697,1782710],[1017669,1783011],[1017566,1783243],[1017606,1783394],[1017574,1783664],[1017657,1783739],[1017653,1783855],[1017581,1783999],[1017643,1784176],[1017556,1784520],[1017570,1784665],[1017527,1784693],[1017395,1784575],[1017250,1784625],[1017178,1784587],[1017013,1785033],[1017022,1785101],[1016939,1785109],[1016710,1785047],[1016287,1784608],[1016024,1784435],[1015957,1784304],[1015808,1784339],[1015588,1784095],[1015452,1784033],[1015381,1783914],[1015237,1783820],[1015250,1783723],[1015338,1783633],[1015429,1783609],[1015476,1783525],[1015459,1783336],[1015361,1783141],[1015396,1783009],[1015472,1782944],[1015560,1782765],[1015362,1782571],[1015260,1782541],[1015229,1782434],[1015137,1782435],[1014811,1782306],[1014616,1782428],[1014494,1782382],[1014361,1782541],[1014345,1782638],[1014408,1782826],[1014274,1783071],[1014233,1783434],[1014080,1783697],[1014083,1783794],[1013935,1783976],[1013983,1784134],[1013889,1784317],[1013909,1784424],[1013830,1784412],[1013710,1784504],[1013562,1784497],[1013424,1784576],[1013367,1785084],[1013017,1785554],[1012619,1785712],[1012526,1785709],[1012433,1785758],[1012442,1785713],[1012372,1785945],[1012084,1786307],[1012125,1786653],[1011902,1786975],[1011980,1787113],[1011898,1787277],[1011685,1787439],[1011392,1787858],[1011179,1787947],[1011103,1788200],[1010804,1788244],[1010735,1788200],[1010678,1788267],[1010557,1788519],[1010595,1788806],[1010564,1788959],[1010646,1789088],[1010557,1789242],[1010524,1789772],[1010710,1790020],[1010719,1790217],[1010469,1790513],[1010177,1790541],[1010040,1790919],[1009968,1790964],[1009902,1791156],[1009907,1791294],[1009772,1791276],[1009771,1791203],[1009687,1791125],[1009538,1791092],[1009497,1791249],[1009287,1791516],[1008927,1791774],[1008876,1792043],[1008627,1792083],[1008570,1792354],[1008435,1792421],[1008431,1792484],[1008329,1792567],[1008216,1792831],[1008122,1792878],[1008051,1793033],[1008050,1793126],[1008122,1793197],[1008124,1793303],[1008179,1793365],[1008163,1793521],[1008198,1793609],[1008146,1793773],[1008136,1794035],[1008182,1794202],[1008264,1794288],[1008281,1794432],[1008352,1794512],[1008403,1794832],[1008627,1795162],[1008786,1795238],[1008860,1795319],[1009144,1795887],[1009085,1796250],[1009127,1796663],[1009093,1796800],[1009126,1796888],[1008870,1797415],[1008666,1797474],[1008498,1797607],[1008369,1797811],[1008535,1798061],[1008474,1798345],[1008537,1798351],[1008787,1798648],[1009150,1798583],[1009341,1798706],[1009511,1798626],[1009734,1798734],[1009791,1798706],[1009882,1798533],[1009999,1798461],[1010281,1798552],[1010317,1798481],[1010574,1798377],[1010671,1798298],[1010864,1798308],[1010941,1798215],[1011143,1798218],[1011269,1797971],[1011431,1797881],[1011541,1798015],[1011602,1797960],[1011709,1797977],[1012031,1798212],[1012071,1798170],[1012057,1798000],[1012148,1797888],[1012219,1797918],[1012378,1797830],[1012487,1797651],[1012541,1797642],[1012643,1797528],[1012807,1797475],[1012937,1797240],[1013139,1797145],[1013358,1797162],[1013464,1797078],[1013670,1797220],[1013717,1797494],[1013872,1797647],[1013945,1797808],[1013941,1797913],[1013842,1798084],[1013779,1798124],[1013669,1798326],[1013542,1798400],[1013487,1798694],[1013615,1798748],[1013620,1798833],[1013683,1798867],[1013827,1799088],[1013860,1799210],[1013841,1799331],[1013899,1799418],[1013842,1799493],[1013845,1799622],[1013658,1799695],[1013699,1799998],[1013878,1800122],[1013728,1800225],[1013667,1800386],[1013564,1800484],[1013453,1800724],[1013439,1800933],[1013344,1801115],[1013437,1801414],[1013448,1801655],[1013687,1802068],[1013689,1802312],[1013508,1802523],[1013493,1802705],[1013550,1802912],[1013533,1803099],[1013832,1803264],[1014032,1803583],[1014246,1803312],[1014384,1803263],[1014455,1803137],[1014717,1802914],[1014927,1802962],[1015147,1802911],[1015277,1802927],[1015506,1802795],[1015608,1802919],[1015644,1802902],[1016044,1803074],[1016271,1803089],[1016221,1803183],[1016255,1803329],[1016446,1803554],[1016415,1803771],[1016614,1803958],[1016659,1804243],[1016718,1804272],[1016753,1804225],[1016842,1804233],[1016921,1804348],[1016968,1804353],[1016999,1804437],[1017056,1804489],[1017105,1804476],[1017192,1804566],[1017285,1805059],[1017367,1805211],[1017375,1805298],[1017332,1805373],[1017370,1805460],[1017345,1805568],[1017395,1805673],[1017374,1805755],[1017450,1805925],[1017544,1806007],[1017606,1805942],[1017692,1806060],[1017749,1806269],[1017823,1806311],[1017915,1806709],[1017993,1806869],[1018125,1807077],[1018299,1807016],[1018557,1807288],[1018847,1807353],[1019283,1807341],[1019048,1807657],[1019114,1807660],[1019116,1807810],[1019119,1807760],[1019222,1807950],[1019554,1808015],[1019669,1808115],[1019777,1808043],[1019912,1808045],[1020030,1808153],[1020034,1808269],[1020252,1808439],[1020378,1808633],[1020581,1808798],[1020745,1808817],[1020952,1808662],[1021174,1808412],[1021339,1808414],[1021411,1808359],[1021559,1808342],[1021756,1808211],[1022069,1808220],[1022097,1808154],[1022347,1808112],[1022428,1808054],[1022621,1808117],[1022741,1807992],[1022978,1807881],[1023175,1808105],[1023291,1808176],[1023387,1808181],[1023499,1808308],[1023585,1808757],[1023488,1808788],[1023520,1808884],[1023479,1809068],[1023550,1809177],[1023518,1809234],[1023754,1809490],[1023723,1809664],[1023754,1809699],[1023868,1809721],[1023871,1809804],[1023928,1809853],[1024020,1809859],[1024112,1809793],[1024180,1809854],[1024219,1809983],[1024176,1810059],[1024227,1810130],[1024187,1810302],[1024260,1810363],[1024408,1810338],[1024545,1810480],[1024633,1810527],[1024680,1810490],[1024768,1810544],[1024822,1810392],[1024926,1810321],[1025108,1810271],[1025229,1810302],[1025294,1810272],[1025355,1810346],[1025482,1810380],[1025564,1810269],[1025753,1810133],[1025839,1810183],[1025871,1810319],[1025957,1810446],[1026163,1810477],[1026440,1810395],[1026515,1811034],[1026462,1811143],[1026511,1811196],[1026639,1811171],[1026899,1811261],[1027038,1811203],[1027071,1811390],[1027062,1811473],[1026967,1811610],[1026982,1811786],[1027054,1811862],[1027249,1811903],[1027289,1811977],[1027396,1812006],[1027698,1812498],[1027747,1812503],[1027787,1812438],[1028119,1812421],[1028166,1812346],[1028223,1812361],[1028474,1812573],[1028560,1812767],[1028639,1812748],[1028642,1812503],[1028704,1812234],[1028817,1812030],[1029013,1812171],[1028959,1812310],[1029071,1812444],[1029141,1812471],[1029179,1812577],[1029509,1812578],[1029829,1812718],[1030079,1812700],[1030119,1812765],[1030101,1812874],[1030202,1812956],[1030359,1813022],[1030567,1813199],[1030633,1813185],[1030922,1813296]]]}},{"type":"Feature","properties":{"sgis_cd":"33550","datalab_cd":"43750","name":"진천군"},"geometry":{"type":"Polygon","coordinates":[[[994785,1890379],[995068,1890390],[995217,1890259],[995293,1890266],[995466,1890151],[995400,1889896],[995424,1889654],[995472,1889541],[995559,1889483],[995394,1889361],[995447,1889256],[995368,1889213],[995334,1889133],[995384,1888798],[995594,1888517],[995544,1888440],[995560,1888376],[995437,1888383],[995431,1887936],[995379,1887939],[995418,1887511],[995521,1887141],[995579,1887051],[995565,1886962],[995436,1886856],[995488,1886718],[995497,1886469],[995589,1886320],[995688,1886255],[995758,1886319],[995806,1886308],[995905,1886168],[995879,1886044],[995939,1885857],[995905,1885711],[995985,1885638],[996007,1885515],[996105,1885423],[996068,1885308],[996184,1885225],[996196,1885045],[996037,1884945],[996030,1884757],[995988,1884695],[995841,1884682],[995813,1884796],[995737,1884822],[995692,1884797],[995647,1884940],[995601,1884974],[995489,1884946],[995405,1884979],[995380,1884830],[995229,1884772],[995262,1884672],[995178,1884628],[995135,1884484],[995181,1884409],[995165,1884286],[995215,1884158],[995261,1883670],[995306,1883502],[995371,1883481],[995383,1883381],[995513,1883284],[995587,1883317],[995765,1883306],[996227,1883188],[996395,1883301],[996623,1883247],[996749,1883336],[996798,1883157],[996773,1883000],[996827,1882938],[996895,1882633],[997008,1882436],[997018,1882318],[997099,1882229],[997162,1882216],[997385,1881961],[997588,1881938],[997911,1881998],[998061,1881950],[998329,1881704],[998455,1881822],[998457,1882012],[998505,1882077],[998655,1882135],[998766,1882256],[999064,1882237],[999078,1882284],[999162,1882289],[999307,1882241],[999360,1882264],[999697,1881933],[999867,1881838],[999902,1881734],[999993,1881647],[999967,1881529],[1000231,1881549],[1000309,1881605],[1000444,1881625],[1000663,1881447],[1000678,1881337],[1000779,1881277],[1000787,1881207],[1001009,1881396],[1001055,1881158],[1001231,1881022],[1001179,1880827],[1001444,1880689],[1001570,1880478],[1001728,1880502],[1001761,1880308],[1001836,1880162],[1001932,1880143],[1002035,1880003],[1002005,1879957],[1002082,1879612],[1002198,1879427],[1002356,1879321],[1002350,1879230],[1002427,1879170],[1002619,1879202],[1002802,1879338],[1002906,1879319],[1002950,1879264],[1003012,1879294],[1003178,1879191],[1003130,1879114],[1003470,1878882],[1003646,1878649],[1003923,1878545],[1003900,1878469],[1004106,1878351],[1004087,1878321],[1004154,1878251],[1004098,1878177],[1004125,1878073],[1004097,1878066],[1004191,1878049],[1004224,1877956],[1004317,1878021],[1004479,1877875],[1004623,1877877],[1004631,1877845],[1004785,1877824],[1004883,1877899],[1004970,1877863],[1004919,1877802],[1004937,1877739],[1004886,1877687],[1004883,1877580],[1004783,1877524],[1004620,1877291],[1004691,1877132],[1004920,1877003],[1004957,1876908],[1004887,1876710],[1004959,1876430],[1005037,1876450],[1005125,1876382],[1005192,1876450],[1005325,1876479],[1005416,1876376],[1005398,1876292],[1005474,1876059],[1005584,1875994],[1005942,1876047],[1005916,1876106],[1005985,1876325],[1005967,1876418],[1006109,1876382],[1006405,1875850],[1006413,1875621],[1006371,1875572],[1006412,1875589],[1006442,1875460],[1006545,1875489],[1006765,1875747],[1006869,1875680],[1006929,1875724],[1007111,1875529],[1007437,1875332],[1007579,1875149],[1007547,1875033],[1007590,1874760],[1007586,1874659],[1007373,1874442],[1007357,1874362],[1007245,1874264],[1006944,1874256],[1006920,1874146],[1006830,1874046],[1006944,1873890],[1006937,1873810],[1006733,1873350],[1006741,1873280],[1006955,1872819],[1006979,1872793],[1006978,1872838],[1007006,1872674],[1006976,1872624],[1006878,1872614],[1006807,1872496],[1006578,1872517],[1006377,1872427],[1006543,1872112],[1006434,1871985],[1006446,1871891],[1006381,1871742],[1006492,1871447],[1006471,1871390],[1006198,1871242],[1006123,1871149],[1006260,1870602],[1006238,1870351],[1006173,1870199],[1006233,1870125],[1006367,1869968],[1006422,1869958],[1006770,1870089],[1006885,1870090],[1006986,1870159],[1007065,1870005],[1006854,1869809],[1006833,1869651],[1006714,1869448],[1006574,1869247],[1006490,1869216],[1006430,1869091],[1006309,1869052],[1006182,1869145],[1005892,1868953],[1005631,1868871],[1005469,1868918],[1005399,1869054],[1005320,1868938],[1005096,1868804],[1004965,1868806],[1004794,1868535],[1004592,1868449],[1004463,1868299],[1004270,1868288],[1003999,1868371],[1003745,1868204],[1003657,1868030],[1003330,1867825],[1003586,1867480],[1003627,1867373],[1003844,1867135],[1003845,1867079],[1004011,1866994],[1004294,1866690],[1004442,1866654],[1004540,1866748],[1004627,1866731],[1004819,1866856],[1004923,1866786],[1004960,1866647],[1005048,1866552],[1005107,1866390],[1005119,1866270],[1005247,1865967],[1005236,1865904],[1005468,1865508],[1005426,1865189],[1005766,1864962],[1005782,1864684],[1005452,1864501],[1004933,1864396],[1004432,1864152],[1003171,1863828],[1002864,1863635],[1002261,1863522],[1001659,1863470],[1000805,1863189],[1000691,1863231],[1000678,1863305],[1000835,1863492],[1000919,1863802],[1000916,1863877],[1000881,1863847],[1000816,1864019],[1000772,1864310],[1000446,1864595],[999742,1864653],[999521,1864417],[999484,1864301],[999293,1864256],[999209,1864087],[999225,1864001],[999147,1863965],[998911,1864145],[998530,1864233],[998376,1864209],[998269,1864152],[998318,1864032],[997991,1863882],[997656,1863561],[997359,1863413],[997170,1863467],[997087,1863536],[997030,1863488],[996952,1863538],[996794,1863509],[996586,1863573],[996509,1863517],[996465,1863534],[996291,1863076],[996219,1863068],[996155,1862951],[995622,1862546],[995618,1862433],[995528,1862331],[995531,1862013],[995413,1861842],[995488,1861739],[995621,1861261],[995286,1861200],[995157,1861290],[994976,1861185],[994926,1861267],[994861,1861259],[994798,1861355],[994765,1861568],[994566,1861685],[994473,1861692],[994260,1861496],[993996,1861489],[993934,1861546],[993799,1861513],[993759,1861430],[993557,1861447],[993493,1861417],[993461,1861541],[993382,1861575],[993286,1861862],[993308,1861985],[993484,1862046],[993479,1862171],[993266,1862183],[993258,1862299],[993086,1862264],[992988,1862175],[992832,1862178],[992873,1862254],[992894,1862540],[992608,1862829],[992580,1863139],[992418,1863307],[992317,1863530],[992348,1863699],[992232,1863904],[992172,1863863],[992044,1863861],[991916,1863902],[991848,1863978],[991646,1863972],[991472,1864065],[991372,1864044],[991367,1864110],[991246,1864181],[991187,1864345],[991236,1864441],[991216,1864523],[991069,1864678],[991061,1864752],[990851,1864895],[990758,1864869],[990675,1864932],[990630,1865112],[990688,1865251],[990787,1865315],[990721,1865527],[990765,1865589],[990787,1865798],[990838,1865894],[991028,1866019],[991129,1866265],[991232,1866337],[991150,1866634],[991184,1866737],[991151,1866775],[990969,1866768],[990855,1866840],[990829,1866926],[990694,1867042],[990563,1867312],[990500,1867300],[990452,1867344],[990331,1867607],[990225,1867708],[989998,1867817],[989957,1867921],[989855,1867946],[989489,1868403],[989430,1868440],[989194,1868416],[989167,1868500],[989100,1868540],[988881,1868545],[988772,1868651],[988491,1868732],[988362,1868682],[988103,1868762],[988016,1868919],[987868,1869070],[987581,1869160],[987441,1869321],[987346,1869372],[987261,1869494],[987344,1869703],[987268,1869932],[987164,1870059],[986849,1870210],[986779,1870283],[986672,1870297],[986462,1870250],[986300,1870133],[986191,1870163],[986081,1870264],[985938,1870255],[985669,1870350],[985571,1870324],[985429,1870181],[985245,1870286],[985158,1870430],[985206,1870474],[985287,1870704],[985342,1871035],[985215,1871109],[985207,1871246],[985256,1871372],[985255,1871559],[985450,1871946],[985381,1872130],[985437,1872211],[985400,1872333],[985409,1872746],[985462,1872840],[985429,1872943],[985273,1873116],[984679,1873337],[984534,1873323],[984357,1873197],[984037,1873312],[983892,1873438],[983714,1873397],[983652,1873452],[983541,1873430],[983494,1873349],[983306,1873262],[982952,1873520],[982823,1873511],[982811,1873690],[982688,1873917],[982847,1874103],[982857,1874209],[982938,1874316],[983120,1874418],[983129,1874591],[983181,1874707],[983054,1875034],[983127,1875187],[983071,1875270],[983024,1875564],[983176,1875800],[982921,1876004],[982929,1876146],[982875,1876366],[982536,1876365],[982524,1876441],[982280,1876618],[982114,1876851],[981821,1876847],[981697,1876909],[981694,1876983],[981593,1877008],[981509,1877092],[981341,1877119],[981278,1877322],[981162,1877278],[981096,1877295],[981316,1877355],[981255,1877502],[981319,1877729],[981625,1878019],[981693,1878177],[981864,1878281],[981884,1878418],[981948,1878423],[981942,1878730],[982053,1878754],[982091,1878851],[982157,1878892],[982101,1878977],[982359,1879304],[982303,1879405],[982417,1879565],[982485,1879800],[982244,1880080],[982267,1880176],[982048,1880504],[982043,1880650],[982003,1880678],[981994,1880781],[981880,1880954],[981762,1881284],[981741,1881386],[981800,1881454],[981790,1881367],[981869,1881319],[982028,1881321],[982206,1881244],[982531,1881317],[982595,1881260],[982707,1881246],[982842,1881296],[982989,1881241],[983318,1881427],[983507,1881446],[983508,1881589],[983633,1881832],[983857,1881781],[984227,1882030],[984348,1881962],[984578,1881965],[984640,1882054],[984686,1882044],[984890,1882146],[985147,1882453],[985649,1882692],[985673,1882761],[985769,1882790],[985925,1882760],[986035,1882892],[985967,1883114],[986060,1883238],[986044,1883329],[986120,1883344],[986273,1883522],[986355,1883523],[986612,1883831],[987001,1883817],[987153,1883675],[987160,1883590],[987297,1883372],[987322,1883264],[987493,1883387],[987528,1883371],[987692,1883464],[987849,1883411],[988050,1883424],[988185,1883552],[988303,1883468],[988371,1883527],[988605,1883508],[988698,1883402],[988929,1883369],[988941,1883506],[989157,1883749],[989156,1883870],[989204,1883972],[989165,1884196],[989203,1884393],[989283,1884486],[989418,1884492],[989551,1884605],[989628,1884557],[989746,1884584],[989965,1885121],[990055,1885151],[990213,1885069],[990298,1885217],[990478,1885250],[990724,1885183],[990771,1885121],[990873,1885140],[991235,1885476],[991069,1885719],[990952,1885805],[990853,1886033],[990774,1886098],[990803,1886245],[990687,1886329],[990594,1886509],[990418,1886641],[990266,1886655],[990155,1886853],[989863,1887001],[989763,1887248],[989920,1887547],[990066,1887647],[990149,1887898],[990328,1888137],[990407,1888334],[990362,1888393],[990382,1888485],[990489,1888778],[990587,1888882],[990703,1888924],[990862,1888888],[990989,1888931],[991084,1889047],[991328,1888941],[991711,1888875],[991810,1888900],[991948,1889037],[992000,1889017],[992112,1889081],[992275,1889057],[992345,1889003],[992655,1889195],[992647,1889230],[992753,1889242],[992811,1889389],[992993,1889499],[993207,1889393],[993288,1889460],[993332,1889453],[993390,1889373],[993667,1889303],[993730,1889251],[993734,1889198],[993898,1889328],[993899,1889399],[994042,1889568],[994354,1889680],[994406,1889789],[994403,1889982],[994469,1890007],[994549,1890192],[994621,1890228],[994737,1890402],[994785,1890379]]]}},{"type":"Feature","properties":{"sgis_cd":"33560","datalab_cd":"43760","name":"괴산군"},"geometry":{"type":"Polygon","coordinates":[[[1026776,1883279],[1026959,1883184],[1027299,1883105],[1027363,1882916],[1027350,1882622],[1027452,1882563],[1027555,1882400],[1027776,1882529],[1028047,1882509],[1028138,1882589],[1028439,1882568],[1028514,1882610],[1028521,1882722],[1028588,1882737],[1028633,1882831],[1028855,1882761],[1028909,1882668],[1029011,1882691],[1029046,1882497],[1029333,1882504],[1029424,1882433],[1029527,1882473],[1029647,1882437],[1029693,1882165],[1029591,1882114],[1029548,1881940],[1029587,1881905],[1029603,1881728],[1029705,1881692],[1029803,1881569],[1029810,1881436],[1029868,1881339],[1029981,1881399],[1030073,1881357],[1030266,1881349],[1030548,1881093],[1030562,1880970],[1030499,1880836],[1030496,1880667],[1030444,1880604],[1030497,1880424],[1030361,1880354],[1030280,1880218],[1030471,1879949],[1030263,1879774],[1030101,1879533],[1030211,1879415],[1030335,1879380],[1030418,1879262],[1030621,1879255],[1030644,1879192],[1030827,1879046],[1031262,1879022],[1031320,1879066],[1031396,1879052],[1031432,1878910],[1031629,1878826],[1031923,1878570],[1032061,1878002],[1032150,1877963],[1032430,1877607],[1032775,1877703],[1032987,1877646],[1033162,1877540],[1033991,1877571],[1034131,1876941],[1035099,1877145],[1035280,1877255],[1035645,1877642],[1035699,1877751],[1035748,1877597],[1035923,1877325],[1035920,1877217],[1035966,1877154],[1035962,1876702],[1036043,1876623],[1036397,1876472],[1036468,1876469],[1036537,1876546],[1036864,1876454],[1036999,1876172],[1037226,1875944],[1037410,1875974],[1037810,1876152],[1038005,1876342],[1038049,1876340],[1038091,1876440],[1038247,1876511],[1038350,1876716],[1038396,1876689],[1038431,1876725],[1038652,1876655],[1038750,1876687],[1038689,1876713],[1038911,1876822],[1038779,1876698],[1038983,1876771],[1039212,1876695],[1039737,1876737],[1040202,1876541],[1040269,1876365],[1040048,1876158],[1039895,1875673],[1039915,1875561],[1039830,1875435],[1039699,1875352],[1039671,1875273],[1039701,1875117],[1039795,1874992],[1039965,1875039],[1040099,1874982],[1040465,1874654],[1040704,1874559],[1040756,1874441],[1041058,1874195],[1041243,1873808],[1041840,1873557],[1041710,1873372],[1041801,1873266],[1041726,1873111],[1041710,1872865],[1041624,1872624],[1041936,1872247],[1041928,1871996],[1042018,1871961],[1042105,1871766],[1042233,1871639],[1042292,1871644],[1042413,1871206],[1042547,1870987],[1042383,1870808],[1042307,1870659],[1042188,1870280],[1042055,1870087],[1042065,1869898],[1042127,1869801],[1042450,1869606],[1042972,1869578],[1043021,1869418],[1042965,1869228],[1043087,1868962],[1043026,1868752],[1043283,1868767],[1043404,1868726],[1043936,1868390],[1044400,1868423],[1044611,1868227],[1044780,1868143],[1044926,1868163],[1045472,1867812],[1045634,1867746],[1045705,1867882],[1045819,1867966],[1046082,1867871],[1046161,1867890],[1046483,1868138],[1046534,1868321],[1046651,1868454],[1046703,1868668],[1046736,1868680],[1046688,1868800],[1046572,1868927],[1046661,1869471],[1046719,1869573],[1046643,1869746],[1046733,1869882],[1047140,1869761],[1047285,1869812],[1047753,1869772],[1047835,1869735],[1048072,1869381],[1048359,1869293],[1048805,1869476],[1048918,1869385],[1048959,1869395],[1049185,1869121],[1049278,1869086],[1049469,1869128],[1049550,1869078],[1049663,1868920],[1049701,1868934],[1049878,1868835],[1049882,1868525],[1049743,1868320],[1049715,1868177],[1049756,1868117],[1049675,1868076],[1049668,1868028],[1049750,1867938],[1049770,1867794],[1049508,1867691],[1049416,1867591],[1049502,1867456],[1049559,1866953],[1049613,1866840],[1049536,1866664],[1049578,1866566],[1049514,1866201],[1049360,1866091],[1049179,1865775],[1049080,1865415],[1048965,1865195],[1048680,1865062],[1048687,1864936],[1048803,1864637],[1048701,1864570],[1048711,1864453],[1048606,1864191],[1048620,1863798],[1048384,1863505],[1048300,1863495],[1048240,1863239],[1047961,1862683],[1047823,1862459],[1047710,1862358],[1047520,1862030],[1047553,1861751],[1047520,1861188],[1047638,1861090],[1047705,1860965],[1048065,1860756],[1048420,1860428],[1048771,1860260],[1049170,1859992],[1049291,1859821],[1049458,1859460],[1049606,1859296],[1049654,1859283],[1049756,1859371],[1049865,1859270],[1050062,1858907],[1050184,1858813],[1050237,1858824],[1050359,1858679],[1050721,1858395],[1050704,1858288],[1050742,1858180],[1050898,1857951],[1050956,1857755],[1051038,1857662],[1051151,1857250],[1050944,1856784],[1050668,1856847],[1050358,1856817],[1049900,1856917],[1049714,1856903],[1049317,1856781],[1049037,1856807],[1048806,1856960],[1048729,1857106],[1048532,1857282],[1048170,1857462],[1048044,1857577],[1047937,1857568],[1047754,1857701],[1047607,1857822],[1047501,1857993],[1047407,1858049],[1047224,1858067],[1046954,1858022],[1046643,1858298],[1046519,1858337],[1046380,1858533],[1046393,1858680],[1046057,1859089],[1045970,1859251],[1045652,1859184],[1045482,1859047],[1045422,1858846],[1045229,1858721],[1045269,1858652],[1045182,1858564],[1045193,1858451],[1045022,1858248],[1044826,1857810],[1044593,1857824],[1044423,1857926],[1044218,1857909],[1044069,1857836],[1043890,1857888],[1043848,1857822],[1043774,1857800],[1043478,1857835],[1043295,1857955],[1043192,1857941],[1043084,1858055],[1042887,1858113],[1042523,1858505],[1042551,1858574],[1042421,1858632],[1042249,1858788],[1042131,1859140],[1042030,1859310],[1041900,1859366],[1041808,1859351],[1041354,1859582],[1041119,1860002],[1040932,1859963],[1040800,1859823],[1040772,1859591],[1040640,1859424],[1040658,1859146],[1040562,1859005],[1040615,1858887],[1040506,1858390],[1040315,1858160],[1040113,1858077],[1040126,1857951],[1040074,1857818],[1040156,1857646],[1040087,1857427],[1040156,1857274],[1040118,1856898],[1040150,1856765],[1039878,1856560],[1039809,1856582],[1039711,1856540],[1039558,1856633],[1039208,1856596],[1039129,1856631],[1038817,1856500],[1038725,1856585],[1038486,1856015],[1038559,1855594],[1038554,1855246],[1038466,1855041],[1038393,1855002],[1038318,1854848],[1038098,1854790],[1037981,1854889],[1037753,1854988],[1037359,1855014],[1037280,1855120],[1037148,1855192],[1037086,1855179],[1037015,1855083],[1036869,1855042],[1036562,1855110],[1036393,1855034],[1036069,1855145],[1035850,1855090],[1035570,1855089],[1035322,1855262],[1035213,1855286],[1035179,1855257],[1035239,1855108],[1035214,1854981],[1034915,1854997],[1034713,1854945],[1034560,1854810],[1034470,1854544],[1034316,1854468],[1034183,1854498],[1034031,1854439],[1034009,1854362],[1034114,1854285],[1034127,1854010],[1034019,1854039],[1033968,1853982],[1033851,1853951],[1033808,1853888],[1033571,1853966],[1033474,1853913],[1033441,1853842],[1033690,1853712],[1033708,1853596],[1033954,1853484],[1034046,1853512],[1034125,1853630],[1034214,1853565],[1034337,1853536],[1034400,1853567],[1034634,1853478],[1034814,1853694],[1034807,1853760],[1034974,1853901],[1035307,1853753],[1035485,1853776],[1035644,1853883],[1035771,1853879],[1035810,1853758],[1035892,1853694],[1036075,1853696],[1036505,1853580],[1036636,1853409],[1036899,1853381],[1037037,1853060],[1037089,1852796],[1037160,1852735],[1037327,1852294],[1037557,1852375],[1037699,1852378],[1037817,1852326],[1038226,1852420],[1038387,1852399],[1038411,1852160],[1038625,1851930],[1038632,1851584],[1038572,1851387],[1038578,1850918],[1038797,1850688],[1039245,1850626],[1039213,1850185],[1039259,1849996],[1039241,1849877],[1038949,1849675],[1038926,1849529],[1038824,1849331],[1038782,1848776],[1038908,1848649],[1038975,1848435],[1038700,1847961],[1038668,1847702],[1038571,1847499],[1038707,1847037],[1038663,1846852],[1038323,1846664],[1038013,1846593],[1037923,1846483],[1037954,1846261],[1037914,1846186],[1037999,1845639],[1037998,1845220],[1038118,1845100],[1037909,1845051],[1037917,1844993],[1037673,1844950],[1037561,1844892],[1037449,1845148],[1037427,1845526],[1037454,1845730],[1037015,1846121],[1036825,1846377],[1036701,1846885],[1036538,1847223],[1036514,1847375],[1036588,1847505],[1036532,1847639],[1036280,1847637],[1036071,1847795],[1035964,1847822],[1035601,1847712],[1035500,1847727],[1035208,1847905],[1034884,1847959],[1034809,1848053],[1034743,1848223],[1034754,1848462],[1034677,1848627],[1034800,1848853],[1034796,1849176],[1034655,1849349],[1034409,1849501],[1034406,1849662],[1034253,1849779],[1034177,1849912],[1034068,1850633],[1033974,1850864],[1033964,1851048],[1033932,1851050],[1033608,1850997],[1033421,1850857],[1033378,1850540],[1033280,1850324],[1033060,1850164],[1033046,1849953],[1033085,1849799],[1032816,1849643],[1032819,1849567],[1032665,1849327],[1032497,1849261],[1032458,1848927],[1032383,1848863],[1032360,1848751],[1032299,1848691],[1032134,1848673],[1031878,1848568],[1031744,1848618],[1031561,1848604],[1031540,1848675],[1031478,1848713],[1031363,1848576],[1031192,1848583],[1031000,1848512],[1031342,1848210],[1031346,1847977],[1031101,1847508],[1031192,1847202],[1031279,1847091],[1031279,1846914],[1031403,1846779],[1031566,1846743],[1031636,1846764],[1031809,1846694],[1032041,1846246],[1031852,1846113],[1031764,1846062],[1031443,1846213],[1031281,1846198],[1031055,1845975],[1030890,1845951],[1030469,1845660],[1030374,1845730],[1030196,1845778],[1030177,1845858],[1029980,1845978],[1029902,1845975],[1029715,1846152],[1029505,1846136],[1029426,1846019],[1029290,1845930],[1029211,1846002],[1029054,1846041],[1028973,1846106],[1028861,1846103],[1028705,1846210],[1028733,1846002],[1028490,1845654],[1028255,1845646],[1028109,1845557],[1027909,1845572],[1027577,1845373],[1027411,1845135],[1027246,1845092],[1027117,1844966],[1027009,1844934],[1026758,1844991],[1026697,1844958],[1026585,1845212],[1026318,1845464],[1026096,1845871],[1025599,1846252],[1025447,1846130],[1025389,1845935],[1025263,1845862],[1025169,1845693],[1024744,1845614],[1024724,1845512],[1024498,1845387],[1024358,1845412],[1024102,1845162],[1024030,1845296],[1024034,1845431],[1023866,1845660],[1023856,1845751],[1023762,1845890],[1023690,1845897],[1023664,1846165],[1023378,1846417],[1023275,1846560],[1023209,1846569],[1023166,1846636],[1022951,1846746],[1022563,1847104],[1022473,1847096],[1022376,1847142],[1022413,1847238],[1022307,1847264],[1022350,1847559],[1022271,1847369],[1022280,1847612],[1022139,1847737],[1021950,1847823],[1021839,1847937],[1021838,1848083],[1021779,1848164],[1021920,1848290],[1021545,1848335],[1021459,1848390],[1021515,1848515],[1021476,1848588],[1021250,1848753],[1021360,1849106],[1021284,1849291],[1020987,1849109],[1020844,1849214],[1020691,1849405],[1020188,1849665],[1020039,1850124],[1020093,1850209],[1019965,1850399],[1019768,1850392],[1019674,1850461],[1019583,1850474],[1019468,1850402],[1019264,1850434],[1019009,1850289],[1018878,1850540],[1018712,1850700],[1018850,1850982],[1018973,1851052],[1018939,1851334],[1018968,1851409],[1018802,1851698],[1018919,1851831],[1019003,1852061],[1019182,1851958],[1019002,1852088],[1018994,1852217],[1019261,1852418],[1019265,1852379],[1019373,1852474],[1019591,1852565],[1019680,1852698],[1020102,1853056],[1020195,1853307],[1020154,1853401],[1020214,1853515],[1020220,1853725],[1020294,1853863],[1019940,1853744],[1019906,1853771],[1019972,1853920],[1019873,1854079],[1019778,1854124],[1019704,1854268],[1019569,1854336],[1019530,1854499],[1019320,1854561],[1019019,1854722],[1019092,1855269],[1018881,1855355],[1018870,1855518],[1018623,1855835],[1018484,1855921],[1018352,1855851],[1018268,1855956],[1018168,1856005],[1018060,1856217],[1018124,1856378],[1018073,1856563],[1018112,1856778],[1018035,1856892],[1017848,1856983],[1017621,1856934],[1017476,1857001],[1017357,1857125],[1017209,1857134],[1016975,1857359],[1016865,1857521],[1016770,1857742],[1016783,1857958],[1016689,1858067],[1016615,1858086],[1016479,1857976],[1016410,1857717],[1016035,1857688],[1016034,1857747],[1015842,1857988],[1015671,1858011],[1015584,1858151],[1015407,1858219],[1015306,1858306],[1015170,1858571],[1014904,1858844],[1014805,1859089],[1014689,1859118],[1014594,1859289],[1014470,1859390],[1014258,1859348],[1014001,1859404],[1013875,1859562],[1013778,1859602],[1013774,1859691],[1013587,1859728],[1013487,1859670],[1013486,1859560],[1013414,1859524],[1013393,1859412],[1013112,1859476],[1013018,1859385],[1012887,1859389],[1012833,1859353],[1012708,1859374],[1012621,1859310],[1012471,1859333],[1012381,1859443],[1012364,1859864],[1012404,1860018],[1012340,1860140],[1012272,1860134],[1012255,1860242],[1012143,1860369],[1012194,1860603],[1012131,1860662],[1012124,1860726],[1012193,1860822],[1012084,1860994],[1012121,1861143],[1012047,1861189],[1012117,1861442],[1012098,1861565],[1012019,1861579],[1011935,1861538],[1011856,1861589],[1011741,1861783],[1011666,1861797],[1011589,1861878],[1011601,1861957],[1011551,1862024],[1011433,1862044],[1011358,1862149],[1011337,1862313],[1011268,1862325],[1011258,1862414],[1011191,1862416],[1011038,1862524],[1011077,1862558],[1011075,1862710],[1011137,1862791],[1011205,1863091],[1011337,1863244],[1011337,1863344],[1011444,1863572],[1011454,1863733],[1011540,1863934],[1011427,1863948],[1011354,1864286],[1011247,1864340],[1011125,1864328],[1010970,1864553],[1010896,1864495],[1010782,1864503],[1010749,1864680],[1010829,1865053],[1010787,1865240],[1010791,1865532],[1010869,1865533],[1010945,1865586],[1011043,1865712],[1011196,1865693],[1011241,1865749],[1011267,1865818],[1011182,1865926],[1011344,1865979],[1011362,1866125],[1011332,1866241],[1011873,1866198],[1012007,1866153],[1012140,1866244],[1012222,1866356],[1012322,1866389],[1012662,1866963],[1012639,1867025],[1012519,1867051],[1012500,1867262],[1012138,1867395],[1012088,1867478],[1012124,1867605],[1012076,1867673],[1012005,1867641],[1011954,1867689],[1011972,1867796],[1012040,1867857],[1012080,1868117],[1012048,1868273],[1011713,1868544],[1011603,1868680],[1011645,1868809],[1011582,1868929],[1011614,1869012],[1011530,1869272],[1011592,1869390],[1011550,1869596],[1011633,1869724],[1011642,1869964],[1011604,1870040],[1011673,1870252],[1011742,1870262],[1011822,1870351],[1011948,1870735],[1011954,1870920],[1012141,1870998],[1012179,1871221],[1012296,1871331],[1012356,1871441],[1012343,1871521],[1012405,1871602],[1012409,1871715],[1012244,1871971],[1012285,1872286],[1012660,1873065],[1012785,1873185],[1012875,1873204],[1012876,1873310],[1013176,1873461],[1013240,1873534],[1013438,1873521],[1013584,1873634],[1013682,1873641],[1013764,1873585],[1013852,1873627],[1013946,1873618],[1014045,1873566],[1014386,1873515],[1014547,1873317],[1014626,1873294],[1014766,1873326],[1014896,1873286],[1014919,1873227],[1015020,1873172],[1015084,1872981],[1015272,1872957],[1015372,1872816],[1015579,1872779],[1015693,1872648],[1015696,1872531],[1015855,1872538],[1015848,1872606],[1015933,1872722],[1016077,1872769],[1016365,1873118],[1016340,1873179],[1016410,1873434],[1016589,1873472],[1016626,1873529],[1016682,1873819],[1016600,1873919],[1016593,1874115],[1016548,1874175],[1016568,1874484],[1016657,1874554],[1016730,1874718],[1016913,1874824],[1017097,1875393],[1017080,1875464],[1017124,1875526],[1017089,1875615],[1017217,1875623],[1017286,1875769],[1017517,1875769],[1017647,1875831],[1017748,1875743],[1017840,1875567],[1018054,1875555],[1018512,1875314],[1018586,1875586],[1018762,1875559],[1018842,1875631],[1018993,1875646],[1019022,1875594],[1019115,1875632],[1019192,1875487],[1019271,1875452],[1019488,1875553],[1019575,1875487],[1019855,1875563],[1019939,1875618],[1019964,1875732],[1020071,1875777],[1020197,1875726],[1020316,1875765],[1020343,1875701],[1020531,1875607],[1020666,1875621],[1020963,1875764],[1021166,1875622],[1021208,1875534],[1021344,1875621],[1021699,1875489],[1021872,1875555],[1022068,1875356],[1022096,1875155],[1022329,1875034],[1022501,1875195],[1022583,1875079],[1022663,1875054],[1022955,1875114],[1023047,1875093],[1023247,1875324],[1023253,1875416],[1023391,1875499],[1023607,1875403],[1023622,1875341],[1023766,1875198],[1024057,1875350],[1024132,1875509],[1024312,1875553],[1024490,1875546],[1024591,1875618],[1024743,1875621],[1024855,1875698],[1025160,1875751],[1025254,1875825],[1025410,1875743],[1025642,1875855],[1025738,1876075],[1025784,1876400],[1025720,1876486],[1025678,1876650],[1025628,1877251],[1025582,1877392],[1025774,1877548],[1025787,1877655],[1026005,1877739],[1026047,1877937],[1026024,1878131],[1025962,1878199],[1025804,1878299],[1025522,1878391],[1025378,1878654],[1025991,1878762],[1026017,1878670],[1025939,1878502],[1025971,1878463],[1026092,1878399],[1026591,1878311],[1026514,1878458],[1026505,1878580],[1026524,1878814],[1026576,1878955],[1026540,1879051],[1026391,1879203],[1026355,1879459],[1026168,1879603],[1026244,1879728],[1026220,1879805],[1026113,1879876],[1025982,1879843],[1025875,1879873],[1025790,1879743],[1025541,1879758],[1025439,1879937],[1025374,1879921],[1025310,1879957],[1025257,1880073],[1025269,1880203],[1025191,1880465],[1025208,1880525],[1025108,1880554],[1025067,1880681],[1025287,1880754],[1025401,1880728],[1025603,1880879],[1025738,1880900],[1025688,1880979],[1025743,1881180],[1025620,1881201],[1025661,1881233],[1025686,1881402],[1025625,1881501],[1025542,1881548],[1025684,1881751],[1025649,1882129],[1025969,1882292],[1026063,1882384],[1026125,1882521],[1026081,1882766],[1026159,1882780],[1026256,1882894],[1026261,1883098],[1026388,1883187],[1026583,1883184],[1026623,1883249],[1026776,1883279]]]}},{"type":"Feature","properties":{"sgis_cd":"33570","datalab_cd":"43770","name":"음성군"},"geometry":{"type":"Polygon","coordinates":[[[1011568,1906160],[1011742,1906137],[1011836,1906037],[1012002,1906059],[1012181,1906020],[1012314,1906051],[1012540,1905834],[1012692,1905914],[1012885,1905807],[1013001,1905841],[1013070,1905780],[1013150,1905775],[1013330,1905442],[1013426,1905419],[1013531,1905492],[1013887,1905141],[1013887,1905072],[1013832,1905047],[1013820,1904864],[1013973,1904859],[1014074,1904726],[1014199,1904676],[1014205,1904591],[1014326,1904532],[1014743,1904541],[1015118,1904170],[1015212,1904209],[1015244,1904177],[1015398,1904226],[1015520,1904189],[1015756,1904243],[1016044,1904121],[1016234,1904211],[1016591,1904056],[1016750,1904110],[1016915,1904312],[1017098,1904399],[1017359,1904653],[1017486,1904525],[1017787,1904362],[1018042,1904349],[1018232,1904264],[1018329,1904285],[1018617,1904131],[1018739,1903774],[1018661,1903624],[1018713,1903493],[1018822,1903369],[1018833,1903253],[1019066,1903008],[1019332,1902982],[1019591,1902732],[1019734,1902483],[1019730,1902010],[1019800,1901940],[1019796,1901812],[1019643,1901540],[1019619,1901428],[1019645,1901404],[1019591,1901361],[1019346,1901328],[1019304,1901238],[1019230,1901283],[1019180,1901244],[1019091,1901280],[1018953,1901176],[1018888,1901002],[1018895,1900878],[1018795,1900871],[1018783,1900822],[1018671,1900792],[1018294,1900747],[1018179,1900626],[1017943,1900507],[1017853,1900501],[1017766,1900134],[1017656,1900146],[1017608,1900103],[1017596,1899971],[1017785,1899674],[1017715,1899241],[1017486,1899001],[1017411,1898760],[1017193,1898566],[1017095,1898296],[1017081,1898097],[1016585,1898053],[1016498,1897962],[1016459,1897852],[1016312,1897742],[1016259,1897494],[1016289,1897427],[1016431,1897353],[1016482,1897256],[1016577,1897200],[1016646,1896965],[1016670,1896650],[1016809,1896444],[1016786,1896358],[1016850,1896060],[1016823,1895920],[1016907,1895760],[1016916,1895659],[1016872,1895555],[1016942,1895425],[1016917,1895316],[1016983,1895202],[1016955,1895114],[1016997,1894962],[1016913,1894905],[1016882,1894789],[1016626,1894616],[1016577,1894542],[1016585,1894404],[1016508,1894329],[1016329,1894220],[1016144,1894189],[1015972,1894016],[1015734,1893968],[1015455,1893615],[1015294,1893531],[1015304,1893289],[1015258,1893204],[1015300,1892917],[1015141,1892883],[1014999,1892763],[1014893,1892754],[1014816,1892691],[1014807,1892626],[1014612,1892461],[1014661,1892026],[1014613,1891852],[1014643,1891643],[1014476,1891576],[1014317,1891454],[1014177,1891221],[1013998,1891086],[1013966,1890902],[1013903,1890834],[1013988,1890639],[1013887,1890533],[1013980,1890417],[1013993,1890280],[1014190,1890202],[1014222,1889968],[1014509,1889549],[1014698,1889546],[1014727,1889411],[1014152,1889453],[1014005,1889402],[1013969,1889309],[1013796,1889223],[1013846,1889125],[1013823,1889031],[1013634,1888790],[1013744,1888464],[1013575,1888146],[1013606,1887948],[1013586,1887763],[1013678,1887635],[1013677,1887577],[1013433,1887275],[1013447,1887160],[1013589,1887143],[1013847,1886904],[1013873,1886831],[1014194,1886623],[1014345,1886611],[1014399,1886560],[1014870,1886703],[1014911,1886873],[1014892,1886855],[1014882,1886908],[1015042,1887057],[1015040,1887096],[1014959,1887071],[1015054,1887108],[1015053,1887153],[1015009,1887187],[1014961,1887119],[1015000,1887232],[1014939,1887291],[1014895,1887240],[1014892,1887274],[1014820,1887296],[1014768,1887200],[1014732,1887237],[1014706,1887152],[1014661,1887183],[1014690,1887276],[1014570,1887219],[1014676,1887338],[1014574,1887268],[1014600,1887313],[1014733,1887362],[1014840,1887594],[1014937,1887636],[1015017,1887732],[1015156,1887718],[1015319,1887502],[1015452,1887529],[1015574,1887489],[1015686,1887569],[1015824,1887563],[1015943,1887501],[1016203,1887451],[1016229,1887496],[1016379,1887493],[1016422,1887528],[1016581,1887508],[1016673,1887354],[1016675,1887175],[1016609,1887018],[1016981,1886810],[1017169,1886772],[1017278,1886698],[1017322,1886646],[1017316,1886505],[1017348,1886469],[1017311,1886298],[1017498,1886260],[1017582,1886186],[1017741,1886204],[1017847,1886171],[1018138,1885972],[1018101,1885898],[1018160,1885649],[1018273,1885462],[1018324,1885282],[1018450,1885172],[1018620,1885178],[1018704,1885133],[1018747,1884925],[1019097,1884765],[1019253,1884466],[1019411,1884470],[1019460,1884526],[1019769,1884502],[1019805,1884572],[1020010,1884486],[1020071,1884421],[1020195,1884539],[1020472,1884418],[1020525,1884296],[1020683,1884142],[1020735,1883942],[1020850,1883933],[1021075,1884003],[1021304,1883802],[1021471,1883818],[1021589,1883924],[1021775,1883990],[1021826,1884155],[1022166,1884213],[1022266,1884186],[1022520,1884423],[1022651,1884080],[1022729,1884066],[1022773,1884097],[1022762,1884001],[1022824,1883878],[1022872,1883917],[1022981,1883852],[1023023,1883681],[1023378,1883371],[1023492,1883137],[1023219,1882963],[1023361,1882885],[1023488,1882530],[1023583,1882410],[1023758,1882473],[1023899,1882299],[1023961,1882286],[1024049,1882078],[1024200,1882011],[1024225,1881888],[1024319,1881853],[1024410,1881745],[1024546,1881698],[1024713,1881807],[1024841,1881800],[1025019,1881869],[1025087,1881916],[1025178,1882086],[1025322,1882186],[1025525,1882106],[1025649,1882129],[1025684,1881751],[1025542,1881548],[1025625,1881501],[1025686,1881402],[1025661,1881233],[1025620,1881201],[1025743,1881180],[1025688,1880979],[1025738,1880900],[1025603,1880879],[1025401,1880728],[1025287,1880754],[1025067,1880681],[1025108,1880554],[1025208,1880525],[1025191,1880465],[1025269,1880203],[1025257,1880073],[1025310,1879957],[1025374,1879921],[1025439,1879937],[1025541,1879758],[1025790,1879743],[1025875,1879873],[1025982,1879843],[1026113,1879876],[1026220,1879805],[1026244,1879728],[1026168,1879603],[1026335,1879490],[1026387,1879394],[1026391,1879203],[1026571,1878982],[1026505,1878580],[1026517,1878449],[1026591,1878327],[1026497,1878312],[1025998,1878443],[1025939,1878502],[1026017,1878670],[1025991,1878762],[1025378,1878654],[1025522,1878391],[1025804,1878299],[1025962,1878199],[1026024,1878131],[1026047,1877937],[1026005,1877739],[1025787,1877655],[1025774,1877548],[1025582,1877392],[1025628,1877251],[1025678,1876650],[1025784,1876399],[1025738,1876075],[1025642,1875855],[1025410,1875743],[1025254,1875825],[1025160,1875751],[1024855,1875698],[1024743,1875621],[1024591,1875618],[1024490,1875546],[1024312,1875553],[1024132,1875509],[1024057,1875350],[1023766,1875198],[1023622,1875341],[1023607,1875403],[1023391,1875499],[1023253,1875416],[1023247,1875324],[1023047,1875093],[1022955,1875114],[1022663,1875054],[1022583,1875079],[1022501,1875195],[1022329,1875034],[1022096,1875155],[1022068,1875356],[1021872,1875555],[1021699,1875489],[1021344,1875621],[1021208,1875534],[1021166,1875622],[1020963,1875764],[1020666,1875621],[1020531,1875607],[1020343,1875701],[1020316,1875765],[1020197,1875726],[1020071,1875777],[1019964,1875732],[1019939,1875618],[1019855,1875563],[1019575,1875487],[1019488,1875553],[1019271,1875452],[1019192,1875487],[1019115,1875632],[1019022,1875594],[1018993,1875646],[1018842,1875631],[1018762,1875559],[1018586,1875586],[1018512,1875314],[1018054,1875555],[1017840,1875567],[1017748,1875743],[1017647,1875831],[1017517,1875769],[1017286,1875769],[1017217,1875623],[1017089,1875615],[1017124,1875526],[1017080,1875464],[1017097,1875393],[1016913,1874824],[1016730,1874718],[1016657,1874554],[1016568,1874484],[1016548,1874175],[1016593,1874115],[1016600,1873919],[1016682,1873819],[1016626,1873529],[1016589,1873472],[1016410,1873434],[1016340,1873179],[1016365,1873118],[1016077,1872769],[1015933,1872722],[1015848,1872606],[1015855,1872538],[1015696,1872531],[1015693,1872648],[1015579,1872779],[1015372,1872816],[1015272,1872957],[1015084,1872981],[1015020,1873172],[1014919,1873227],[1014896,1873286],[1014766,1873326],[1014626,1873294],[1014547,1873317],[1014386,1873515],[1014045,1873566],[1013946,1873618],[1013852,1873627],[1013764,1873585],[1013682,1873641],[1013584,1873634],[1013438,1873521],[1013240,1873534],[1013176,1873461],[1012876,1873310],[1012875,1873204],[1012785,1873185],[1012660,1873065],[1012579,1872851],[1012503,1872779],[1012400,1872476],[1012313,1872398],[1012262,1872088],[1012111,1872133],[1012056,1872114],[1011900,1871965],[1011679,1871890],[1011593,1871721],[1011414,1871713],[1011380,1871636],[1011269,1871596],[1011198,1871231],[1011141,1871061],[1011074,1871007],[1011036,1870828],[1010744,1870980],[1010699,1870971],[1010545,1870891],[1010382,1870630],[1010304,1870638],[1010272,1870688],[1010283,1870791],[1010136,1870837],[1010111,1870921],[1010151,1871187],[1010090,1871237],[1010119,1871356],[1010099,1871732],[1010033,1871865],[1009982,1871885],[1010006,1872020],[1009948,1872058],[1009940,1872178],[1010084,1872578],[1010145,1872611],[1010203,1872784],[1010292,1872749],[1010336,1872826],[1010473,1873280],[1010394,1873385],[1010208,1873330],[1010138,1873354],[1009926,1873159],[1009894,1873068],[1009843,1873087],[1009580,1872883],[1009514,1872780],[1009438,1872824],[1009306,1872817],[1009308,1872733],[1009201,1872631],[1008950,1872721],[1008606,1872598],[1008376,1873024],[1008316,1873041],[1008257,1873188],[1008192,1873244],[1008131,1873289],[1008070,1873230],[1007912,1873277],[1007759,1873225],[1007699,1873265],[1007663,1873467],[1007448,1873538],[1007263,1873483],[1006996,1873278],[1006931,1873026],[1006979,1872793],[1006741,1873280],[1006733,1873350],[1006937,1873810],[1006944,1873890],[1006830,1874046],[1006920,1874146],[1006944,1874256],[1007245,1874264],[1007586,1874659],[1007547,1875033],[1007579,1875149],[1007437,1875332],[1007111,1875529],[1006929,1875724],[1006869,1875680],[1006765,1875747],[1006545,1875489],[1006442,1875460],[1006412,1875589],[1006371,1875572],[1006413,1875621],[1006405,1875850],[1006109,1876382],[1005967,1876418],[1005985,1876325],[1005916,1876106],[1005942,1876047],[1005584,1875994],[1005474,1876059],[1005398,1876292],[1005416,1876376],[1005325,1876479],[1005192,1876450],[1005125,1876382],[1005037,1876450],[1004959,1876430],[1004887,1876710],[1004957,1876908],[1004920,1877003],[1004691,1877132],[1004620,1877291],[1004783,1877524],[1004883,1877580],[1004886,1877687],[1004937,1877739],[1004919,1877802],[1004970,1877863],[1004883,1877899],[1004785,1877824],[1004631,1877845],[1004623,1877877],[1004479,1877875],[1004317,1878021],[1004224,1877956],[1004191,1878049],[1004097,1878066],[1004125,1878073],[1004098,1878177],[1004154,1878251],[1004087,1878321],[1004106,1878351],[1003900,1878469],[1003923,1878545],[1003646,1878649],[1003470,1878882],[1003130,1879114],[1003178,1879191],[1003012,1879294],[1002950,1879264],[1002906,1879319],[1002802,1879338],[1002619,1879202],[1002427,1879170],[1002350,1879230],[1002356,1879321],[1002198,1879427],[1002082,1879612],[1002005,1879957],[1002035,1880003],[1001932,1880143],[1001836,1880162],[1001761,1880308],[1001728,1880502],[1001570,1880478],[1001444,1880689],[1001179,1880827],[1001231,1881022],[1001055,1881158],[1001009,1881396],[1000787,1881207],[1000779,1881277],[1000678,1881337],[1000663,1881447],[1000444,1881625],[1000309,1881605],[1000231,1881549],[999967,1881529],[999993,1881647],[999902,1881734],[999867,1881838],[999697,1881933],[999360,1882264],[999307,1882241],[999162,1882289],[999078,1882284],[999064,1882237],[998766,1882256],[998655,1882135],[998505,1882077],[998457,1882012],[998455,1881822],[998329,1881704],[998061,1881950],[997911,1881998],[997588,1881938],[997385,1881961],[997162,1882216],[997099,1882229],[997018,1882318],[997008,1882436],[996895,1882633],[996827,1882938],[996773,1883000],[996798,1883157],[996749,1883336],[996623,1883247],[996395,1883301],[996227,1883188],[995765,1883306],[995587,1883317],[995513,1883284],[995383,1883381],[995371,1883481],[995306,1883502],[995261,1883670],[995215,1884158],[995165,1884286],[995181,1884409],[995135,1884484],[995178,1884628],[995262,1884672],[995229,1884772],[995380,1884830],[995405,1884979],[995489,1884946],[995601,1884974],[995647,1884940],[995692,1884797],[995737,1884822],[995813,1884796],[995841,1884682],[995986,1884694],[996030,1884757],[996037,1884945],[996197,1885055],[996179,1885247],[996060,1885325],[996105,1885423],[996007,1885515],[995985,1885638],[995905,1885711],[995939,1885857],[995879,1886044],[995896,1886188],[995768,1886323],[995697,1886255],[995603,1886302],[995488,1886504],[995488,1886718],[995436,1886865],[995565,1886962],[995579,1887051],[995521,1887141],[995418,1887511],[995379,1887939],[995431,1887936],[995437,1888383],[995560,1888376],[995544,1888440],[995594,1888517],[995384,1888798],[995334,1889133],[995368,1889213],[995447,1889256],[995394,1889361],[995559,1889483],[995472,1889541],[995424,1889654],[995400,1889896],[995466,1890151],[995293,1890266],[995298,1890386],[995428,1890515],[995474,1890752],[995427,1890778],[995404,1890893],[995504,1890994],[995529,1891098],[995606,1891116],[995635,1891200],[995706,1891218],[995782,1891318],[995850,1891280],[995882,1891416],[995983,1891431],[996212,1891315],[996297,1891329],[996377,1891576],[996375,1891767],[996419,1891839],[996262,1892384],[996109,1892422],[996118,1892513],[996276,1892723],[996307,1892886],[996411,1893012],[996383,1893180],[996416,1893288],[996342,1893435],[996239,1893525],[996193,1893520],[996163,1893741],[996213,1893773],[996228,1893899],[996353,1893951],[996473,1894178],[996550,1894255],[996615,1894256],[996748,1894402],[996762,1894473],[996757,1894402],[997189,1894643],[997107,1894881],[997174,1894991],[997303,1895032],[997354,1895003],[997502,1895026],[997541,1894958],[997787,1894927],[997971,1895008],[998156,1894981],[998342,1895005],[998386,1895050],[998526,1895005],[998610,1895031],[998677,1895122],[998775,1895143],[999039,1894906],[999131,1894915],[999144,1894821],[999407,1894664],[999702,1894395],[999918,1894335],[1000310,1894440],[1000404,1894383],[1000791,1894540],[1000905,1894767],[1000891,1894924],[1001024,1895086],[1001029,1895221],[1001113,1895308],[1001372,1895430],[1001427,1895527],[1001466,1895494],[1001624,1895536],[1001652,1895443],[1001753,1895359],[1002044,1895210],[1002331,1895212],[1002482,1895172],[1002704,1895247],[1002844,1895230],[1002916,1895181],[1002943,1895003],[1003083,1894826],[1003389,1894722],[1003642,1894686],[1003831,1894502],[1004131,1894346],[1004542,1894044],[1004727,1894055],[1004946,1893861],[1004866,1893806],[1004857,1893703],[1005054,1893635],[1005184,1893754],[1005505,1893925],[1005553,1894029],[1005965,1894331],[1006090,1894337],[1006184,1894403],[1006133,1894493],[1006045,1894511],[1006045,1894684],[1005971,1894800],[1005968,1894876],[1006025,1894926],[1006012,1895067],[1006069,1895262],[1005925,1895377],[1005754,1895631],[1005775,1895781],[1005885,1896086],[1005975,1896108],[1006111,1896308],[1006246,1896421],[1006280,1896536],[1006258,1896590],[1006403,1896728],[1006517,1896774],[1006592,1896953],[1006556,1896990],[1006610,1896974],[1006710,1897170],[1006852,1897261],[1006931,1897418],[1007185,1897425],[1007307,1897347],[1007314,1897410],[1007382,1897433],[1007579,1897328],[1007753,1897326],[1007879,1897159],[1007935,1897139],[1008045,1897204],[1008172,1897148],[1008465,1897255],[1008558,1897239],[1008684,1897169],[1008780,1896942],[1008846,1896891],[1008999,1896937],[1009076,1896888],[1009151,1896667],[1009350,1896703],[1009254,1896888],[1009273,1897257],[1009340,1897381],[1009328,1897510],[1009226,1897586],[1009106,1897810],[1008963,1897930],[1008848,1898111],[1008909,1898428],[1008848,1898584],[1008623,1898618],[1008573,1898650],[1008548,1898767],[1008452,1898822],[1008558,1898853],[1008870,1898638],[1008924,1898762],[1008994,1898795],[1009234,1898767],[1009263,1898683],[1009420,1898651],[1009949,1898743],[1010113,1898829],[1010317,1899037],[1010613,1899214],[1010612,1899070],[1010840,1899275],[1011713,1899768],[1011942,1900088],[1012013,1900609],[1011917,1900966],[1012082,1901550],[1012107,1901764],[1011999,1901898],[1011938,1902165],[1011824,1902395],[1011894,1902429],[1011901,1902793],[1011986,1903146],[1012006,1903459],[1012115,1903764],[1012141,1904239],[1012235,1904729],[1012206,1904821],[1011983,1905005],[1011723,1905366],[1011645,1905366],[1011645,1905468],[1011417,1905817],[1011318,1905896],[1011313,1906109],[1011394,1906292],[1011568,1906160]]]}},{"type":"Feature","properties":{"sgis_cd":"33580","datalab_cd":"43800","name":"단양군"},"geometry":{"type":"Polygon","coordinates":[[[1078502,1906948],[1078535,1906956],[1078919,1906579],[1079123,1906637],[1079277,1906603],[1079255,1906446],[1079316,1906351],[1079314,1906263],[1079346,1906226],[1079404,1906235],[1079510,1906133],[1079507,1906072],[1079601,1905915],[1079789,1905824],[1079865,1905826],[1080003,1905731],[1080145,1905141],[1080258,1904928],[1080233,1904874],[1080096,1904804],[1080065,1904702],[1080102,1904612],[1080054,1904461],[1080097,1904393],[1080017,1904313],[1080009,1904228],[1079772,1904040],[1079756,1903924],[1079679,1903864],[1079589,1903699],[1080457,1903529],[1080594,1903462],[1080932,1902995],[1081013,1902978],[1081117,1902872],[1081298,1902789],[1081387,1902853],[1081595,1902744],[1081734,1902544],[1081725,1902355],[1081830,1902068],[1082055,1901908],[1081933,1901675],[1081970,1901590],[1081935,1901412],[1082020,1900910],[1082167,1900824],[1082647,1900963],[1082641,1901144],[1082685,1901305],[1083123,1901615],[1083085,1901833],[1083173,1901891],[1083502,1901669],[1083758,1901592],[1083949,1901263],[1084111,1901570],[1084478,1901945],[1084629,1901876],[1084876,1901892],[1085003,1901764],[1085121,1901720],[1085401,1901745],[1085443,1901710],[1085504,1901745],[1085857,1901666],[1085844,1901689],[1086020,1901721],[1086388,1901685],[1086469,1901721],[1086877,1901725],[1087006,1901856],[1087147,1901897],[1087235,1902011],[1087224,1902175],[1087279,1902262],[1087465,1902535],[1087557,1902576],[1087669,1902832],[1087899,1902940],[1088033,1903253],[1088524,1903477],[1088684,1903250],[1089103,1902803],[1089143,1902673],[1089435,1902338],[1089800,1902177],[1089842,1901835],[1090066,1901300],[1090145,1900782],[1090236,1900994],[1090496,1900845],[1090575,1900889],[1090700,1900887],[1090797,1900982],[1091075,1900805],[1091321,1900814],[1091630,1900650],[1091896,1900442],[1092032,1899750],[1092146,1899559],[1092262,1899504],[1092567,1899441],[1092827,1899284],[1093062,1899253],[1093298,1899134],[1093361,1899175],[1093662,1899183],[1093913,1899256],[1094356,1899595],[1094636,1899423],[1094866,1899379],[1095025,1899211],[1095179,1899158],[1095133,1898964],[1095300,1898895],[1095399,1898800],[1095496,1898618],[1096147,1898665],[1096279,1898564],[1096625,1898481],[1096767,1898484],[1096960,1898307],[1097050,1898285],[1097162,1898312],[1097202,1898363],[1097243,1898459],[1097237,1898587],[1097330,1898663],[1097494,1898763],[1097616,1898770],[1097700,1898730],[1097733,1898784],[1097691,1898838],[1097913,1898839],[1097949,1898744],[1097848,1898590],[1097864,1898374],[1097921,1898328],[1098039,1898322],[1098207,1898432],[1098213,1898278],[1098346,1898135],[1098484,1898230],[1098655,1898499],[1098777,1898490],[1098840,1898586],[1099106,1898722],[1099326,1898986],[1099335,1899087],[1099601,1899166],[1099776,1899343],[1099950,1899015],[1100285,1898675],[1100238,1898582],[1100203,1898245],[1100286,1898142],[1100287,1897990],[1100763,1897681],[1100839,1897502],[1101107,1897678],[1101261,1897503],[1101381,1897546],[1101578,1897518],[1101758,1897330],[1101870,1897337],[1102289,1896979],[1102423,1896938],[1102375,1896816],[1102406,1896721],[1102279,1896614],[1102200,1896639],[1101899,1896448],[1101772,1896288],[1101516,1895799],[1101305,1895654],[1101279,1895488],[1101149,1895547],[1101075,1895478],[1101175,1895382],[1101167,1895324],[1101055,1895190],[1101066,1895121],[1101000,1894953],[1100848,1894725],[1100783,1894326],[1100740,1894285],[1100752,1894150],[1100335,1894328],[1100138,1894511],[1100011,1894693],[1099848,1894676],[1099749,1894824],[1099778,1894961],[1099743,1895090],[1099388,1895262],[1098676,1895405],[1098558,1895491],[1098443,1895149],[1098519,1894890],[1098409,1894752],[1098452,1894552],[1098423,1894444],[1098279,1894435],[1098196,1894487],[1097965,1894517],[1097647,1894403],[1097640,1894307],[1097540,1894253],[1097153,1894262],[1096997,1894395],[1096705,1894394],[1096634,1894442],[1096578,1894374],[1096354,1894458],[1096232,1894335],[1096097,1893952],[1095946,1893858],[1095848,1893655],[1095849,1893546],[1095547,1893527],[1095425,1893582],[1095158,1893451],[1095099,1893462],[1094779,1893086],[1094760,1892996],[1094891,1892848],[1094900,1892473],[1095071,1892317],[1095099,1892224],[1095304,1892131],[1095411,1892032],[1095438,1891903],[1095308,1891605],[1095299,1891361],[1095219,1891145],[1095114,1891008],[1095027,1890969],[1094961,1890867],[1094612,1890710],[1094566,1890461],[1094440,1890440],[1094092,1890221],[1093948,1890211],[1093874,1889974],[1093935,1889892],[1093925,1889587],[1093846,1889455],[1093849,1889387],[1093242,1888965],[1093194,1888884],[1093051,1888941],[1092920,1888743],[1092816,1888688],[1092720,1888699],[1092432,1888552],[1092361,1888605],[1092151,1888474],[1091705,1888490],[1091630,1888533],[1091409,1888449],[1091305,1888448],[1091146,1888350],[1091057,1888342],[1091014,1888286],[1090569,1888144],[1090499,1888089],[1090370,1888077],[1090387,1887717],[1090298,1887599],[1090234,1887363],[1090304,1887051],[1089874,1886718],[1089580,1886557],[1089611,1886212],[1089216,1885964],[1089022,1885922],[1088946,1885835],[1088471,1885572],[1088206,1885489],[1088090,1885491],[1087812,1885317],[1087761,1885260],[1087775,1885181],[1087682,1884793],[1087374,1884837],[1086983,1884782],[1086844,1884717],[1086727,1884577],[1086638,1884546],[1086564,1884450],[1086111,1884109],[1086103,1884028],[1085725,1883653],[1085786,1883252],[1085505,1882579],[1085527,1882167],[1085215,1882134],[1085209,1882175],[1085134,1882168],[1084843,1881796],[1084644,1881801],[1084257,1881573],[1084203,1881502],[1083860,1881412],[1084002,1880914],[1083978,1880581],[1084190,1880313],[1084122,1880056],[1084156,1879900],[1084011,1879755],[1084010,1879510],[1083844,1878982],[1083835,1878845],[1083759,1878696],[1083772,1878515],[1083675,1878439],[1083620,1878445],[1083574,1878333],[1083439,1878188],[1083409,1878050],[1083183,1877865],[1083033,1877578],[1082780,1877486],[1082774,1877418],[1082701,1877379],[1082582,1877172],[1082709,1876676],[1082650,1876558],[1082679,1876516],[1082659,1876394],[1082614,1876287],[1082414,1876077],[1082345,1875759],[1082428,1875753],[1082561,1875650],[1082725,1875599],[1082816,1875654],[1083036,1875656],[1083460,1875451],[1083637,1875410],[1083739,1875173],[1084004,1874853],[1084080,1874879],[1084129,1874833],[1084500,1874433],[1084602,1874266],[1084486,1874109],[1084496,1873795],[1084445,1873592],[1084502,1873539],[1084504,1873449],[1084393,1873210],[1084536,1872994],[1084517,1872942],[1084581,1872805],[1084610,1872598],[1084445,1872411],[1084436,1872132],[1084032,1871755],[1084033,1871624],[1083950,1871456],[1083760,1871312],[1083295,1871066],[1083315,1870928],[1083219,1870485],[1083257,1870342],[1083122,1869946],[1083044,1869821],[1082937,1869766],[1082765,1869588],[1082720,1869409],[1082592,1869309],[1082585,1869035],[1082526,1868910],[1082162,1868577],[1082103,1868543],[1081661,1868626],[1081434,1868511],[1081006,1868616],[1080817,1868577],[1080580,1868599],[1080453,1868657],[1080243,1868676],[1079770,1868894],[1079569,1868840],[1079170,1868831],[1078918,1868768],[1078603,1868773],[1078373,1868463],[1078289,1868447],[1078172,1868283],[1078084,1868249],[1078010,1868145],[1077900,1868078],[1077852,1867826],[1077467,1867453],[1077281,1867566],[1077143,1867525],[1077082,1867465],[1077030,1867530],[1076964,1867481],[1076898,1867589],[1076831,1867534],[1076795,1867597],[1076835,1867629],[1076814,1867657],[1076696,1867712],[1076600,1867841],[1076543,1867840],[1076454,1867915],[1076470,1868172],[1076421,1868391],[1076190,1868455],[1076100,1868592],[1075925,1868644],[1075658,1868650],[1075011,1868818],[1074677,1868931],[1074425,1869077],[1074276,1869078],[1073997,1868986],[1073782,1869054],[1073510,1868959],[1073213,1868920],[1072980,1869062],[1072819,1869030],[1072760,1869114],[1072770,1869303],[1072719,1869372],[1072803,1869540],[1072751,1869706],[1072687,1869769],[1072574,1869793],[1072506,1869959],[1072379,1869956],[1072371,1870046],[1072317,1870062],[1072262,1870174],[1072296,1870336],[1072137,1870393],[1072054,1870351],[1071862,1870382],[1071753,1870455],[1071724,1870558],[1071484,1870794],[1071232,1870887],[1071145,1871021],[1070945,1871087],[1070702,1871542],[1070498,1871737],[1070386,1871993],[1070127,1872155],[1070032,1872407],[1070042,1872681],[1069749,1873413],[1069550,1873477],[1069445,1873448],[1069191,1873491],[1069080,1873592],[1068725,1873727],[1068655,1873815],[1068510,1873839],[1068392,1874092],[1068255,1874157],[1068190,1874260],[1068022,1874256],[1067850,1874351],[1067690,1874360],[1067484,1874446],[1067418,1874530],[1067321,1874490],[1067024,1874569],[1066783,1874758],[1066566,1874822],[1066115,1875151],[1066204,1875276],[1066172,1875783],[1066292,1876008],[1066374,1876106],[1066455,1876112],[1066525,1876173],[1066617,1876351],[1066915,1876533],[1066718,1876736],[1066587,1876946],[1066521,1876954],[1066276,1877221],[1066249,1877401],[1066312,1877704],[1066269,1877810],[1066389,1878063],[1066380,1878264],[1066477,1878775],[1066435,1878990],[1066264,1879065],[1066207,1879163],[1066124,1879511],[1065919,1879707],[1065737,1879745],[1065623,1880060],[1065666,1880700],[1065598,1880797],[1065603,1880980],[1065555,1881027],[1065597,1881310],[1065555,1881611],[1065508,1881622],[1065565,1881623],[1065575,1881947],[1065790,1882077],[1065783,1882169],[1065921,1882168],[1066027,1882388],[1066087,1882394],[1066149,1882320],[1066295,1882302],[1066388,1882382],[1066522,1882427],[1066547,1882578],[1066376,1882732],[1066323,1882867],[1066450,1882932],[1066548,1883085],[1066547,1883177],[1066642,1883151],[1066883,1882936],[1066966,1882980],[1067039,1882965],[1067236,1883107],[1067299,1883111],[1067482,1883392],[1067496,1883473],[1067650,1883641],[1067767,1883704],[1067935,1883673],[1067912,1883695],[1067981,1883726],[1068074,1883882],[1068065,1884039],[1067804,1884148],[1067746,1884245],[1067632,1884318],[1067698,1884406],[1067829,1884479],[1068244,1884981],[1068113,1885053],[1068001,1885286],[1067830,1885408],[1067885,1885558],[1067857,1885649],[1067793,1885742],[1067651,1885828],[1067690,1886094],[1067646,1886305],[1067591,1886332],[1067634,1886638],[1067583,1886957],[1067371,1887631],[1067323,1887643],[1067264,1887827],[1067417,1888044],[1067409,1888190],[1067458,1888298],[1067432,1888391],[1067496,1888586],[1067339,1888854],[1067146,1888931],[1067083,1889044],[1067113,1889084],[1067268,1889106],[1067368,1889207],[1067409,1889342],[1067342,1889551],[1067382,1889586],[1067315,1889781],[1067247,1889851],[1067268,1889939],[1067193,1890116],[1067083,1890191],[1067126,1890244],[1067078,1890363],[1066907,1890482],[1066817,1890498],[1066770,1890619],[1066622,1890721],[1066577,1890788],[1066571,1890916],[1066461,1890990],[1066353,1891174],[1066335,1891346],[1066215,1891500],[1066172,1891655],[1065976,1891816],[1065858,1891990],[1065597,1892112],[1065338,1892068],[1065177,1892101],[1064982,1892035],[1064758,1892021],[1064629,1892115],[1064625,1892203],[1064490,1892322],[1064506,1892419],[1064401,1892696],[1064460,1892985],[1064428,1893108],[1064185,1893291],[1063776,1893445],[1063874,1893680],[1064027,1893915],[1064102,1893959],[1063934,1894385],[1064024,1894440],[1064056,1894524],[1064035,1894704],[1064116,1894800],[1064113,1894852],[1063919,1895043],[1063932,1895192],[1063826,1895327],[1064134,1895466],[1064185,1895523],[1064216,1895711],[1064456,1895817],[1064435,1895995],[1064488,1896219],[1064953,1896321],[1065187,1896509],[1065381,1896503],[1065503,1896568],[1065654,1896835],[1065667,1897063],[1065628,1897212],[1065725,1897393],[1065727,1897478],[1065968,1897616],[1066144,1897775],[1066380,1897851],[1066600,1897652],[1066742,1897764],[1066751,1897974],[1066910,1898173],[1067027,1898224],[1067124,1898424],[1067295,1898510],[1067562,1898489],[1067587,1898418],[1067673,1898429],[1067706,1898499],[1067859,1898617],[1068001,1898683],[1068036,1898743],[1068103,1898749],[1068268,1899005],[1068355,1899050],[1068393,1899032],[1068422,1899137],[1068339,1899177],[1068160,1899032],[1068072,1899135],[1067932,1899111],[1067943,1899220],[1067804,1899347],[1067750,1899346],[1067647,1899719],[1067673,1899940],[1067500,1900324],[1067211,1900445],[1067210,1900580],[1067342,1900685],[1067451,1900874],[1067534,1900895],[1067685,1901113],[1067812,1901207],[1067761,1901312],[1067816,1901373],[1067872,1901298],[1067924,1901345],[1068024,1901291],[1068142,1901384],[1068092,1901524],[1068176,1901680],[1068176,1901928],[1068283,1901925],[1068432,1901838],[1068444,1902140],[1068677,1902319],[1068768,1902319],[1068808,1902249],[1069083,1902188],[1069182,1901973],[1069104,1901629],[1069238,1901529],[1069349,1901337],[1069490,1901427],[1069834,1901048],[1069847,1900901],[1069940,1900682],[1070256,1900543],[1070430,1900408],[1070552,1900231],[1070677,1900289],[1070899,1900313],[1070980,1900385],[1071088,1900283],[1071150,1900288],[1071428,1900489],[1071502,1900785],[1071618,1901025],[1071588,1901208],[1071657,1901450],[1071827,1901550],[1071872,1901778],[1071819,1902066],[1071591,1902175],[1071444,1902373],[1071363,1902892],[1071382,1903189],[1071339,1903443],[1071394,1903591],[1071368,1903663],[1071257,1903728],[1071156,1903924],[1071059,1904005],[1071025,1904192],[1070906,1904241],[1071120,1904364],[1071143,1904439],[1071618,1904618],[1071574,1904840],[1071876,1905206],[1071891,1905441],[1072032,1905538],[1072122,1905452],[1072529,1905739],[1072689,1905772],[1072801,1905709],[1072998,1905927],[1073090,1905849],[1073240,1905802],[1073350,1905918],[1073478,1906344],[1073511,1906352],[1073634,1906242],[1073765,1906059],[1073974,1906306],[1074011,1906297],[1074136,1906592],[1074096,1906687],[1074121,1906747],[1074187,1906828],[1074424,1906924],[1074493,1906887],[1074629,1906926],[1074818,1906689],[1074892,1906730],[1075065,1906709],[1075212,1906830],[1075265,1906755],[1075317,1906756],[1075364,1906810],[1075520,1906816],[1075545,1906876],[1075609,1906859],[1075830,1906668],[1075975,1906439],[1076215,1906295],[1076344,1906068],[1076560,1906345],[1076595,1906483],[1076759,1906740],[1076755,1906894],[1076837,1906895],[1077066,1906542],[1077191,1906619],[1077621,1906442],[1077772,1906424],[1077852,1906246],[1077885,1906243],[1077981,1906251],[1077973,1906400],[1078033,1906485],[1078030,1906579],[1078186,1906614],[1078270,1906725],[1078305,1906641],[1078337,1906720],[1078434,1906795],[1078466,1906973],[1078502,1906948]]]}},{"type":"Feature","properties":{"sgis_cd":"33590","datalab_cd":"43745","name":"증평군"},"geometry":{"type":"Polygon","coordinates":[[[1007439,1873519],[1007663,1873467],[1007699,1873265],[1007759,1873225],[1007912,1873277],[1008070,1873230],[1008131,1873289],[1008192,1873244],[1008257,1873188],[1008316,1873041],[1008376,1873024],[1008606,1872598],[1008950,1872721],[1009201,1872631],[1009308,1872733],[1009306,1872817],[1009438,1872824],[1009514,1872780],[1009580,1872883],[1009843,1873087],[1009894,1873068],[1009926,1873159],[1010138,1873354],[1010208,1873330],[1010394,1873385],[1010473,1873280],[1010336,1872826],[1010292,1872749],[1010203,1872784],[1010145,1872611],[1010084,1872578],[1009940,1872178],[1009948,1872058],[1010006,1872020],[1009982,1871885],[1010033,1871865],[1010099,1871732],[1010119,1871356],[1010090,1871237],[1010151,1871187],[1010111,1870921],[1010136,1870837],[1010283,1870791],[1010272,1870688],[1010304,1870638],[1010411,1870647],[1010545,1870891],[1010699,1870971],[1010744,1870980],[1011036,1870828],[1011074,1871007],[1011141,1871061],[1011198,1871231],[1011269,1871596],[1011380,1871636],[1011414,1871713],[1011593,1871721],[1011679,1871890],[1011900,1871965],[1012056,1872114],[1012111,1872133],[1012262,1872088],[1012244,1871971],[1012409,1871715],[1012405,1871602],[1012343,1871521],[1012356,1871441],[1012179,1871221],[1012141,1870998],[1011954,1870920],[1011948,1870735],[1011822,1870351],[1011742,1870262],[1011673,1870252],[1011604,1870040],[1011642,1869964],[1011633,1869724],[1011550,1869596],[1011592,1869390],[1011530,1869272],[1011614,1869012],[1011582,1868929],[1011645,1868809],[1011603,1868680],[1011713,1868544],[1012048,1868273],[1012080,1868117],[1012040,1867857],[1011972,1867796],[1011954,1867689],[1012005,1867641],[1012076,1867673],[1012124,1867605],[1012088,1867478],[1012138,1867395],[1012500,1867262],[1012519,1867051],[1012639,1867025],[1012662,1866963],[1012322,1866389],[1012222,1866356],[1012019,1866158],[1011326,1866236],[1011362,1866125],[1011344,1865979],[1011182,1865926],[1011267,1865818],[1011241,1865749],[1011196,1865693],[1011043,1865712],[1010945,1865586],[1010869,1865533],[1010791,1865532],[1010787,1865240],[1010829,1865053],[1010770,1864872],[1010751,1864587],[1010782,1864503],[1010896,1864495],[1010970,1864553],[1011125,1864328],[1011247,1864340],[1011354,1864286],[1011427,1863948],[1011540,1863934],[1011454,1863733],[1011444,1863572],[1011337,1863344],[1011337,1863244],[1011205,1863091],[1011137,1862791],[1011075,1862710],[1011077,1862558],[1011038,1862524],[1011191,1862416],[1011258,1862414],[1011268,1862325],[1011337,1862313],[1011358,1862149],[1011433,1862044],[1011551,1862024],[1011601,1861957],[1011589,1861878],[1011666,1861797],[1011741,1861783],[1011856,1861589],[1011935,1861538],[1012019,1861579],[1012098,1861565],[1012117,1861442],[1012047,1861189],[1012121,1861143],[1012084,1860994],[1012193,1860822],[1012124,1860726],[1012131,1860662],[1012194,1860603],[1012143,1860369],[1012255,1860242],[1012272,1860134],[1012340,1860140],[1012404,1860018],[1012364,1859864],[1012406,1859398],[1012471,1859333],[1012621,1859310],[1012708,1859374],[1012833,1859353],[1012887,1859389],[1013018,1859385],[1013112,1859476],[1013393,1859412],[1013414,1859524],[1013486,1859560],[1013487,1859670],[1013622,1859729],[1013774,1859691],[1013778,1859602],[1013875,1859562],[1014001,1859404],[1014258,1859348],[1014470,1859390],[1014594,1859289],[1014692,1859110],[1014686,1858972],[1014629,1858854],[1014531,1858678],[1014453,1858647],[1014485,1858567],[1014414,1858263],[1014478,1858076],[1014428,1857938],[1014479,1857698],[1014560,1857581],[1014527,1857454],[1014405,1857418],[1014401,1857352],[1014208,1857039],[1014204,1856886],[1014074,1856674],[1013920,1856516],[1013830,1856277],[1013591,1856127],[1013505,1856012],[1013408,1856021],[1013198,1855930],[1012964,1856025],[1012883,1856106],[1012719,1856078],[1012622,1856236],[1012613,1856415],[1012411,1856548],[1012347,1856671],[1012077,1856758],[1011908,1856766],[1011870,1856663],[1011697,1856649],[1011595,1856592],[1011376,1856614],[1011309,1856497],[1011240,1856523],[1011162,1856484],[1010986,1856298],[1010633,1856583],[1010533,1856611],[1010574,1856817],[1010539,1857067],[1010602,1857245],[1010614,1857596],[1010538,1857710],[1010308,1857856],[1010325,1858057],[1010255,1858242],[1010288,1858358],[1010163,1858722],[1009934,1858835],[1009900,1858904],[1009947,1859025],[1009766,1859153],[1009852,1859362],[1009825,1859496],[1009862,1859541],[1009871,1859696],[1009705,1859813],[1009669,1859892],[1009704,1859989],[1009641,1860050],[1009655,1860193],[1009504,1860245],[1009521,1860448],[1009469,1860601],[1009361,1860669],[1009314,1860822],[1009208,1860882],[1009185,1860843],[1008969,1860859],[1008775,1860688],[1008711,1860729],[1008569,1860735],[1008513,1860814],[1008387,1860855],[1008341,1860927],[1008263,1860933],[1008107,1861062],[1008050,1861177],[1008102,1861312],[1008037,1861637],[1008062,1861675],[1008031,1861721],[1007904,1861756],[1007781,1861930],[1007889,1862135],[1007937,1862505],[1007798,1862499],[1007656,1862647],[1007465,1862650],[1007319,1862997],[1007104,1863129],[1007057,1863213],[1006877,1863143],[1006855,1863201],[1006698,1863255],[1006393,1863617],[1006348,1863730],[1006166,1863715],[1006051,1863848],[1006012,1863904],[1006034,1864035],[1005942,1864368],[1005888,1864514],[1005788,1864609],[1005771,1864951],[1005426,1865189],[1005468,1865508],[1005236,1865904],[1005247,1865967],[1005119,1866270],[1005107,1866390],[1005048,1866552],[1004960,1866647],[1004923,1866786],[1004819,1866856],[1004627,1866731],[1004540,1866748],[1004442,1866654],[1004294,1866690],[1004011,1866994],[1003845,1867079],[1003844,1867135],[1003627,1867373],[1003586,1867480],[1003330,1867825],[1003657,1868030],[1003745,1868204],[1003999,1868371],[1004270,1868288],[1004463,1868299],[1004592,1868449],[1004794,1868535],[1004965,1868806],[1005096,1868804],[1005320,1868938],[1005399,1869054],[1005469,1868918],[1005631,1868871],[1005733,1868887],[1006002,1869008],[1006075,1869100],[1006182,1869145],[1006309,1869052],[1006430,1869091],[1006490,1869216],[1006574,1869247],[1006833,1869651],[1006854,1869809],[1007065,1870005],[1006986,1870159],[1006885,1870090],[1006770,1870089],[1006422,1869958],[1006367,1869968],[1006173,1870199],[1006238,1870351],[1006260,1870602],[1006123,1871149],[1006198,1871242],[1006471,1871390],[1006492,1871447],[1006381,1871742],[1006446,1871891],[1006434,1871985],[1006543,1872112],[1006377,1872427],[1006578,1872517],[1006807,1872496],[1006878,1872614],[1006976,1872624],[1007009,1872712],[1006931,1873026],[1006996,1873278],[1007263,1873483],[1007439,1873519]]]}}]}